time,close
1997-01-06,500.0
1997-01-07,500.0
1997-01-08,500.0
1997-01-09,500.0
1997-01-10,500.0
1997-01-13,500.0
1997-01-14,500.0
1997-01-15,500.0
1997-01-16,500.0
1997-01-17,500.0
1997-01-20,500.0
1997-01-21,500.0
1997-01-22,500.0
1997-01-23,500.0
1997-01-24,500.0
1997-01-27,500.0
1997-01-28,500.0
1997-01-29,500.0
1997-01-30,500.0
1997-01-31,500.0
1997-02-03,500.0
1997-02-04,500.0
1997-02-05,500.0
1997-02-06,500.0
1997-02-07,500.0
1997-02-10,500.0
1997-02-11,500.0
1997-02-12,500.0
1997-02-13,500.0
1997-02-14,500.0
1997-02-17,500.0
1997-02-18,500.0
1997-02-19,500.0
1997-02-20,500.0
1997-02-21,500.0
1997-02-24,500.0
1997-02-25,500.0
1997-02-26,500.0
1997-02-27,500.0
1997-02-28,500.0
1997-03-03,500.0
1997-03-04,500.0
1997-03-05,500.0
1997-03-06,500.0
1997-03-07,500.0
1997-03-10,500.0
1997-03-11,500.0
1997-03-12,500.0
1997-03-13,500.0
1997-03-14,500.0
1997-03-17,500.0
1997-03-18,500.0
1997-03-19,500.0
1997-03-20,500.0
1997-03-21,500.0
1997-03-24,500.0
1997-03-25,500.0
1997-03-26,500.0
1997-03-27,500.0
1997-03-28,500.0
1997-03-31,505.3
1997-04-01,504.52
1997-04-02,504.41
1997-04-03,506.48
1997-04-04,509.51
1997-04-07,509.01
1997-04-08,509.28
1997-04-09,509.17
1997-04-10,510.91
1997-04-11,510.92
1997-04-14,510.69
1997-04-15,513.38
1997-04-16,513.27
1997-04-17,515.09
1997-04-18,515.57
1997-04-21,516.21
1997-04-22,518.22
1997-04-23,518.11
1997-04-24,521.47
1997-04-25,523.54
1997-04-28,522.61
1997-04-29,524.8
1997-04-30,526.87
1997-05-05,526.07
1997-05-06,527.54
1997-05-07,527.43
1997-05-08,529.72
1997-05-12,530.5
1997-05-13,531.29
1997-05-14,531.17
1997-05-15,535.08
1997-05-16,535.52
1997-05-19,537.13
1997-05-20,538.39
1997-05-21,538.27
1997-05-22,541.15
1997-05-23,542.35
1997-05-26,542.89
1997-05-27,541.48
1997-05-28,541.36
1997-05-29,544.15
1997-05-30,547.83
1997-06-02,548.79
1997-06-03,553.02
1997-06-04,552.89
1997-06-05,557.19
1997-06-06,557.68
1997-06-09,558.67
1997-06-10,560.12
1997-06-11,560.0
1997-06-12,560.0
1997-06-13,562.74
1997-06-16,560.95
1997-06-17,560.39
1997-06-18,560.29
1997-06-19,562.0
1997-06-20,562.51
1997-06-23,563.03
1997-06-24,564.16
1997-06-25,564.06
1997-06-26,564.92
1997-06-27,564.13
1997-06-30,564.55
1997-07-01,564.84
1997-07-02,564.73
1997-07-03,566.87
1997-07-04,568.18
1997-07-07,569.15
1997-07-08,570.79
1997-07-09,570.68
1997-07-10,569.23
1997-07-11,570.55
1997-07-14,570.76
1997-07-15,569.67
1997-07-16,569.57
1997-07-17,570.81
1997-07-18,570.92
1997-07-21,570.55
1997-07-22,571.05
1997-07-23,570.94
1997-07-24,571.73
1997-07-25,572.6
1997-07-28,573.04
1997-07-29,573.46
1997-07-30,573.36
1997-07-31,573.97
1997-08-01,574.44
1997-08-04,574.1
1997-08-05,573.97
1997-08-06,573.87
1997-08-07,574.04
1997-08-08,573.91
1997-08-11,573.29
1997-08-12,573.45
1997-08-13,573.34
1997-08-14,571.67
1997-08-15,572.88
1997-08-18,573.89
1997-08-19,574.83
1997-08-20,574.73
1997-08-21,575.78
1997-08-22,576.26
1997-08-25,576.8
1997-08-26,577.49
1997-08-27,577.39
1997-08-28,578.13
1997-08-29,578.74
1997-09-01,578.42
1997-09-02,578.5
1997-09-03,578.4
1997-09-04,579.89
1997-09-05,580.14
1997-09-08,579.67
1997-09-09,579.36
1997-09-10,579.25
1997-09-11,579.63
1997-09-12,577.21
1997-09-15,578.32
1997-09-16,579.48
1997-09-17,579.38
1997-09-18,580.32
1997-09-19,580.48
1997-09-22,580.66
1997-09-23,580.5
1997-09-24,580.41
1997-09-25,580.8
1997-09-26,580.3
1997-09-29,580.98
1997-09-30,581.64
1997-10-01,581.54
1997-10-02,583.7
1997-10-03,584.78
1997-10-06,584.04
1997-10-07,584.06
1997-10-08,583.95
1997-10-09,584.06
1997-10-10,583.79
1997-10-13,584.15
1997-10-14,584.27
1997-10-15,584.18
1997-10-16,584.59
1997-10-17,584.52
1997-10-20,584.48
1997-10-21,584.53
1997-10-22,584.42
1997-10-23,584.57
1997-10-24,584.88
1997-10-27,584.66
1997-10-28,575.49
1997-10-29,575.38
1997-10-30,582.75
1997-10-31,583.58
1997-11-03,583.89
1997-11-04,584.38
1997-11-05,584.27
1997-11-06,581.14
1997-11-10,569.51
1997-11-11,569.44
1997-11-12,569.38
1997-11-13,571.03
1997-11-14,576.79
1997-11-17,576.2
1997-11-18,574.04
1997-11-19,574.17
1997-11-20,573.53
1997-11-21,573.97
1997-11-24,570.55
1997-11-25,568.34
1997-11-26,568.23
1997-11-27,570.34
1997-11-28,569.6
1997-12-01,551.28
1997-12-02,551.09
1997-12-03,552.99
1997-12-04,561.63
1997-12-05,567.1
1997-12-08,569.28
1997-12-09,570.71
1997-12-10,569.5
1997-12-11,566.55
1997-12-15,565.92
1997-12-16,568.32
1997-12-17,568.21
1997-12-18,573.45
1997-12-19,574.1
1997-12-22,573.75
1997-12-23,574.38
1997-12-24,573.87
1997-12-25,576.06
1997-12-26,576.6
1997-12-29,579.22
1997-12-30,584.32
1997-12-31,584.21
1998-01-05,583.68
1998-01-06,582.33
1998-01-08,582.12
1998-01-09,586.72
1998-01-12,583.9
1998-01-13,583.73
1998-01-14,583.5
1998-01-15,585.09
1998-01-16,586.14
1998-01-19,588.12
1998-01-20,589.9
1998-01-21,590.0
1998-01-22,588.75
1998-01-23,589.32
1998-01-26,581.78
1998-01-27,580.3
1998-01-28,580.2
1998-01-29,572.06
1998-01-30,562.31
1998-02-02,570.99
1998-02-03,571.29
1998-02-04,571.15
1998-02-05,574.45
1998-02-06,579.61
1998-02-09,590.19
1998-02-10,590.81
1998-02-11,590.65
1998-02-12,599.05
1998-02-13,595.86
1998-02-16,597.3
1998-02-17,600.2
1998-02-18,600.2
1998-02-19,604.6
1998-02-20,612.2
1998-02-23,611.88
1998-02-24,611.47
1998-02-25,611.56
1998-02-26,612.82
1998-02-27,616.24
1998-03-02,621.71
1998-03-03,621.71
1998-03-04,621.68
1998-03-05,630.6
1998-03-06,631.02
1998-03-10,630.42
1998-03-11,629.8
1998-03-12,638.12
1998-03-13,643.72
1998-03-16,641.68
1998-03-17,637.75
1998-03-18,637.52
1998-03-19,639.58
1998-03-20,641.06
1998-03-23,631.13
1998-03-24,639.49
1998-03-25,639.15
1998-03-26,643.46
1998-03-27,645.73
1998-03-30,641.06
1998-03-31,631.13
1998-04-01,643.93
1998-04-02,640.47
1998-04-03,639.17
1998-04-06,636.89
1998-04-07,636.04
1998-04-08,635.49
1998-04-09,638.2
1998-04-10,639.88
1998-04-13,639.5
1998-04-14,636.59
1998-04-15,636.32
1998-04-16,643.75
1998-04-17,641.39
1998-04-20,634.18
1998-04-21,633.5
1998-04-22,633.43
1998-04-23,641.03
1998-04-24,647.28
1998-04-27,655.23
1998-04-28,651.85
1998-04-29,651.86
1998-04-30,651.15
1998-05-05,647.91
1998-05-06,647.5
1998-05-07,645.47
1998-05-08,643.94
1998-05-12,638.01
1998-05-13,637.1
1998-05-14,633.68
1998-05-15,622.19
1998-05-18,598.41
1998-05-19,595.75
1998-05-20,596.35
1998-05-21,612.97
1998-05-22,599.11
1998-05-25,586.33
1998-05-26,556.9
1998-05-27,524.38
1998-05-28,540.74
1998-05-29,549.79
1998-06-01,551.5
1998-06-02,547.51
1998-06-03,548.36
1998-06-04,599.34
1998-06-05,593.19
1998-06-08,587.42
1998-06-09,589.67
1998-06-10,589.16
1998-06-11,556.7
1998-06-15,539.93
1998-06-16,542.1
1998-06-17,547.84
1998-06-18,586.5
1998-06-19,578.6
1998-06-22,582.89
1998-06-23,580.31
1998-06-24,580.07
1998-06-25,563.22
1998-06-26,533.71
1998-06-29,520.44
1998-06-30,528.11
1998-07-01,522.32
1998-07-02,522.88
1998-07-03,514.53
1998-07-06,500.65
1998-07-07,472.76
1998-07-08,470.1
1998-07-09,454.19
1998-07-10,450.47
1998-07-13,456.96
1998-07-14,569.21
1998-07-15,583.64
1998-07-16,576.28
1998-07-17,593.42
1998-07-20,607.61
1998-07-21,613.9
1998-07-22,604.99
1998-07-23,595.57
1998-07-24,567.33
1998-07-27,560.22
1998-07-28,541.63
1998-07-29,563.59
1998-07-30,565.54
1998-07-31,575.16
1998-08-03,560.75
1998-08-04,563.89
1998-08-05,559.54
1998-08-06,553.58
1998-08-07,524.68
1998-08-10,527.45
1998-08-11,499.36
1998-08-12,459.2
1998-08-13,421.32
1998-08-14,423.32
1998-08-17,421.09
1998-08-18,420.22
1998-08-19,418.86
1998-08-20,417.04
1998-08-21,414.15
1998-08-24,405.78
1998-08-25,404.06
1998-08-26,398.21
1998-08-27,395.62
1998-08-28,402.02
1998-08-31,279.77
1998-09-01,274.81
1998-09-02,268.15
1998-09-03,259.57
1998-09-04,253.04
1998-09-07,239.98
1998-09-08,228.89
1998-09-09,219.68
1998-09-10,213.14
1998-09-11,208.48
1998-09-14,182.84
1998-09-15,176.62
1998-09-16,170.55
1998-09-17,167.9
1998-09-18,161.7
1998-09-21,139.92
1998-09-22,132.15
1998-09-23,124.6
1998-09-24,117.26
1998-09-25,109.91
1998-09-28,87.46
1998-09-29,82.62
1998-09-30,73.72
1998-10-01,71.44
1998-10-02,76.72
1998-10-05,74.13
1998-10-06,71.98
1998-10-07,70.59
1998-10-08,69.84
1998-10-09,71.3
1998-10-12,72.06
1998-10-13,75.07
1998-10-14,76.13
1998-10-15,77.76
1998-10-16,77.12
1998-10-19,75.85
1998-10-20,76.09
1998-10-21,81.16
1998-10-22,81.5
1998-10-23,82.42
1998-10-26,80.97
1998-10-27,80.85
1998-10-28,85.13
1998-10-29,84.74
1998-10-30,84.63
1998-11-02,84.16
1998-11-03,84.97
1998-11-04,84.68
1998-11-05,84.28
1998-11-06,83.76
1998-11-10,83.2
1998-11-11,83.01
1998-11-12,83.17
1998-11-13,82.89
1998-11-16,82.97
1998-11-17,83.22
1998-11-18,83.76
1998-11-19,84.35
1998-11-20,84.74
1998-11-23,84.76
1998-11-24,84.78
1998-11-25,85.26
1998-11-26,86.24
1998-11-27,85.39
1998-11-30,85.4
1998-12-01,85.42
1998-12-02,85.73
1998-12-03,86.16
1998-12-04,85.86
1998-12-07,86.03
1998-12-08,86.21
1998-12-09,86.17
1998-12-10,86.26
1998-12-11,86.24
1998-12-15,86.13
1998-12-16,86.13
1998-12-17,86.3
1998-12-18,86.32
1998-12-21,86.48
1998-12-22,87.13
1998-12-23,88.39
1998-12-24,88.84
1998-12-25,89.35
1998-12-28,90.17
1998-12-29,90.95
1998-12-30,91.96
1998-12-31,91.95
1999-01-05,91.94
1999-01-06,92.04
1999-01-10,91.76
1999-01-11,91.99
1999-01-12,91.87
1999-01-13,92.0
1999-01-14,92.25
1999-01-15,92.35
1999-01-18,92.04
1999-01-19,92.17
1999-01-20,92.87
1999-01-21,92.81
1999-01-22,92.96
1999-01-25,93.09
1999-01-26,93.2
1999-01-27,93.65
1999-01-28,94.09
1999-01-29,94.41
1999-02-01,95.78
1999-02-02,96.34
1999-02-03,96.16
1999-02-04,96.45
1999-02-05,96.97
1999-02-08,98.02
1999-02-09,98.72
1999-02-10,99.33
1999-02-11,99.27
1999-02-12,98.34
1999-02-15,98.72
1999-02-16,99.05
1999-02-17,99.73
1999-02-18,100.1
1999-02-19,100.29
1999-02-22,100.04
1999-02-23,99.78
1999-02-24,100.13
1999-02-25,99.92
1999-02-26,256.56
1999-03-01,256.42
1999-03-02,256.72
1999-03-03,256.93
1999-03-04,256.74
1999-03-05,254.84
1999-03-09,256.79
1999-03-10,256.93
1999-03-11,266.86
1999-03-12,267.97
1999-03-15,267.36
1999-03-16,268.42
1999-03-17,269.13
1999-03-18,287.78
1999-03-19,306.0
1999-03-22,330.7
1999-03-23,323.91
1999-03-24,300.93
1999-03-25,332.0
1999-03-26,340.39
1999-03-29,331.15
1999-03-30,339.27
1999-03-31,333.15
1999-04-01,327.77
1999-04-02,314.78
1999-04-05,311.96
1999-04-06,316.1
1999-04-07,313.79
1999-04-08,510.75
1999-04-09,510.26
1999-04-12,511.07
1999-04-13,511.0
1999-04-14,510.97
1999-04-15,628.71
1999-04-16,629.61
1999-04-19,637.42
1999-04-20,633.92
1999-04-21,634.5
1999-04-22,741.52
1999-04-23,742.69
1999-04-26,746.59
1999-04-27,749.22
1999-04-28,755.95
1999-04-29,794.15
1999-04-30,825.55
1999-05-05,847.85
1999-05-06,915.69
1999-05-07,914.71
1999-05-11,887.45
1999-05-12,864.96
1999-05-13,885.73
1999-05-14,905.83
1999-05-17,932.54
1999-05-18,937.77
1999-05-19,932.4
1999-05-20,935.66
1999-05-21,954.9
1999-05-24,964.14
1999-05-25,977.64
1999-05-26,953.46
1999-05-27,993.03
1999-05-28,1007.44
1999-05-31,1049.74
1999-06-01,1069.96
1999-06-02,1095.55
1999-06-03,1167.77
1999-06-04,1210.83
1999-06-07,1223.74
1999-06-08,1211.22
1999-06-09,1224.57
1999-06-10,1311.7
1999-06-11,1385.91
1999-06-15,1295.66
1999-06-16,1337.2
1999-06-17,1282.91
1999-06-18,1199.57
1999-06-21,1261.15
1999-06-22,1242.25
1999-06-23,1243.26
1999-06-24,1250.61
1999-06-25,1268.68
1999-06-28,1260.05
1999-06-29,1349.21
1999-06-30,1229.36
1999-07-01,1320.23
1999-07-02,1329.14
1999-07-05,1340.93
1999-07-06,1375.3
1999-07-07,1359.12
1999-07-08,1354.27
1999-07-09,1392.99
1999-07-12,1396.71
1999-07-13,1359.13
1999-07-14,1352.83
1999-07-15,1344.0
1999-07-16,1328.61
1999-07-19,1291.9
1999-07-20,1246.26
1999-07-21,1218.27
1999-07-22,1216.7
1999-07-23,1253.83
1999-07-26,1326.31
1999-07-27,1365.48
1999-07-28,1348.04
1999-07-29,1393.72
1999-07-30,1327.33
1999-08-02,1370.49
1999-08-03,1367.02
1999-08-04,1294.84
1999-08-05,1289.23
1999-08-06,1269.2
1999-08-09,1172.61
1999-08-10,1239.54
1999-08-11,1234.02
1999-08-12,1248.14
1999-08-13,1232.74
1999-08-16,1257.58
1999-08-17,1251.32
1999-08-18,1261.76
1999-08-19,1276.54
1999-08-20,1289.69
1999-08-21,1289.69
1999-08-22,1289.69
1999-08-23,1312.54
1999-08-24,1314.99
1999-08-25,1326.51
1999-08-26,1338.85
1999-08-27,1307.22
1999-08-28,1307.22
1999-08-29,1307.22
1999-08-30,1299.64
1999-08-31,1259.93
1999-09-01,1246.32
1999-09-02,1263.24
1999-09-03,1279.24
1999-09-06,1277.0
1999-09-07,1286.5
1999-09-08,1282.47
1999-09-09,1269.37
1999-09-10,1270.62
1999-09-13,1248.51
1999-09-14,1241.0
1999-09-15,1249.96
1999-09-16,1218.93
1999-09-17,1318.95
1999-09-20,1259.14
1999-09-21,1243.56
1999-09-22,1249.04
1999-09-23,1240.87
1999-09-24,1243.94
1999-09-27,1253.71
1999-09-28,1263.62
1999-09-29,1244.16
1999-09-30,1244.86
1999-10-01,1243.04
1999-10-04,1245.92
1999-10-05,1260.35
1999-10-06,1276.89
1999-10-07,1277.79
1999-10-08,1276.85
1999-10-11,1268.84
1999-10-12,1261.42
1999-10-13,1264.88
1999-10-14,1273.72
1999-10-15,1259.2
1999-10-18,1248.26
1999-10-19,1250.43
1999-10-20,1252.46
1999-10-21,1253.34
1999-10-22,1249.34
1999-10-25,1247.96
1999-10-26,1260.82
1999-10-27,1269.8
1999-10-28,1283.78
1999-10-29,1300.21
1999-11-01,1291.49
1999-11-02,1299.66
1999-11-03,1334.34
1999-11-04,1348.59
1999-11-05,1344.9
1999-11-09,1347.97
1999-11-10,1364.88
1999-11-11,1389.74
1999-11-12,1379.5
1999-11-15,1404.91
1999-11-16,1431.36
1999-11-17,1433.45
1999-11-18,1448.78
1999-11-19,1458.87
1999-11-22,1540.16
1999-11-23,1682.91
1999-11-24,1671.79
1999-11-25,1676.44
1999-11-26,1623.85
1999-11-29,1571.85
1999-11-30,1505.01
1999-12-01,1578.29
1999-12-02,1591.78
1999-12-03,1630.98
1999-12-06,1660.39
1999-12-07,1597.86
1999-12-08,1543.08
1999-12-09,1565.1
1999-12-10,1588.1
1999-12-14,1585.44
1999-12-15,1631.32
1999-12-16,1650.39
1999-12-17,1710.88
1999-12-20,1744.18
1999-12-21,1721.7
1999-12-22,1763.11
1999-12-23,1786.47
1999-12-24,1858.84
1999-12-27,1786.86
1999-12-28,1814.27
1999-12-29,1816.28
1999-12-30,1817.37
1999-12-31,1818.18
2000-01-05,1823.23
2000-01-06,1920.08
2000-01-10,2160.78
2000-01-11,2159.64
2000-01-12,2228.44
2000-01-13,2332.95
2000-01-14,2340.6
2000-01-17,2359.61
2000-01-18,2355.3
2000-01-19,2331.53
2000-01-20,2349.99
2000-01-21,2345.82
2000-01-24,2420.24
2000-01-25,2401.4
2000-01-26,2432.27
2000-01-27,2433.23
2000-01-28,2446.09
2000-01-31,2377.39
2000-02-01,2388.99
2000-02-02,2377.77
2000-02-03,2386.92
2000-02-04,2431.63
2000-02-07,2452.92
2000-02-08,2473.37
2000-02-09,2528.8
2000-02-10,2529.59
2000-02-11,2539.58
2000-02-14,2626.3
2000-02-15,2625.93
2000-02-16,2637.38
2000-02-17,2597.52
2000-02-18,2563.95
2000-02-21,2573.88
2000-02-22,2570.83
2000-02-23,2575.75
2000-02-24,2617.91
2000-02-25,2613.94
2000-02-28,2609.79
2000-02-29,2626.85
2000-03-01,2631.68
2000-03-02,2659.03
2000-03-03,2671.5
2000-03-06,2730.78
2000-03-07,2777.88
2000-03-09,2784.66
2000-03-10,2797.63
2000-03-13,2809.09
2000-03-14,2866.83
2000-03-15,2964.45
2000-03-16,2971.46
2000-03-17,3013.59
2000-03-20,3024.66
2000-03-21,3042.2
2000-03-22,3052.51
2000-03-23,3066.08
2000-03-24,3062.35
2000-03-27,3044.9
2000-03-28,2988.13
2000-03-29,3016.94
2000-03-30,3019.18
2000-03-31,2978.74
2000-04-03,2931.18
2000-04-04,2943.34
2000-04-05,2887.78
2000-04-06,2893.07
2000-04-07,2927.69
2000-04-10,2958.3
2000-04-11,2971.51
2000-04-12,2981.73
2000-04-13,3002.01
2000-04-14,2991.36
2000-04-17,2955.67
2000-04-18,2974.46
2000-04-19,2989.19
2000-04-20,2954.17
2000-04-21,2964.08
2000-04-24,2952.06
2000-04-25,2935.74
2000-04-26,2943.83
2000-04-27,2943.19
2000-04-28,2941.83
2000-05-03,2931.92
2000-05-04,2925.57
2000-05-05,2927.82
2000-05-06,2939.28
2000-05-10,2946.19
2000-05-11,2946.57
2000-05-12,2957.26
2000-05-15,2952.63
2000-05-16,2975.48
2000-05-17,2980.08
2000-05-18,2990.85
2000-05-19,3029.86
2000-05-22,3024.5
2000-05-23,3004.16
2000-05-24,2938.3
2000-05-25,2959.97
2000-05-26,2977.99
2000-05-29,2968.85
2000-05-30,2979.2
2000-05-31,3001.19
2000-06-01,3024.24
2000-06-02,3020.03
2000-06-05,3043.18
2000-06-06,3074.2
2000-06-07,3097.51
2000-06-08,3107.64
2000-06-09,3138.46
2000-06-13,3152.0
2000-06-14,3172.88
2000-06-15,3167.18
2000-06-16,3165.03
2000-06-19,3175.28
2000-06-20,3172.79
2000-06-21,3153.8
2000-06-22,3170.19
2000-06-23,3178.15
2000-06-26,3172.23
2000-06-27,3188.01
2000-06-28,3214.86
2000-06-29,3265.49
2000-06-30,3294.4
2000-07-03,3306.84
2000-07-04,3380.61
2000-07-05,3396.4
2000-07-06,3433.66
2000-07-07,3481.1
2000-07-10,3483.92
2000-07-11,3476.68
2000-07-12,3471.4
2000-07-13,3529.52
2000-07-14,3608.96
2000-07-17,3657.81
2000-07-18,3658.23
2000-07-19,3692.0
2000-07-20,3706.32
2000-07-21,3621.87
2000-07-24,3617.46
2000-07-25,3655.87
2000-07-26,3672.69
2000-07-27,3650.78
2000-07-28,3647.24
2000-07-31,3641.43
2000-08-01,3648.07
2000-08-02,3684.95
2000-08-03,3759.39
2000-08-04,3814.33
2000-08-07,3850.56
2000-08-08,3853.38
2000-08-09,3882.54
2000-08-10,3901.52
2000-08-11,3945.74
2000-08-14,3934.55
2000-08-15,3911.22
2000-08-16,3871.68
2000-08-17,3892.92
2000-08-18,3889.55
2000-08-21,3876.44
2000-08-22,3899.48
2000-08-23,3918.2
2000-08-24,3914.67
2000-08-25,3930.09
2000-08-28,3929.91
2000-08-29,3955.28
2000-08-30,3973.88
2000-08-31,3995.16
2000-09-01,4036.11
2000-09-04,4070.8
2000-09-05,4090.82
2000-09-06,4106.19
2000-09-07,4135.46
2000-09-08,4114.95
2000-09-11,4099.61
2000-09-12,4137.11
2000-09-13,4152.61
2000-09-14,4135.61
2000-09-15,4110.77
2000-09-18,4045.91
2000-09-19,3985.43
2000-09-20,4035.64
2000-09-21,4062.58
2000-09-22,4042.79
2000-09-25,4031.15
2000-09-26,4065.67
2000-09-27,4052.82
2000-09-28,4032.95
2000-09-29,4036.46
2000-10-02,4058.06
2000-10-03,4097.13
2000-10-04,4093.86
2000-10-05,4110.77
2000-10-06,4106.04
2000-10-09,4107.87
2000-10-10,4108.62
2000-10-11,4093.05
2000-10-12,4069.47
2000-10-13,4064.68
2000-10-16,4086.92
2000-10-17,4096.55
2000-10-18,4070.63
2000-10-19,4076.78
2000-10-20,4092.73
2000-10-23,4087.91
2000-10-24,4092.9
2000-10-25,4089.51
2000-10-26,4083.3
2000-10-27,4079.71
2000-10-30,4089.72
2000-10-31,4099.31
2000-11-01,4090.84
2000-11-02,4123.6
2000-11-03,4127.61
2000-11-04,4132.08
2000-11-08,4135.3
2000-11-09,4109.86
2000-11-10,4117.87
2000-11-13,4111.62
2000-11-14,4094.05
2000-11-15,4071.83
2000-11-16,4089.24
2000-11-17,4099.9
2000-11-20,4121.6
2000-11-21,4132.08
2000-11-22,4121.72
2000-11-23,4125.96
2000-11-24,4136.56
2000-11-27,4148.73
2000-11-28,4126.13
2000-11-29,4121.55
2000-11-30,4146.6
2000-12-01,4122.23
2000-12-04,4115.7
2000-12-05,4131.93
2000-12-06,4152.05
2000-12-07,4157.67
2000-12-08,4145.72
2000-12-09,4165.6
2000-12-13,4163.29
2000-12-14,4110.14
2000-12-15,4123.08
2000-12-18,4119.61
2000-12-19,4125.58
2000-12-20,4112.98
2000-12-21,4085.24
2000-12-22,4080.34
2000-12-25,4081.25
2000-12-26,4063.71
2000-12-27,4094.45
2000-12-28,4095.31
2000-12-29,4107.58
2001-01-03,4116.69
2001-01-04,4130.14
2001-01-05,4133.75
2001-01-09,4176.0
2001-01-10,4226.84
2001-01-11,4256.59
2001-01-12,4278.66
2001-01-15,4291.5
2001-01-16,4266.13
2001-01-17,4266.04
2001-01-18,4298.66
2001-01-19,4309.39
2001-01-22,4322.96
2001-01-23,4332.68
2001-01-24,4324.91
2001-01-25,4343.31
2001-01-26,4342.02
2001-01-29,4362.43
2001-01-30,4383.68
2001-01-31,4416.72
2001-02-01,4436.14
2001-02-02,4471.78
2001-02-05,4476.01
2001-02-06,4468.13
2001-02-07,4508.94
2001-02-08,4512.11
2001-02-09,4498.82
2001-02-12,4521.39
2001-02-13,4526.79
2001-02-14,4532.72
2001-02-15,4547.44
2001-02-16,4544.79
2001-02-19,4539.02
2001-02-20,4482.5
2001-02-21,4445.5
2001-02-22,4454.66
2001-02-23,4517.12
2001-02-26,4513.64
2001-02-27,4516.62
2001-02-28,4513.56
2001-03-01,4496.37
2001-03-02,4530.26
2001-03-05,4546.28
2001-03-06,4558.41
2001-03-07,4564.35
2001-03-11,4570.23
2001-03-12,4554.33
2001-03-13,4569.28
2001-03-14,4546.31
2001-03-15,4547.38
2001-03-16,4517.76
2001-03-19,4502.1
2001-03-20,4548.75
2001-03-21,4523.72
2001-03-22,4559.05
2001-03-23,4590.99
2001-03-26,4567.81
2001-03-27,4583.58
2001-03-28,4599.24
2001-03-29,4617.57
2001-03-30,4622.21
2001-04-02,4624.57
2001-04-03,4651.97
2001-04-04,4633.97
2001-04-05,4678.37
2001-04-06,4676.76
2001-04-09,4671.14
2001-04-10,4677.59
2001-04-11,4686.89
2001-04-12,4720.72
2001-04-13,4715.35
2001-04-16,4722.59
2001-04-17,4717.95
2001-04-18,4717.22
2001-04-19,4747.31
2001-04-20,4750.48
2001-04-23,4738.21
2001-04-24,4751.94
2001-04-25,4772.04
2001-04-26,4774.89
2001-04-27,4769.65
2001-04-28,4766.7
2001-05-03,4774.66
2001-05-04,4797.73
2001-05-07,4821.85
2001-05-08,4850.87
2001-05-10,4860.26
2001-05-11,4873.18
2001-05-14,4877.48
2001-05-15,4890.44
2001-05-16,4911.82
2001-05-17,4923.41
2001-05-18,4943.81
2001-05-21,4967.82
2001-05-22,4971.56
2001-05-23,4983.67
2001-05-24,5001.62
2001-05-25,5024.98
2001-05-28,5035.81
2001-05-29,5046.37
2001-05-30,5051.63
2001-05-31,5047.63
2001-06-01,5061.55
2001-06-04,5094.48
2001-06-05,5120.85
2001-06-06,5129.48
2001-06-07,5126.76
2001-06-08,5132.18
2001-06-09,5164.58
2001-06-10,5151.81
2001-06-14,5162.34
2001-06-15,5170.26
2001-06-18,5156.12
2001-06-19,5149.79
2001-06-20,5158.43
2001-06-21,5168.51
2001-06-22,5173.17
2001-06-25,5179.84
2001-06-26,5186.54
2001-06-27,5191.45
2001-06-28,5191.08
2001-06-29,5188.92
2001-07-02,5190.29
2001-07-03,5186.42
2001-07-04,5186.73
2001-07-05,5186.54
2001-07-06,5172.88
2001-07-09,5180.25
2001-07-10,5186.35
2001-07-11,5165.26
2001-07-12,5158.33
2001-07-13,5161.82
2001-07-16,5139.78
2001-07-17,5144.6
2001-07-18,5155.51
2001-07-19,5151.43
2001-07-20,5167.84
2001-07-23,5170.35
2001-07-24,5177.33
2001-07-25,5179.5
2001-07-26,5188.33
2001-07-27,5185.72
2001-07-30,5194.18
2001-07-31,5190.85
2001-08-01,5186.71
2001-08-02,5196.91
2001-08-03,5214.22
2001-08-06,5214.18
2001-08-07,5209.18
2001-08-08,5228.2
2001-08-09,5231.78
2001-08-10,5235.36
2001-08-13,5244.35
2001-08-14,5241.46
2001-08-15,5250.9
2001-08-16,5254.66
2001-08-17,5256.25
2001-08-20,5269.84
2001-08-21,5270.43
2001-08-22,5279.82
2001-08-23,5295.59
2001-08-24,5292.35
2001-08-27,5294.17
2001-08-28,5308.95
2001-08-29,5318.73
2001-08-30,5334.67
2001-08-31,5345.43
2001-09-03,5372.41
2001-09-04,5396.86
2001-09-05,5414.89
2001-09-06,5435.98
2001-09-07,5438.18
2001-09-10,5433.88
2001-09-11,5451.49
2001-09-12,5454.76
2001-09-13,5447.0
2001-09-14,5458.31
2001-09-17,5436.36
2001-09-18,5457.99
2001-09-19,5476.55
2001-09-20,5492.41
2001-09-21,5505.18
2001-09-24,5513.0
2001-09-25,5499.93
2001-09-26,5501.25
2001-09-27,5490.25
2001-09-28,5511.81
2001-10-01,5522.59
2001-10-02,5524.33
2001-10-03,5541.99
2001-10-04,5556.04
2001-10-05,5573.97
2001-10-08,5575.47
2001-10-09,5591.48
2001-10-10,5604.67
2001-10-11,5617.93
2001-10-12,5627.87
2001-10-15,5625.68
2001-10-16,5630.3
2001-10-17,5637.78
2001-10-18,5634.43
2001-10-19,5634.45
2001-10-22,5640.73
2001-10-23,5648.39
2001-10-24,5657.82
2001-10-25,5672.53
2001-10-26,5673.28
2001-10-29,5688.5
2001-10-30,5698.83
2001-10-31,5710.66
2001-11-01,5719.15
2001-11-02,5728.83
2001-11-05,5746.19
2001-11-06,5743.68
2001-11-08,5761.45
2001-11-09,5765.92
2001-11-12,5773.43
2001-11-13,5773.34
2001-11-14,5784.32
2001-11-15,5784.74
2001-11-16,5776.09
2001-11-19,5776.96
2001-11-20,5778.93
2001-11-21,5776.4
2001-11-22,5782.93
2001-11-23,5783.05
2001-11-26,5785.67
2001-11-27,5784.56
2001-11-28,5792.72
2001-11-29,5793.97
2001-11-30,5803.53
2001-12-03,5810.93
2001-12-04,5828.89
2001-12-05,5850.54
2001-12-06,5854.53
2001-12-07,5857.48
2001-12-10,5857.61
2001-12-11,5847.59
2001-12-13,5836.7
2001-12-14,5839.46
2001-12-17,5844.7
2001-12-18,5849.35
2001-12-19,5862.45
2001-12-20,5856.72
2001-12-21,5854.14
2001-12-24,5860.01
2001-12-25,5851.89
2001-12-26,5859.66
2001-12-27,5874.97
2001-12-28,5884.61
2001-12-29,5897.85
2002-01-03,5914.62
2002-01-04,5924.33
2002-01-08,5951.21
2002-01-09,5980.58
2002-01-10,6010.42
2002-01-11,6016.94
2002-01-14,6026.03
2002-01-15,6032.89
2002-01-16,6037.96
2002-01-17,6043.19
2002-01-18,6052.76
2002-01-21,6053.84
2002-01-22,6061.48
2002-01-23,6074.53
2002-01-24,6085.77
2002-01-25,6076.19
2002-01-28,6079.1
2002-01-29,6093.25
2002-01-30,6099.88
2002-01-31,6105.95
2002-02-01,6109.18
2002-02-04,6119.04
2002-02-05,6122.14
2002-02-06,6144.64
2002-02-07,6152.11
2002-02-08,6155.32
2002-02-11,6157.49
2002-02-12,6159.68
2002-02-13,6167.56
2002-02-14,6184.03
2002-02-15,6193.43
2002-02-18,6195.23
2002-02-19,6211.11
2002-02-20,6227.25
2002-02-21,6234.41
2002-02-22,6237.38
2002-02-26,6243.66
2002-02-27,6238.55
2002-02-28,6239.54
2002-03-01,6240.91
2002-03-04,6232.68
2002-03-05,6239.03
2002-03-06,6244.06
2002-03-07,6256.63
2002-03-11,6248.87
2002-03-12,6245.8
2002-03-13,6240.74
2002-03-14,6242.58
2002-03-15,6229.44
2002-03-18,6221.88
2002-03-19,6228.46
2002-03-20,6228.6
2002-03-21,6228.48
2002-03-22,6224.04
2002-03-25,6227.73
2002-03-26,6220.31
2002-03-27,6222.02
2002-03-28,6220.56
2002-03-29,6231.42
2002-04-01,6241.3
2002-04-02,6245.52
2002-04-03,6247.43
2002-04-04,6254.96
2002-04-05,6273.64
2002-04-08,6277.17
2002-04-09,6280.21
2002-04-10,6294.8
2002-04-11,6304.87
2002-04-12,6308.19
2002-04-15,6319.58
2002-04-16,6318.73
2002-04-17,6328.78
2002-04-18,6328.02
2002-04-19,6335.76
2002-04-22,6345.66
2002-04-23,6349.64
2002-04-24,6347.35
2002-04-25,6349.51
2002-04-26,6354.47
2002-04-27,6359.41
2002-04-29,6364.91
2002-04-30,6370.93
2002-05-06,6384.07
2002-05-07,6388.88
2002-05-08,6394.86
2002-05-13,6406.76
2002-05-14,6413.26
2002-05-15,6427.16
2002-05-16,6431.8
2002-05-17,6432.47
2002-05-18,6433.21
2002-05-20,6437.8
2002-05-21,6442.76
2002-05-22,6460.79
2002-05-23,6470.12
2002-05-24,6468.19
2002-05-27,6482.28
2002-05-28,6477.01
2002-05-29,6487.95
2002-05-30,6492.71
2002-05-31,6503.02
2002-06-03,6509.39
2002-06-04,6507.32
2002-06-05,6509.96
2002-06-06,6518.31
2002-06-07,6527.48
2002-06-10,6535.83
2002-06-11,6539.68
2002-06-13,6544.52
2002-06-14,6547.2
2002-06-17,6551.32
2002-06-18,6566.21
2002-06-19,6560.47
2002-06-20,6560.32
2002-06-21,6538.38
2002-06-24,6551.22
2002-06-25,6564.07
2002-06-26,6553.06
2002-06-27,6576.05
2002-06-28,6588.76
2002-07-01,6598.83
2002-07-02,6596.9
2002-07-03,6596.89
2002-07-04,6604.2
2002-07-05,6613.27
2002-07-08,6611.35
2002-07-09,6629.5
2002-07-10,6637.93
2002-07-11,6636.19
2002-07-12,6645.58
2002-07-15,6644.58
2002-07-16,6648.1
2002-07-17,6649.66
2002-07-18,6658.52
2002-07-19,6661.92
2002-07-22,6674.2
2002-07-23,6674.57
2002-07-24,6672.5
2002-07-25,6678.03
2002-07-26,6681.01
2002-07-29,6681.16
2002-07-30,6688.09
2002-07-31,6686.56
2002-08-01,6703.07
2002-08-02,6713.14
2002-08-05,6716.06
2002-08-06,6715.93
2002-08-07,6719.15
2002-08-08,6721.71
2002-08-09,6716.63
2002-08-12,6720.05
2002-08-13,6716.73
2002-08-14,6710.78
2002-08-15,6712.45
2002-08-16,6715.98
2002-08-19,6713.65
2002-08-20,6711.0
2002-08-21,6712.37
2002-08-22,6716.51
2002-08-23,6715.75
2002-08-26,6722.55
2002-08-27,6735.29
2002-08-28,6750.52
2002-08-29,6742.15
2002-08-30,6741.51
2002-09-02,6752.66
2002-09-03,6753.06
2002-09-04,6755.3
2002-09-05,6761.27
2002-09-06,6769.64
2002-09-09,6779.56
2002-09-10,6778.43
2002-09-11,6772.42
2002-09-12,6778.91
2002-09-13,6776.3
2002-09-16,6784.5
2002-09-17,6785.11
2002-09-18,6785.71
2002-09-19,6793.22
2002-09-20,6805.4
2002-09-23,6812.7
2002-09-24,6815.4
2002-09-25,6836.77
2002-09-26,6834.76
2002-09-27,6840.28
2002-09-30,6857.55
2002-10-01,6862.29
2002-10-02,6866.77
2002-10-03,6872.5
2002-10-04,6873.32
2002-10-07,6885.2
2002-10-08,6883.5
2002-10-09,6897.16
2002-10-10,6906.83
2002-10-11,6912.42
2002-10-14,6924.77
2002-10-15,6929.44
2002-10-16,6944.51
2002-10-17,6950.23
2002-10-18,6954.14
2002-10-21,6966.9
2002-10-22,6972.09
2002-10-23,6980.63
2002-10-24,6987.95
2002-10-25,6999.44
2002-10-28,7008.59
2002-10-29,7015.57
2002-10-30,7031.71
2002-10-31,7055.13
2002-11-01,7065.04
2002-11-04,7082.55
2002-11-05,7086.45
2002-11-06,7090.04
2002-11-10,7098.16
2002-11-11,7105.66
2002-11-12,7108.59
2002-11-13,7120.38
2002-11-14,7143.12
2002-11-15,7210.4
2002-11-18,7230.46
2002-11-19,7242.38
2002-11-20,7262.85
2002-11-21,7307.0
2002-11-22,7326.81
2002-11-25,7341.8
2002-11-26,7343.07
2002-11-27,7349.81
2002-11-28,7348.34
2002-11-29,7354.73
2002-12-02,7359.64
2002-12-03,7377.87
2002-12-04,7372.46
2002-12-05,7429.96
2002-12-06,7449.55
2002-12-09,7451.12
2002-12-10,7422.42
2002-12-11,7447.18
2002-12-15,7500.66
2002-12-16,7480.38
2002-12-17,7505.67
2002-12-18,7488.92
2002-12-19,7492.57
2002-12-20,7484.12
2002-12-23,7478.02
2002-12-24,7476.24
2002-12-25,7495.18
2002-12-26,7484.57
2002-12-27,7505.32
2002-12-30,7543.49
2002-12-31,7569.17
2003-01-04,7579.14
2003-01-05,7593.98
2003-01-08,7632.88
2003-01-09,7643.49
2003-01-10,7658.39
2003-01-13,7689.09
2003-01-14,7709.5
2003-01-15,7726.57
2003-01-16,7723.65
2003-01-17,7726.58
2003-01-20,7730.58
2003-01-21,7725.65
2003-01-22,7721.04
2003-01-23,7735.54
2003-01-24,7742.43
2003-01-27,7746.38
2003-01-28,7744.13
2003-01-29,7758.55
2003-01-30,7765.87
2003-01-31,7773.1
2003-02-03,7787.29
2003-02-04,7785.46
2003-02-05,7792.83
2003-02-06,7814.0
2003-02-07,7853.3
2003-02-10,7901.08
2003-02-11,7914.38
2003-02-12,7939.13
2003-02-13,8001.59
2003-02-14,8026.51
2003-02-17,8055.23
2003-02-18,8099.86
2003-02-19,8118.39
2003-02-20,8209.87
2003-02-21,8234.15
2003-02-25,8200.03
2003-02-26,8210.29
2003-02-27,8201.35
2003-02-28,8211.86
2003-03-03,8225.21
2003-03-04,8245.56
2003-03-05,8269.49
2003-03-06,8283.28
2003-03-07,8303.47
2003-03-11,8323.76
2003-03-12,8340.13
2003-03-13,8334.32
2003-03-14,8340.47
2003-03-17,8314.03
2003-03-18,8246.79
2003-03-19,8172.61
2003-03-20,8165.02
2003-03-21,8222.47
2003-03-24,8237.67
2003-03-25,8250.53
2003-03-26,8262.49
2003-03-27,8274.71
2003-03-28,8288.17
2003-03-31,8330.84
2003-04-01,8366.23
2003-04-02,8404.56
2003-04-03,8409.3
2003-04-04,8414.72
2003-04-07,8407.49
2003-04-08,8426.12
2003-04-09,8435.77
2003-04-10,8433.02
2003-04-11,8444.49
2003-04-14,8467.71
2003-04-15,8474.42
2003-04-16,8496.59
2003-04-17,8505.78
2003-04-18,8525.07
2003-04-21,8542.71
2003-04-22,8566.62
2003-04-23,8588.24
2003-04-24,8606.23
2003-04-25,8596.26
2003-04-28,8607.55
2003-04-29,8617.45
2003-04-30,8654.37
2003-05-05,8685.65
2003-05-06,8700.88
2003-05-07,8737.73
2003-05-08,8792.14
2003-05-12,8801.12
2003-05-13,8824.56
2003-05-14,8837.37
2003-05-15,8829.46
2003-05-16,8847.95
2003-05-19,8870.55
2003-05-20,8872.84
2003-05-21,8881.27
2003-05-22,8915.8
2003-05-23,8933.83
2003-05-26,8940.67
2003-05-27,8944.78
2003-05-28,8939.61
2003-05-29,8943.7
2003-05-30,8951.61
2003-06-02,8961.92
2003-06-03,8960.51
2003-06-04,8999.01
2003-06-05,9026.55
2003-06-06,9036.36
2003-06-09,9078.75
2003-06-10,9012.62
2003-06-11,9028.27
2003-06-16,9063.98
2003-06-17,9057.68
2003-06-18,9022.38
2003-06-19,8991.38
2003-06-20,8992.01
2003-06-21,8991.02
2003-06-23,8960.63
2003-06-24,8981.71
2003-06-25,8995.7
2003-06-26,8939.92
2003-06-27,8943.16
2003-06-30,8939.54
2003-07-01,8955.2
2003-07-02,8923.21
2003-07-03,8901.76
2003-07-04,8903.77
2003-07-07,8887.7
2003-07-08,8865.55
2003-07-09,8863.42
2003-07-10,8876.72
2003-07-11,8819.26
2003-07-14,8765.56
2003-07-15,8717.17
2003-07-16,8581.77
2003-07-17,8593.15
2003-07-18,8615.77
2003-07-21,8648.79
2003-07-22,8619.3
2003-07-23,8630.94
2003-07-24,8634.56
2003-07-25,8644.33
2003-07-28,8636.44
2003-07-29,8613.17
2003-07-30,8594.27
2003-07-31,8614.31
2003-08-01,8561.18
2003-08-04,8569.49
2003-08-05,8577.4
2003-08-06,8551.58
2003-08-07,8579.28
2003-08-08,8618.82
2003-08-11,8622.29
2003-08-12,8635.02
2003-08-13,8630.92
2003-08-14,8603.92
2003-08-15,8609.43
2003-08-18,8625.17
2003-08-19,8620.97
2003-08-20,8646.78
2003-08-21,8640.96
2003-08-22,8652.46
2003-08-25,8645.82
2003-08-26,8637.63
2003-08-27,8672.73
2003-08-28,8679.05
2003-08-29,8713.17
2003-09-01,8719.73
2003-09-02,8714.71
2003-09-03,8717.51
2003-09-04,8724.97
2003-09-05,8753.53
2003-09-08,8787.22
2003-09-09,8787.98
2003-09-10,8788.02
2003-09-11,8806.93
2003-09-12,8812.89
2003-09-15,8811.97
2003-09-16,8802.88
2003-09-17,8795.85
2003-09-18,8799.96
2003-09-19,8796.34
2003-09-22,8772.18
2003-09-23,8724.87
2003-09-24,8750.88
2003-09-25,8771.14
2003-09-26,8784.29
2003-09-29,8797.41
2003-09-30,8802.19
2003-10-01,8812.46
2003-10-02,8788.08
2003-10-03,8822.38
2003-10-06,8787.58
2003-10-07,8810.8
2003-10-08,8885.95
2003-10-09,8904.6
2003-10-10,8920.9
2003-10-13,8925.2
2003-10-14,8913.1
2003-10-15,8949.19
2003-10-16,8941.8
2003-10-17,8920.21
2003-10-20,8913.03
2003-10-21,8922.15
2003-10-22,8911.82
2003-10-23,8894.76
2003-10-24,8878.29
2003-10-27,8810.03
2003-10-28,8808.91
2003-10-29,8792.49
2003-10-30,8786.63
2003-10-31,8792.87
2003-11-03,8823.07
2003-11-04,8839.49
2003-11-05,8805.21
2003-11-06,8807.26
2003-11-10,8812.75
2003-11-11,8795.55
2003-11-12,8793.79
2003-11-13,8812.07
2003-11-14,8812.45
2003-11-17,8812.89
2003-11-18,8794.13
2003-11-19,8786.04
2003-11-20,8779.17
2003-11-21,8805.66
2003-11-24,8817.41
2003-11-25,8822.94
2003-11-26,8824.11
2003-11-27,8872.26
2003-11-28,8849.38
2003-12-01,8882.34
2003-12-02,8897.51
2003-12-03,8918.63
2003-12-04,8928.28
2003-12-05,8956.6
2003-12-08,8986.24
2003-12-09,8982.87
2003-12-10,8970.56
2003-12-11,8988.54
2003-12-15,8995.23
2003-12-16,9020.45
2003-12-17,9031.24
2003-12-18,9032.68
2003-12-19,9059.79
2003-12-22,9056.59
2003-12-23,9069.43
2003-12-24,9061.04
2003-12-25,9060.47
2003-12-26,9077.02
2003-12-29,9090.09
2003-12-30,9120.2
2003-12-31,9159.94
2004-01-05,9070.16
2004-01-06,9102.87
2004-01-08,9144.41
2004-01-09,9169.13
2004-01-12,9175.83
2004-01-13,9224.36
2004-01-14,9234.06
2004-01-15,9226.25
2004-01-16,9268.09
2004-01-19,9304.12
2004-01-20,9307.08
2004-01-21,9325.24
2004-01-22,9317.46
2004-01-23,9339.55
2004-01-26,9336.51
2004-01-27,9363.88
2004-01-28,9357.08
2004-01-29,9376.01
2004-01-30,9380.11
2004-02-02,9347.09
2004-02-03,9355.82
2004-02-04,9363.69
2004-02-05,9329.95
2004-02-06,9324.8
2004-02-09,9330.96
2004-02-10,9329.28
2004-02-11,9331.41
2004-02-12,9347.6
2004-02-13,9355.58
2004-02-16,9362.69
2004-02-17,9369.15
2004-02-18,9380.8
2004-02-19,9388.48
2004-02-20,9448.5
2004-02-24,9501.57
2004-02-25,9505.57
2004-02-26,9507.03
2004-02-27,9507.34
2004-03-01,9520.66
2004-03-02,9531.39
2004-03-03,9529.84
2004-03-04,9536.78
2004-03-05,9541.26
2004-03-09,9515.93
2004-03-10,9592.07
2004-03-11,9601.97
2004-03-12,9611.17
2004-03-15,9621.17
2004-03-16,9626.43
2004-03-17,9627.9
2004-03-18,9671.64
2004-03-19,9628.59
2004-03-22,9612.36
2004-03-23,9639.14
2004-03-24,9622.26
2004-03-25,9636.77
2004-03-26,9653.93
2004-03-29,9678.33
2004-03-30,9667.95
2004-03-31,9686.16
2004-04-01,9696.58
2004-04-02,9702.96
2004-04-05,9731.18
2004-04-06,9782.82
2004-04-07,9791.93
2004-04-08,9849.33
2004-04-09,9839.2
2004-04-12,9848.28
2004-04-13,9834.93
2004-04-14,9835.29
2004-04-15,9829.88
2004-04-16,9830.3
2004-04-19,9791.64
2004-04-20,9741.61
2004-04-21,9727.51
2004-04-22,9668.66
2004-04-23,9644.56
2004-04-26,9673.48
2004-04-27,9668.26
2004-04-28,9665.47
2004-04-29,9659.18
2004-04-30,9696.35
2004-05-05,9709.88
2004-05-06,9703.69
2004-05-07,9700.12
2004-05-11,9705.83
2004-05-12,9681.84
2004-05-13,9663.08
2004-05-14,9687.3
2004-05-17,9686.97
2004-05-18,9679.79
2004-05-19,9627.44
2004-05-20,9626.66
2004-05-21,9635.13
2004-05-24,9633.16
2004-05-25,9631.09
2004-05-26,9636.56
2004-05-27,9635.21
2004-05-28,9698.91
2004-05-31,9726.9
2004-06-01,9723.45
2004-06-02,9716.65
2004-06-03,9720.09
2004-06-04,9709.47
2004-06-07,9705.81
2004-06-08,9698.46
2004-06-09,9704.42
2004-06-10,9697.35
2004-06-11,9642.31
2004-06-15,9630.83
2004-06-16,9625.83
2004-06-17,9635.99
2004-06-18,9630.47
2004-06-21,9647.83
2004-06-22,9618.32
2004-06-23,9598.62
2004-06-24,9602.31
2004-06-25,9618.03
2004-06-28,9624.4
2004-06-29,9644.33
2004-06-30,9730.11
2004-07-01,9727.35
2004-07-02,9733.16
2004-07-05,9727.02
2004-07-06,9706.38
2004-07-07,9649.62
2004-07-08,9664.58
2004-07-09,9642.11
2004-07-12,9624.39
2004-07-13,9624.38
2004-07-14,9571.05
2004-07-15,9589.73
2004-07-16,9656.59
2004-07-19,9642.53
2004-07-20,9633.14
2004-07-21,9656.43
2004-07-22,9664.12
2004-07-23,9718.5
2004-07-26,9706.6
2004-07-27,9742.83
2004-07-28,9716.53
2004-07-29,9717.32
2004-07-30,9701.07
2004-08-02,9723.55
2004-08-03,9722.98
2004-08-04,9726.78
2004-08-05,9750.53
2004-08-06,9747.29
2004-08-09,9755.42
2004-08-10,9753.19
2004-08-11,9782.67
2004-08-12,9806.18
2004-08-13,9805.7
2004-08-16,9811.0
2004-08-17,9788.76
2004-08-18,9788.47
2004-08-19,9787.35
2004-08-20,9796.13
2004-08-23,9801.57
2004-08-24,9798.29
2004-08-25,9805.83
2004-08-26,9810.66
2004-08-27,9808.67
2004-08-30,9818.01
2004-08-31,9844.19
2004-09-01,9866.75
2004-09-02,9875.16
2004-09-03,9873.07
2004-09-06,9881.11
2004-09-07,9888.76
2004-09-08,9895.3
2004-09-09,9901.8
2004-09-10,9904.13
2004-09-13,9895.44
2004-09-14,9901.32
2004-09-15,9912.22
2004-09-16,9937.42
2004-09-17,9932.56
2004-09-20,9948.98
2004-09-21,9961.74
2004-09-22,9963.67
2004-09-23,9968.43
2004-09-24,9990.7
2004-09-27,9990.4
2004-09-28,9998.82
2004-09-29,10003.33
2004-09-30,10024.18
2004-10-01,10029.98
2004-10-04,10025.36
2004-10-05,10035.58
2004-10-06,10044.6
2004-10-07,10064.81
2004-10-08,10078.37
2004-10-11,10102.78
2004-10-12,10125.37
2004-10-13,10104.59
2004-10-14,10125.63
2004-10-15,10146.39
2004-10-18,10179.95
2004-10-19,10163.44
2004-10-20,10177.53
2004-10-21,10177.55
2004-10-22,10189.33
2004-10-25,10191.97
2004-10-26,10199.28
2004-10-27,10211.58
2004-10-28,10189.51
2004-10-29,10244.35
2004-11-01,10253.7
2004-11-02,10261.78
2004-11-03,10260.21
2004-11-04,10262.33
2004-11-05,10277.05
2004-11-09,10282.95
2004-11-10,10257.84
2004-11-11,10291.54
2004-11-12,10291.67
2004-11-15,10236.22
2004-11-16,10259.72
2004-11-17,10299.49
2004-11-18,10303.35
2004-11-19,10305.02
2004-11-22,10315.78
2004-11-23,10318.31
2004-11-24,10320.85
2004-11-25,10324.78
2004-11-26,10326.28
2004-11-29,10321.51
2004-11-30,10351.18
2004-12-01,10307.76
2004-12-02,10319.81
2004-12-03,10325.57
2004-12-06,10323.26
2004-12-07,10325.43
2004-12-08,10326.4
2004-12-09,10317.22
2004-12-10,10306.29
2004-12-14,10310.72
2004-12-15,10299.08
2004-12-16,10295.78
2004-12-17,10307.12
2004-12-20,10312.19
2004-12-21,10316.64
2004-12-22,10285.7
2004-12-23,10279.62
2004-12-24,10278.55
2004-12-27,10315.63
2004-12-28,10336.43
2004-12-29,10333.98
2004-12-30,10339.63
2004-12-31,10397.12
2005-01-11,10287.79
2005-01-12,10314.36
2005-01-13,10392.62
2005-01-14,10405.93
2005-01-17,10422.47
2005-01-18,10420.11
2005-01-19,10424.64
2005-01-20,10428.58
2005-01-21,10433.79
2005-01-24,10444.61
2005-01-25,10465.45
2005-01-26,10467.27
2005-01-27,10471.96
2005-01-28,10474.96
2005-01-31,10505.06
2005-02-01,10506.46
2005-02-02,10513.78
2005-02-03,10532.25
2005-02-04,10549.13
2005-02-07,10541.3
2005-02-08,10545.18
2005-02-09,10557.24
2005-02-10,10581.0
2005-02-11,10591.95
2005-02-14,10584.43
2005-02-15,10607.69
2005-02-16,10611.12
2005-02-17,10618.31
2005-02-18,10619.35
2005-02-21,10644.5
2005-02-22,10650.78
2005-02-24,10636.38
2005-02-25,10636.18
2005-02-28,10656.23
2005-03-01,10658.67
2005-03-02,10661.72
2005-03-03,10701.44
2005-03-04,10686.11
2005-03-05,10690.01
2005-03-09,10700.83
2005-03-10,10722.76
2005-03-11,10692.73
2005-03-14,10716.07
2005-03-15,10709.33
2005-03-16,10680.52
2005-03-17,10688.69
2005-03-18,10671.09
2005-03-21,10681.28
2005-03-22,10714.16
2005-03-23,10716.8
2005-03-24,10714.5
2005-03-25,10719.02
2005-03-28,10710.98
2005-03-29,10715.08
2005-03-30,10713.73
2005-03-31,10731.28
2005-04-01,10737.71
2005-04-04,10746.17
2005-04-05,10720.73
2005-04-06,10725.11
2005-04-07,10731.62
2005-04-08,10735.85
2005-04-11,10744.06
2005-04-12,10724.2
2005-04-13,10731.73
2005-04-14,10705.48
2005-04-15,10688.97
2005-04-18,10738.29
2005-04-19,10723.42
2005-04-20,10746.93
2005-04-21,10737.97
2005-04-22,10742.06
2005-04-25,10760.6
2005-04-26,10786.47
2005-04-27,10783.82
2005-04-28,10848.34
2005-04-29,10866.25
2005-05-03,10867.0
2005-05-04,10872.43
2005-05-05,10873.78
2005-05-06,10877.93
2005-05-11,10884.22
2005-05-12,10890.4
2005-05-13,10891.14
2005-05-14,10897.05
2005-05-16,10839.5
2005-05-17,10842.32
2005-05-18,10867.94
2005-05-19,10908.65
2005-05-20,10890.35
2005-05-23,10878.3
2005-05-24,10883.61
2005-05-25,10905.56
2005-05-26,10909.26
2005-05-27,10915.19
2005-05-30,10917.49
2005-05-31,10925.9
2005-06-01,10890.37
2005-06-02,10907.29
2005-06-03,10941.29
2005-06-06,10947.32
2005-06-07,10952.15
2005-06-08,10951.68
2005-06-09,10969.44
2005-06-10,10970.57
2005-06-14,10964.36
2005-06-15,10973.09
2005-06-16,10974.29
2005-06-17,10965.53
2005-06-20,10998.68
2005-06-21,11022.1
2005-06-22,11028.18
2005-06-23,11037.45
2005-06-24,11031.31
2005-06-27,11033.33
2005-06-28,11044.43
2005-06-29,11044.83
2005-06-30,11054.33
2005-07-01,11054.34
2005-07-04,11045.41
2005-07-05,11025.26
2005-07-06,11071.56
2005-07-07,11060.0
2005-07-08,11064.41
2005-07-11,11100.46
2005-07-12,11141.94
2005-07-13,11140.15
2005-07-14,11147.11
2005-07-15,11149.52
2005-07-18,11140.33
2005-07-19,11161.58
2005-07-20,11141.11
2005-07-21,11173.43
2005-07-22,11190.16
2005-07-25,11198.43
2005-07-26,11188.94
2005-07-27,11217.94
2005-07-28,11232.45
2005-07-29,11226.0
2005-08-01,11247.09
2005-08-02,11236.93
2005-08-03,11274.64
2005-08-04,11250.54
2005-08-05,11295.22
2005-08-08,11296.39
2005-08-09,11309.59
2005-08-10,11297.27
2005-08-11,11327.81
2005-08-12,11362.77
2005-08-15,11372.13
2005-08-16,11387.48
2005-08-17,11366.11
2005-08-18,11412.33
2005-08-19,11407.87
2005-08-22,11431.65
2005-08-23,11466.66
2005-08-24,11461.95
2005-08-25,11472.13
2005-08-26,11497.63
2005-08-29,11497.76
2005-08-30,11509.04
2005-08-31,11514.14
2005-09-01,11517.79
2005-09-02,11530.27
2005-09-05,11555.37
2005-09-06,11561.22
2005-09-07,11544.16
2005-09-08,11545.13
2005-09-09,11547.32
2005-09-12,11560.62
2005-09-13,11592.81
2005-09-14,11588.79
2005-09-15,11605.03
2005-09-16,11603.72
2005-09-19,11613.83
2005-09-20,11623.46
2005-09-21,11606.16
2005-09-22,11653.77
2005-09-23,11644.04
2005-09-26,11646.67
2005-09-27,11650.77
2005-09-28,11653.39
2005-09-29,11664.39
2005-09-30,11662.21
2005-10-03,11672.35
2005-10-04,11674.66
2005-10-05,11678.38
2005-10-06,11684.35
2005-10-07,11677.82
2005-10-10,11688.98
2005-10-11,11694.19
2005-10-12,11696.48
2005-10-13,11692.53
2005-10-14,11686.13
2005-10-17,11685.24
2005-10-18,11693.98
2005-10-19,11690.53
2005-10-20,11691.53
2005-10-21,11692.47
2005-10-24,11698.02
2005-10-25,11694.67
2005-10-26,11689.39
2005-10-27,11691.41
2005-10-28,11694.98
2005-10-31,11698.73
2005-11-01,11704.3
2005-11-02,11704.59
2005-11-03,11705.07
2005-11-07,11709.13
2005-11-08,11718.05
2005-11-09,11722.39
2005-11-10,11726.2
2005-11-11,11726.65
2005-11-14,11740.02
2005-11-15,11730.11
2005-11-16,11738.46
2005-11-17,11735.92
2005-11-18,11737.28
2005-11-21,11742.15
2005-11-22,11747.37
2005-11-23,11753.75
2005-11-24,11755.25
2005-11-25,11759.25
2005-11-28,11768.26
2005-11-29,11771.62
2005-11-30,11772.49
2005-12-01,11783.09
2005-12-02,11779.02
2005-12-05,11788.55
2005-12-06,11790.31
2005-12-07,11790.29
2005-12-08,11792.14
2005-12-09,11792.56
2005-12-12,11815.59
2005-12-13,11814.91
2005-12-14,11799.06
2005-12-15,11805.63
2005-12-16,11802.94
2005-12-19,11798.52
2005-12-20,11787.62
2005-12-21,11795.66
2005-12-22,11794.56
2005-12-23,11785.99
2005-12-26,11807.39
2005-12-27,11818.46
2005-12-28,11817.05
2005-12-29,11812.83
2005-12-30,11821.31
2006-01-10,11863.4
2006-01-11,11866.27
2006-01-12,11887.31
2006-01-13,11893.42
2006-01-16,11896.79
2006-01-17,11901.4
2006-01-18,11910.2
2006-01-19,11939.07
2006-01-20,11943.89
2006-01-23,11955.83
2006-01-24,11960.84
2006-01-25,11961.28
2006-01-26,11970.06
2006-01-27,11972.75
2006-01-30,11972.65
2006-01-31,11977.76
2006-02-01,11967.2
2006-02-02,11986.41
2006-02-03,11993.02
2006-02-06,12003.49
2006-02-07,12019.35
2006-02-08,12018.07
2006-02-09,12019.65
2006-02-10,12023.86
2006-02-13,12031.06
2006-02-14,12030.79
2006-02-15,12035.25
2006-02-16,12036.53
2006-02-17,12034.47
2006-02-20,12039.31
2006-02-21,12038.24
2006-02-22,12039.36
2006-02-26,12047.54
2006-02-27,12035.59
2006-02-28,12048.2
2006-03-01,12049.71
2006-03-02,12065.62
2006-03-03,12061.28
2006-03-06,12067.5
2006-03-07,12050.36
2006-03-09,12051.47
2006-03-10,12053.97
2006-03-13,12061.23
2006-03-14,12063.14
2006-03-15,12065.49
2006-03-16,12068.18
2006-03-17,12074.57
2006-03-20,12082.28
2006-03-21,12088.08
2006-03-22,12090.94
2006-03-23,12092.37
2006-03-24,12095.1
2006-03-27,12097.72
2006-03-28,12103.14
2006-03-29,12103.06
2006-03-30,12107.78
2006-03-31,12110.02
2006-04-03,12114.37
2006-04-04,12105.75
2006-04-05,12109.03
2006-04-06,12127.9
2006-04-07,12127.05
2006-04-10,12140.71
2006-04-11,12133.93
2006-04-12,12122.15
2006-04-13,12108.49
2006-04-14,12139.89
2006-04-17,12132.39
2006-04-18,12147.75
2006-04-19,12149.7
2006-04-20,12137.82
2006-04-21,12137.84
2006-04-24,12144.76
2006-04-25,12157.05
2006-04-26,12156.07
2006-04-27,12146.99
2006-04-28,12146.48
2006-05-02,12156.96
2006-05-03,12163.61
2006-05-04,12164.9
2006-05-05,12167.25
2006-05-06,12172.77
2006-05-10,12176.17
2006-05-11,12185.48
2006-05-12,12195.33
2006-05-15,12214.36
2006-05-16,12218.96
2006-05-17,12214.66
2006-05-18,12212.96
2006-05-19,12217.18
2006-05-22,12223.32
2006-05-23,12224.35
2006-05-24,12223.03
2006-05-25,12222.42
2006-05-26,12218.11
2006-05-29,12226.46
2006-05-30,12233.47
2006-05-31,12231.38
2006-06-01,12233.6
2006-06-02,12233.83
2006-06-05,12245.98
2006-06-06,12256.86
2006-06-07,12251.53
2006-06-08,12249.32
2006-06-09,12251.46
2006-06-13,12260.64
2006-06-14,12258.62
2006-06-15,12253.77
2006-06-16,12256.52
2006-06-19,12263.81
2006-06-20,12264.1
2006-06-21,12264.67
2006-06-22,12267.91
2006-06-23,12264.22
2006-06-26,12264.85
2006-06-27,12252.11
2006-06-28,12254.14
2006-06-29,12246.87
2006-06-30,12264.76
2006-07-03,12270.79
2006-07-04,12272.32
2006-07-05,12268.27
2006-07-06,12271.9
2006-07-07,12267.1
2006-07-10,12276.36
2006-07-11,12282.92
2006-07-12,12288.46
2006-07-13,12296.34
2006-07-14,12294.18
2006-07-17,12300.94
2006-07-18,12304.79
2006-07-19,12307.52
2006-07-20,12312.39
2006-07-21,12312.66
2006-07-24,12326.29
2006-07-25,12333.02
2006-07-26,12341.51
2006-07-27,12343.39
2006-07-28,12345.93
2006-07-31,12354.51
2006-08-01,12361.59
2006-08-02,12368.52
2006-08-03,12377.66
2006-08-04,12385.68
2006-08-07,12391.15
2006-08-08,12392.75
2006-08-09,12394.9
2006-08-10,12398.8
2006-08-11,12404.61
2006-08-14,12416.45
2006-08-15,12424.12
2006-08-16,12438.33
2006-08-17,12445.02
2006-08-18,12448.48
2006-08-21,12461.79
2006-08-22,12457.96
2006-08-23,12463.33
2006-08-24,12465.43
2006-08-25,12470.66
2006-08-28,12476.1
2006-08-29,12475.01
2006-08-30,12477.14
2006-08-31,12489.9
2006-09-01,12492.41
2006-09-04,12507.78
2006-09-05,12515.72
2006-09-06,12527.53
2006-09-07,12514.11
2006-09-08,12516.4
2006-09-11,12519.91
2006-09-12,12518.43
2006-09-13,12524.62
2006-09-14,12531.79
2006-09-15,12536.82
2006-09-18,12555.19
2006-09-19,12557.52
2006-09-20,12560.1
2006-09-21,12565.44
2006-09-22,12567.92
2006-09-25,12577.01
2006-09-26,12578.2
2006-09-27,12581.83
2006-09-28,12584.61
2006-09-29,12588.26
2006-10-02,12596.74
2006-10-03,12602.95
2006-10-04,12603.65
2006-10-05,12605.06
2006-10-06,12608.43
2006-10-09,12611.65
2006-10-10,12612.22
2006-10-11,12613.53
2006-10-12,12616.54
2006-10-13,12621.21
2006-10-16,12629.32
2006-10-17,12633.24
2006-10-18,12637.58
2006-10-19,12637.33
2006-10-20,12643.24
2006-10-23,12649.19
2006-10-24,12650.25
2006-10-25,12650.68
2006-10-26,12656.61
2006-10-27,12657.31
2006-10-30,12664.89
2006-10-31,12667.46
2006-11-01,12670.78
2006-11-02,12673.11
2006-11-03,12675.53
2006-11-07,12684.69
2006-11-08,12681.85
2006-11-09,12675.83
2006-11-10,12674.71
2006-11-13,12681.27
2006-11-14,12682.38
2006-11-15,12674.22
2006-11-16,12671.52
2006-11-17,12674.11
2006-11-20,12680.51
2006-11-21,12677.64
2006-11-22,12678.47
2006-11-23,12684.55
2006-11-24,12685.84
2006-11-27,12693.12
2006-11-28,12692.35
2006-11-29,12691.38
2006-11-30,12700.91
2006-12-01,12706.38
2006-12-04,12718.37
2006-12-05,12719.61
2006-12-06,12721.23
2006-12-07,12722.65
2006-12-08,12724.29
2006-12-11,12732.45
2006-12-12,12731.05
2006-12-13,12724.86
2006-12-14,12721.35
2006-12-15,12716.35
2006-12-18,12726.57
2006-12-19,12728.01
2006-12-20,12731.46
2006-12-21,12733.87
2006-12-22,12737.42
2006-12-25,12740.0
2006-12-26,12751.48
2006-12-27,12763.84
2006-12-28,12767.67
2006-12-29,12782.3
2007-01-09,12872.4
2007-01-10,12859.14
2007-01-11,12850.8
2007-01-12,12852.25
2007-01-15,12855.71
2007-01-16,12849.04
2007-01-17,12852.35
2007-01-18,12850.49
2007-01-19,12849.95
2007-01-22,12857.75
2007-01-23,12860.88
2007-01-24,12863.44
2007-01-25,12870.31
2007-01-26,12870.44
2007-01-29,12880.4
2007-01-30,12882.92
2007-01-31,12876.56
2007-02-01,12886.43
2007-02-02,12886.9
2007-02-05,12901.8
2007-02-06,12905.73
2007-02-07,12911.96
2007-02-08,12917.47
2007-02-09,12927.34
2007-02-12,12933.0
2007-02-13,12934.45
2007-02-14,12941.5
2007-02-15,12955.48
2007-02-16,12967.51
2007-02-19,12973.68
2007-02-20,12980.13
2007-02-21,12982.67
2007-02-22,12980.94
2007-02-26,12992.17
2007-02-27,13001.18
2007-02-28,13000.77
2007-03-01,13000.9
2007-03-02,13000.82
2007-03-05,13005.37
2007-03-06,13007.2
2007-03-07,13007.62
2007-03-09,13016.93
2007-03-12,13025.11
2007-03-13,13030.79
2007-03-14,13030.99
2007-03-15,13034.36
2007-03-16,13040.56
2007-03-19,13050.0
2007-03-20,13057.02
2007-03-21,13058.86
2007-03-22,13065.15
2007-03-23,13068.28
2007-03-26,13080.45
2007-03-27,13084.01
2007-03-28,13092.86
2007-03-29,13099.66
2007-03-30,13103.54
2007-04-02,13111.1
2007-04-03,13115.36
2007-04-04,13120.49
2007-04-05,13124.61
2007-04-06,13127.6
2007-04-09,13139.91
2007-04-10,13145.4
2007-04-11,13152.25
2007-04-12,13167.58
2007-04-13,13176.06
2007-04-16,13173.14
2007-04-17,13184.11
2007-04-18,13181.82
2007-04-19,13189.17
2007-04-20,13196.92
2007-04-23,13208.84
2007-04-24,13212.94
2007-04-25,13224.04
2007-04-26,13225.0
2007-04-27,13233.34
2007-04-28,13235.47
2007-05-02,13251.86
2007-05-03,13253.19
2007-05-04,13260.08
2007-05-07,13271.72
2007-05-08,13285.98
2007-05-10,13292.11
2007-05-11,13301.89
2007-05-14,13307.68
2007-05-15,13313.41
2007-05-16,13315.58
2007-05-17,13318.03
2007-05-18,13325.92
2007-05-21,13338.88
2007-05-22,13348.4
2007-05-23,13350.87
2007-05-24,13359.23
2007-05-25,13360.27
2007-05-28,13370.51
2007-05-29,13368.1
2007-05-30,13377.25
2007-05-31,13386.71
2007-06-01,13382.84
2007-06-04,13392.01
2007-06-05,13403.87
2007-06-06,13405.8
2007-06-07,13402.53
2007-06-08,13400.92
2007-06-09,13407.1
2007-06-13,13418.8
2007-06-14,13417.43
2007-06-15,13418.85
2007-06-18,13429.81
2007-06-19,13440.6
2007-06-20,13442.9
2007-06-21,13447.16
2007-06-22,13448.84
2007-06-25,13452.87
2007-06-26,13457.03
2007-06-27,13454.4
2007-06-28,13456.15
2007-06-29,13459.88
2007-07-02,13469.99
2007-07-03,13476.15
2007-07-04,13479.01
2007-07-05,13484.71
2007-07-06,13487.61
2007-07-09,13495.72
2007-07-10,13498.75
2007-07-11,13503.41
2007-07-12,13506.34
2007-07-13,13511.06
2007-07-16,13511.03
2007-07-17,13515.54
2007-07-18,13526.52
2007-07-19,13527.25
2007-07-20,13531.11
2007-07-23,13538.5
2007-07-24,13539.57
2007-07-25,13548.65
2007-07-26,13551.38
2007-07-27,13556.43
2007-07-30,13548.74
2007-07-31,13559.79
2007-08-01,13549.83
2007-08-02,13554.44
2007-08-03,13559.89
2007-08-06,13581.66
2007-08-07,13580.18
2007-08-08,13599.77
2007-08-09,13591.98
2007-08-10,13591.29
2007-08-13,13598.76
2007-08-14,13595.14
2007-08-15,13595.5
2007-08-16,13581.88
2007-08-17,13585.48
2007-08-20,13581.46
2007-08-21,13565.49
2007-08-22,13540.79
2007-08-23,13525.63
2007-08-24,13513.37
2007-08-27,13508.33
2007-08-28,13527.66
2007-08-29,13529.5
2007-08-30,13531.9
2007-08-31,13538.7
2007-09-03,13548.86
2007-09-04,13543.88
2007-09-05,13538.14
2007-09-06,13526.03
2007-09-07,13522.65
2007-09-10,13523.92
2007-09-11,13519.57
2007-09-12,13518.34
2007-09-13,13523.44
2007-09-14,13500.63
2007-09-17,13466.46
2007-09-18,13444.0
2007-09-19,13444.27
2007-09-20,13422.61
2007-09-21,13400.25
2007-09-24,13410.91
2007-09-25,13423.59
2007-09-26,13425.42
2007-09-27,13416.11
2007-09-28,13443.2
2007-10-01,13433.39
2007-10-02,13436.79
2007-10-03,13422.6
2007-10-04,13442.22
2007-10-05,13414.8
2007-10-08,13461.8
2007-10-09,13470.21
2007-10-10,13471.89
2007-10-11,13461.53
2007-10-12,13507.18
2007-10-15,13510.35
2007-10-16,13523.49
2007-10-17,13538.13
2007-10-18,13548.82
2007-10-19,13567.85
2007-10-22,13577.65
2007-10-23,13585.62
2007-10-24,13588.95
2007-10-25,13599.02
2007-10-26,13607.21
2007-10-29,13613.12
2007-10-30,13624.29
2007-10-31,13628.47
2007-11-01,13613.68
2007-11-02,13636.93
2007-11-06,13650.1
2007-11-07,13649.02
2007-11-08,13622.54
2007-11-09,13661.51
2007-11-12,13662.05
2007-11-13,13659.82
2007-11-14,13661.66
2007-11-15,13655.99
2007-11-16,13685.3
2007-11-19,13694.06
2007-11-20,13694.24
2007-11-21,13695.06
2007-11-22,13688.62
2007-11-23,13695.79
2007-11-26,13681.51
2007-11-27,13679.93
2007-11-28,13682.79
2007-11-29,13702.4
2007-11-30,13720.33
2007-12-03,13726.58
2007-12-04,13728.4
2007-12-05,13720.04
2007-12-06,13705.35
2007-12-07,13696.55
2007-12-10,13720.66
2007-12-11,13729.75
2007-12-12,13717.63
2007-12-13,13727.68
2007-12-14,13714.12
2007-12-17,13713.45
2007-12-18,13713.52
2007-12-19,13722.69
2007-12-20,13725.07
2007-12-21,13723.43
2007-12-24,13731.09
2007-12-25,13747.54
2007-12-26,13757.91
2007-12-27,13775.31
2007-12-28,13793.27
2007-12-29,13796.38
2008-01-09,13915.81
2008-01-10,13917.3
2008-01-11,13918.75
2008-01-14,13927.06
2008-01-15,13925.5
2008-01-16,13934.01
2008-01-17,13950.16
2008-01-18,13948.04
2008-01-21,13944.33
2008-01-22,13937.31
2008-01-23,13945.09
2008-01-24,13949.17
2008-01-25,13952.92
2008-01-28,13959.7
2008-01-29,13958.43
2008-01-30,13963.67
2008-01-31,13962.68
2008-02-01,13962.59
2008-02-04,13972.24
2008-02-05,13960.49
2008-02-06,13962.86
2008-02-07,13970.0
2008-02-08,13976.92
2008-02-11,13981.4
2008-02-12,13979.78
2008-02-13,13983.08
2008-02-14,13987.54
2008-02-15,13958.81
2008-02-18,13977.0
2008-02-19,13988.03
2008-02-20,13994.26
2008-02-21,13978.56
2008-02-22,13974.11
2008-02-26,13991.21
2008-02-27,13976.93
2008-02-28,13972.63
2008-02-29,13978.57
2008-03-03,13964.24
2008-03-04,13963.89
2008-03-05,13988.92
2008-03-06,13984.53
2008-03-07,13982.59
2008-03-11,13994.73
2008-03-12,13998.95
2008-03-13,13997.07
2008-03-14,14012.82
2008-03-17,14006.51
2008-03-18,14009.98
2008-03-19,14014.54
2008-03-20,14017.08
2008-03-21,14007.96
2008-03-24,14003.79
2008-03-25,14006.64
2008-03-26,14022.12
2008-03-27,14039.8
2008-03-28,14039.68
2008-03-31,14072.0
2008-04-01,14096.95
2008-04-02,14103.63
2008-04-03,14094.27
2008-04-04,14101.39
2008-04-07,14126.76
2008-04-08,14128.29
2008-04-09,14135.39
2008-04-10,14145.97
2008-04-11,14146.1
2008-04-14,14175.61
2008-04-15,14186.85
2008-04-16,14188.48
2008-04-17,14193.87
2008-04-18,14191.52
2008-04-21,14215.67
2008-04-22,14228.96
2008-04-23,14241.59
2008-04-24,14251.36
2008-04-25,14260.72
2008-04-28,14281.69
2008-04-29,14286.55
2008-04-30,14299.32
2008-05-04,14313.78
2008-05-05,14327.52
2008-05-06,14326.2
2008-05-07,14332.73
2008-05-08,14339.59
2008-05-12,14367.64
2008-05-13,14389.71
2008-05-14,14389.52
2008-05-15,14389.2
2008-05-16,14392.84
2008-05-19,14386.72
2008-05-20,14402.54
2008-05-21,14424.58
2008-05-22,14431.39
2008-05-23,14431.86
2008-05-26,14441.16
2008-05-27,14450.78
2008-05-28,14458.44
2008-05-29,14471.86
2008-05-30,14491.06
2008-06-02,14501.63
2008-06-03,14514.43
2008-06-04,14513.89
2008-06-05,14516.79
2008-06-06,14536.07
2008-06-07,14537.67
2008-06-09,14534.69
2008-06-10,14532.77
2008-06-11,14531.0
2008-06-16,14545.51
2008-06-17,14548.95
2008-06-18,14555.19
2008-06-19,14562.49
2008-06-20,14564.07
2008-06-23,14577.91
2008-06-24,14605.43
2008-06-25,14618.29
2008-06-26,14607.21
2008-06-27,14615.83
2008-06-30,14655.47
2008-07-01,14651.05
2008-07-02,14643.79
2008-07-03,14620.53
2008-07-04,14645.1
2008-07-07,14668.1
2008-07-08,14652.65
2008-07-09,14663.36
2008-07-10,14695.52
2008-07-11,14697.18
2008-07-14,14702.04
2008-07-15,14696.76
2008-07-16,14687.2
2008-07-17,14671.15
2008-07-18,14678.27
2008-07-21,14702.57
2008-07-22,14711.23
2008-07-23,14718.76
2008-07-24,14720.02
2008-07-25,14700.77
2008-07-28,14715.47
2008-07-29,14733.09
2008-07-30,14735.97
2008-07-31,14748.17
2008-08-01,14752.19
2008-08-04,14758.71
2008-08-05,14752.48
2008-08-06,14746.06
2008-08-07,14746.97
2008-08-08,14750.06
2008-08-11,14733.62
2008-08-12,14738.9
2008-08-13,14741.61
2008-08-14,14746.8
2008-08-15,14696.67
2008-08-18,14718.16
2008-08-19,14720.13
2008-08-20,14753.07
2008-08-21,14731.8
2008-08-22,14731.84
2008-08-25,14741.36
2008-08-26,14737.25
2008-08-27,14739.67
2008-08-28,14733.47
2008-08-29,14744.53
2008-09-01,14757.58
2008-09-02,14728.7
2008-09-03,14720.76
2008-09-04,14714.15
2008-09-05,14713.49
2008-09-08,14712.42
2008-09-09,14737.77
2008-09-10,14691.27
2008-09-11,14696.37
2008-09-12,14678.69
2008-09-15,14638.99
2008-09-16,14618.81
2008-09-17,14649.3
2008-09-18,14648.21
2008-09-19,14541.84
2008-09-22,14472.79
2008-09-23,14128.21
2008-09-24,14083.29
2008-09-25,13952.06
2008-09-26,14034.15
2008-09-29,13633.24
2008-09-30,13979.27
2008-10-01,13240.28
2008-10-02,13439.02
2008-10-03,12892.09
2008-10-06,13208.32
2008-10-07,13098.03
2008-10-08,12535.6
2008-10-09,12932.46
2008-10-10,12940.95
2008-10-13,12988.05
2008-10-14,12122.81
2008-10-15,12175.7
2008-10-16,12269.66
2008-10-17,11910.92
2008-10-20,11967.67
2008-10-21,12134.14
2008-10-22,11934.32
2008-10-23,11364.61
2008-10-24,10882.27
2008-10-27,10807.51
2008-10-28,10493.48
2008-10-29,10605.74
2008-10-30,10818.53
2008-10-31,11015.87
2008-11-01,10986.81
2008-11-05,10879.47
2008-11-06,10718.84
2008-11-07,10780.2
2008-11-10,10949.38
2008-11-11,10775.54
2008-11-12,10933.05
2008-11-13,10928.63
2008-11-14,11035.73
2008-11-17,10879.24
2008-11-18,10719.82
2008-11-19,10827.78
2008-11-20,10893.7
2008-11-21,10582.23
2008-11-24,10502.7
2008-11-25,10504.08
2008-11-26,10552.46
2008-11-27,10673.13
2008-11-28,10474.13
2008-12-01,10270.54
2008-12-02,10280.44
2008-12-03,10327.21
2008-12-04,10613.68
2008-12-05,10500.4
2008-12-08,10346.66
2008-12-09,10629.03
2008-12-10,10507.19
2008-12-11,10403.64
2008-12-12,10373.7
2008-12-15,10371.11
2008-12-16,10199.98
2008-12-17,10272.37
2008-12-18,10360.37
2008-12-19,9404.03
2008-12-22,9547.46
2008-12-23,9619.71
2008-12-24,9879.28
2008-12-25,9899.53
2008-12-26,9881.58
2008-12-29,9398.6
2008-12-30,9405.79
2008-12-31,9726.63
2009-01-11,9790.43
2009-01-12,9646.99
2009-01-13,9644.97
2009-01-14,9652.29
2009-01-15,9627.4
2009-01-16,9610.12
2009-01-19,9669.46
2009-01-20,9537.01
2009-01-21,9646.19
2009-01-22,9599.77
2009-01-23,9637.83
2009-01-26,9667.19
2009-01-27,9676.81
2009-01-28,9704.64
2009-01-29,9525.15
2009-01-30,9840.0
2009-02-02,9837.82
2009-02-03,9955.1
2009-02-04,9872.47
2009-02-05,9662.2
2009-02-06,9674.76
2009-02-09,9723.66
2009-02-10,9743.41
2009-02-11,9592.61
2009-02-12,9758.07
2009-02-13,9656.47
2009-02-16,9669.12
2009-02-17,9646.21
2009-02-18,9634.18
2009-02-19,9611.37
2009-02-20,9737.12
2009-02-24,9673.06
2009-02-25,9700.34
2009-02-26,9814.01
2009-02-27,10045.75
2009-03-02,10019.58
2009-03-03,9970.61
2009-03-04,9995.59
2009-03-05,10046.05
2009-03-06,10118.22
2009-03-10,10301.44
2009-03-11,10280.8
2009-03-12,10306.64
2009-03-13,10291.54
2009-03-16,10256.54
2009-03-17,10303.38
2009-03-18,10588.81
2009-03-19,10651.08
2009-03-20,10913.18
2009-03-23,11005.69
2009-03-24,11221.84
2009-03-25,11211.66
2009-03-26,11408.73
2009-03-27,11435.78
2009-03-30,11606.58
2009-03-31,11607.58
2009-04-01,11657.38
2009-04-02,11721.73
2009-04-03,11777.69
2009-04-06,11731.21
2009-04-07,11743.77
2009-04-08,11587.14
2009-04-09,11657.45
2009-04-10,11585.58
2009-04-13,11689.51
2009-04-14,11711.01
2009-04-15,11713.51
2009-04-16,11767.77
2009-04-17,11752.37
2009-04-20,11875.66
2009-04-21,11875.47
2009-04-22,11880.31
2009-04-23,11921.79
2009-04-24,11926.96
2009-04-27,11897.9
2009-04-28,11852.31
2009-04-29,11912.72
2009-04-30,12215.05
2009-05-04,12010.99
2009-05-05,11987.03
2009-05-06,11975.16
2009-05-07,11996.83
2009-05-08,12017.19
2009-05-12,12085.09
2009-05-13,12095.93
2009-05-14,12119.96
2009-05-15,12202.56
2009-05-18,12185.34
2009-05-19,12255.67
2009-05-20,12247.68
2009-05-21,12228.99
2009-05-22,12259.43
2009-05-25,12248.82
2009-05-26,12260.17
2009-05-27,12306.71
2009-05-28,12258.91
2009-05-29,12295.07
2009-06-01,12358.17
2009-06-02,12360.43
2009-06-03,12430.64
2009-06-04,12497.99
2009-06-05,12566.12
2009-06-08,12571.68
2009-06-09,12596.82
2009-06-10,12579.53
2009-06-11,12592.22
2009-06-15,12624.39
2009-06-16,12709.86
2009-06-17,12760.29
2009-06-18,12717.42
2009-06-19,12561.17
2009-06-22,12523.8
2009-06-23,12470.77
2009-06-24,12508.7
2009-06-25,12529.04
2009-06-26,12606.91
2009-06-29,12629.88
2009-06-30,12660.95
2009-07-01,13627.67
2009-07-02,13613.31
2009-07-03,13652.91
2009-07-06,13652.5
2009-07-07,13688.53
2009-07-08,13759.98
2009-07-09,13772.73
2009-07-10,13762.31
2009-07-13,13776.2
2009-07-14,13818.32
2009-07-15,13815.81
2009-07-16,13429.79
2009-07-17,13417.56
2009-07-20,13507.86
2009-07-21,13536.76
2009-07-22,13580.9
2009-07-23,13519.9
2009-07-24,13531.33
2009-07-27,13568.56
2009-07-28,13604.47
2009-07-29,13606.28
2009-07-30,13630.01
2009-07-31,13668.18
2009-08-03,13689.98
2009-08-04,13709.59
2009-08-05,13745.18
2009-08-06,13871.36
2009-08-07,13884.8
2009-08-10,13936.35
2009-08-11,13986.13
2009-08-12,13994.5
2009-08-13,13951.72
2009-08-14,13957.37
2009-08-17,13993.12
2009-08-18,13697.34
2009-08-19,13617.83
2009-08-20,13643.99
2009-08-21,13592.56
2009-08-24,13631.84
2009-08-25,13635.86
2009-08-26,13631.3
2009-08-27,13664.21
2009-08-28,13682.39
2009-08-31,13695.28
2009-09-01,13711.4
2009-09-02,13710.83
2009-09-03,13728.2
2009-09-04,13739.53
2009-09-07,13786.58
2009-09-08,13825.68
2009-09-09,13876.33
2009-09-10,13928.8
2009-09-11,13948.35
2009-09-14,13988.59
2009-09-15,13880.0
2009-09-16,13900.81
2009-09-17,13942.38
2009-09-18,13982.05
2009-09-21,14056.9
2009-09-22,14111.73
2009-09-23,14139.4
2009-09-24,14139.24
2009-09-25,14173.9
2009-09-28,14251.94
2009-09-29,14300.26
2009-09-30,14329.71
2009-10-01,14391.32
2009-10-02,14415.97
2009-10-05,14479.28
2009-10-06,14544.09
2009-10-07,14621.49
2009-10-08,14686.06
2009-10-09,14774.07
2009-10-12,14816.32
2009-10-13,14848.46
2009-10-14,14868.27
2009-10-15,14929.3
2009-10-16,14945.01
2009-10-19,14969.83
2009-10-20,15034.93
2009-10-21,15083.66
2009-10-22,15122.73
2009-10-23,15125.68
2009-10-26,15175.56
2009-10-27,15134.68
2009-10-28,15079.87
2009-10-29,15078.04
2009-10-30,15076.98
2009-11-02,15142.03
2009-11-03,15119.35
2009-11-05,15171.59
2009-11-06,15222.62
2009-11-09,15252.05
2009-11-10,15240.53
2009-11-11,15313.2
2009-11-12,15338.26
2009-11-13,15344.82
2009-11-16,15420.39
2009-11-17,15449.68
2009-11-18,15489.66
2009-11-19,15498.14
2009-11-20,15497.7
2009-11-23,15508.71
2009-11-24,15539.14
2009-11-25,15571.87
2009-11-26,15539.44
2009-11-27,15498.49
2009-11-30,15484.78
2009-12-01,15489.01
2009-12-02,15508.23
2009-12-03,15516.52
2009-12-04,15533.23
2009-12-07,15539.0
2009-12-08,15556.28
2009-12-09,15606.36
2009-12-10,15586.54
2009-12-11,15601.75
2009-12-14,15632.52
2009-12-15,15649.41
2009-12-16,15657.67
2009-12-17,15648.87
2009-12-18,15566.93
2009-12-21,15601.74
2009-12-22,15602.31
2009-12-23,15594.81
2009-12-24,15548.02
2009-12-25,15574.85
2009-12-28,15627.5
2009-12-29,15480.34
2009-12-30,15639.91
2009-12-31,15676.5
2010-01-11,15748.35
2010-01-12,15766.73
2010-01-13,15783.49
2010-01-14,15849.54
2010-01-15,15824.94
2010-01-18,15865.92
2010-01-19,15903.01
2010-01-20,15964.46
2010-01-21,16032.44
2010-01-22,16027.72
2010-01-25,16031.94
2010-01-26,16024.53
2010-01-27,16018.04
2010-01-28,16039.3
2010-01-29,16063.55
2010-02-01,16052.47
2010-02-02,16070.53
2010-02-03,16095.82
2010-02-04,16109.04
2010-02-05,16075.46
2010-02-08,16106.25
2010-02-09,16109.91
2010-02-10,16119.22
2010-02-11,16139.61
2010-02-12,16143.66
2010-02-15,16166.45
2010-02-16,16207.62
2010-02-17,16258.43
2010-02-18,16295.02
2010-02-19,16338.99
2010-02-24,16345.36
2010-02-25,16381.42
2010-02-26,16408.69
2010-02-27,16418.3
2010-03-01,16453.2
2010-03-02,16533.13
2010-03-03,16613.11
2010-03-04,16646.4
2010-03-05,16688.01
2010-03-09,16693.37
2010-03-10,16773.67
2010-03-11,16838.55
2010-03-12,16891.31
2010-03-15,16914.09
2010-03-16,16891.98
2010-03-17,16934.95
2010-03-18,16950.81
2010-03-19,16957.4
2010-03-22,16981.1
2010-03-23,16988.49
2010-03-24,16984.27
2010-03-25,17002.11
2010-03-26,17021.07
2010-03-29,17040.49
2010-03-30,17025.85
2010-03-31,17060.52
2010-04-01,17050.96
2010-04-02,17057.73
2010-04-05,17081.79
2010-04-06,17101.17
2010-04-07,17099.35
2010-04-08,17120.18
2010-04-09,17133.16
2010-04-12,17149.58
2010-04-13,17157.5
2010-04-14,17159.33
2010-04-15,17152.2
2010-04-16,17167.14
2010-04-19,17157.61
2010-04-20,17156.39
2010-04-21,17151.75
2010-04-22,17147.21
2010-04-23,17120.21
2010-04-26,17110.87
2010-04-27,17076.42
2010-04-28,17031.11
2010-04-29,17053.9
2010-04-30,17102.59
2010-05-04,17113.4
2010-05-05,17083.73
2010-05-06,17065.37
2010-05-07,17004.27
2010-05-11,16980.26
2010-05-12,16992.9
2010-05-13,17033.84
2010-05-14,17039.7
2010-05-17,17071.87
2010-05-18,17071.72
2010-05-19,17065.87
2010-05-20,17012.41
2010-05-21,17000.97
2010-05-24,17000.36
2010-05-25,17002.43
2010-05-26,16997.6
2010-05-27,17006.97
2010-05-28,17013.73
2010-05-31,17043.81
2010-06-01,17062.38
2010-06-02,17080.21
2010-06-03,17130.34
2010-06-04,17139.57
2010-06-07,17138.13
2010-06-08,17139.66
2010-06-09,17193.94
2010-06-10,17231.43
2010-06-11,17238.3
2010-06-15,17282.5
2010-06-16,17300.55
2010-06-17,17325.99
2010-06-18,17346.03
2010-06-21,17376.61
2010-06-22,17376.16
2010-06-23,17369.43
2010-06-24,17380.86
2010-06-25,17388.76
2010-06-28,17398.81
2010-06-29,17398.6
2010-06-30,17414.81
2010-07-01,17401.08
2010-07-02,17407.7
2010-07-05,17426.95
2010-07-06,17441.82
2010-07-07,17442.35
2010-07-08,17452.86
2010-07-09,17471.0
2010-07-12,17496.28
2010-07-13,17517.38
2010-07-14,17524.57
2010-07-15,17516.7
2010-07-16,17561.71
2010-07-19,17572.0
2010-07-20,17580.66
2010-07-21,17613.77
2010-07-22,17615.05
2010-07-23,17629.96
2010-07-26,17643.37
2010-07-27,17661.57
2010-07-28,17666.93
2010-07-29,17689.53
2010-07-30,17696.19
2010-08-02,17709.99
2010-08-03,17712.88
2010-08-04,17720.36
2010-08-05,17731.41
2010-08-06,17739.98
2010-08-09,17736.44
2010-08-10,17765.83
2010-08-11,17779.96
2010-08-12,17764.71
2010-08-13,17766.7
2010-08-16,17767.66
2010-08-17,17781.08
2010-08-18,17801.57
2010-08-19,17804.34
2010-08-20,17798.61
2010-08-23,17794.66
2010-08-24,17811.62
2010-08-25,17794.81
2010-08-26,17790.06
2010-08-27,17790.99
2010-08-30,17805.47
2010-08-31,17806.45
2010-09-01,17812.13
2010-09-02,17814.57
2010-09-03,17823.47
2010-09-06,17830.46
2010-09-07,17851.99
2010-09-08,17842.5
2010-09-09,17849.81
2010-09-10,17852.06
2010-09-13,17867.48
2010-09-14,17877.72
2010-09-15,17879.98
2010-09-16,17876.84
2010-09-17,17874.92
2010-09-20,17896.25
2010-09-21,17905.53
2010-09-22,17913.48
2010-09-23,17916.42
2010-09-24,17922.02
2010-09-27,17936.9
2010-09-28,17944.64
2010-09-29,17942.35
2010-09-30,17955.8
2010-10-01,17958.8
2010-10-04,17971.76
2010-10-05,17972.76
2010-10-06,17980.81
2010-10-07,18001.15
2010-10-08,18019.62
2010-10-11,18038.7
2010-10-12,18031.93
2010-10-13,18046.83
2010-10-14,18065.8
2010-10-15,18070.52
2010-10-18,18084.98
2010-10-19,18088.72
2010-10-20,18089.54
2010-10-21,18104.81
2010-10-22,18100.04
2010-10-25,18113.04
2010-10-26,18127.78
2010-10-27,18128.33
2010-10-28,18135.44
2010-10-29,18111.71
2010-11-01,18140.87
2010-11-02,18149.95
2010-11-03,18155.88
2010-11-08,18173.91
2010-11-09,18194.6
2010-11-10,18199.66
2010-11-11,18193.83
2010-11-12,18202.83
2010-11-13,18208.94
2010-11-15,18216.18
2010-11-16,18209.87
2010-11-17,18213.65
2010-11-18,18218.75
2010-11-19,18225.84
2010-11-22,18254.89
2010-11-23,18242.22
2010-11-24,18246.83
2010-11-25,18255.98
2010-11-26,18262.5
2010-11-29,18270.72
2010-11-30,18274.23
2010-12-01,18271.07
2010-12-02,18277.36
2010-12-03,18290.24
2010-12-06,18308.47
2010-12-07,18315.51
2010-12-08,18313.13
2010-12-09,18315.88
2010-12-10,18317.98
2010-12-13,18331.77
2010-12-14,18332.88
2010-12-15,18333.36
2010-12-16,18338.88
2010-12-17,18346.31
2010-12-20,18356.87
2010-12-21,18363.19
2010-12-22,18367.42
2010-12-23,18368.01
2010-12-24,18371.46
2010-12-27,18341.05
2010-12-28,18352.02
2010-12-29,18351.74
2010-12-30,18363.51
2010-12-31,18367.32
2011-01-11,18430.06
2011-01-12,18428.59
2011-01-13,18435.33
2011-01-14,18446.56
2011-01-17,18463.0
2011-01-18,18468.51
2011-01-19,18477.83
2011-01-20,18484.94
2011-01-21,18490.92
2011-01-24,18505.0
2011-01-25,18512.4
2011-01-26,18520.22
2011-01-27,18528.41
2011-01-28,18536.21
2011-01-31,18544.07
2011-02-01,18556.71
2011-02-02,18566.38
2011-02-03,18567.57
2011-02-04,18584.85
2011-02-07,18586.55
2011-02-08,18588.77
2011-02-09,18600.0
2011-02-10,18614.34
2011-02-11,18624.21
2011-02-14,18669.68
2011-02-15,18679.5
2011-02-16,18687.43
2011-02-17,18698.7
2011-02-18,18719.9
2011-02-21,18727.0
2011-02-22,18730.66
2011-02-24,18756.07
2011-02-25,18762.35
2011-02-28,18763.45
2011-03-01,18783.04
2011-03-02,18794.79
2011-03-03,18803.82
2011-03-04,18820.73
2011-03-05,18825.45
2011-03-09,18844.66
2011-03-10,18860.94
2011-03-11,18860.56
2011-03-14,18876.88
2011-03-15,18877.09
2011-03-16,18878.68
2011-03-17,18888.93
2011-03-18,18893.83
2011-03-21,18904.17
2011-03-22,18925.75
2011-03-23,18933.4
2011-03-24,18953.23
2011-03-25,18970.43
2011-03-28,18996.82
2011-03-29,19003.11
2011-03-30,19011.48
2011-03-31,19032.32
2011-04-01,19071.89
2011-04-04,19105.32
2011-04-05,19122.24
2011-04-06,19133.87
2011-04-07,19149.0
2011-04-08,19164.59
2011-04-11,19188.35
2011-04-12,19195.77
2011-04-13,19188.51
2011-04-14,19196.5
2011-04-15,19195.48
2011-04-18,19210.9
2011-04-19,19209.13
2011-04-20,19213.26
2011-04-21,19210.6
2011-04-22,19230.16
2011-04-25,19252.81
2011-04-26,19252.5
2011-04-27,19253.03
2011-04-28,19261.41
2011-04-29,19264.46
2011-05-03,19275.85
2011-05-04,19272.2
2011-05-05,19275.5
2011-05-06,19279.56
2011-05-10,19297.64
2011-05-11,19293.07
2011-05-12,19301.14
2011-05-13,19300.45
2011-05-16,19311.04
2011-05-17,19319.22
2011-05-18,19329.72
2011-05-19,19339.41
2011-05-20,19341.38
2011-05-23,19352.77
2011-05-24,19349.2
2011-05-25,19342.26
2011-05-26,19352.78
2011-05-27,19355.93
2011-05-30,19372.9
2011-05-31,19386.43
2011-06-01,19378.63
2011-06-02,19384.88
2011-06-03,19396.57
2011-06-06,19413.65
2011-06-07,19422.58
2011-06-08,19426.04
2011-06-09,19437.73
2011-06-10,19439.1
2011-06-14,19473.52
2011-06-15,19479.78
2011-06-16,19489.9
2011-06-17,19494.78
2011-06-20,19504.79
2011-06-21,19518.27
2011-06-22,19513.17
2011-06-23,19525.03
2011-06-24,19528.12
2011-06-27,19544.34
2011-06-28,19546.6
2011-06-29,19551.08
2011-06-30,19579.82
2011-07-01,19579.77
2011-07-04,19607.5
2011-07-05,19612.32
2011-07-06,19618.72
2011-07-07,19638.91
2011-07-08,19642.29
2011-07-11,19657.98
2011-07-12,19666.7
2011-07-13,19669.37
2011-07-14,19673.07
2011-07-15,19688.22
2011-07-18,19709.66
2011-07-19,19714.89
2011-07-20,19724.1
2011-07-21,19732.16
2011-07-22,19739.93
2011-07-25,19746.85
2011-07-26,19753.33
2011-07-27,19769.67
2011-07-28,19790.81
2011-07-29,19804.84
2011-08-01,19801.12
2011-08-02,19858.21
2011-08-03,19862.28
2011-08-04,19862.56
2011-08-05,19845.14
2011-08-08,19821.73
2011-08-09,19713.5
2011-08-10,19723.48
2011-08-11,19682.45
2011-08-12,19622.66
2011-08-15,19629.82
2011-08-16,19659.9
2011-08-17,19651.59
2011-08-18,19681.3
2011-08-19,19674.34
2011-08-22,19688.16
2011-08-23,19707.49
2011-08-24,19718.96
2011-08-25,19710.71
2011-08-26,19704.87
2011-08-29,19710.72
2011-08-30,19745.43
2011-08-31,19773.51
2011-09-01,19778.64
2011-09-02,19773.04
2011-09-05,19783.69
2011-09-06,19788.51
2011-09-07,19803.37
2011-09-08,19804.75
2011-09-09,19821.09
2011-09-12,19815.54
2011-09-13,19820.42
2011-09-14,19814.73
2011-09-15,19808.64
2011-09-16,19823.0
2011-09-19,19806.25
2011-09-20,19802.26
2011-09-21,19799.97
2011-09-22,19682.85
2011-09-23,19569.84
2011-09-26,19551.01
2011-09-27,19601.55
2011-09-28,19583.67
2011-09-29,19587.83
2011-09-30,19580.99
2011-10-03,19417.29
2011-10-04,19304.88
2011-10-05,19318.62
2011-10-06,19336.07
2011-10-07,19366.51
2011-10-10,19409.63
2011-10-11,19427.23
2011-10-12,19451.26
2011-10-13,19451.28
2011-10-14,19455.9
2011-10-17,19463.6
2011-10-18,19429.39
2011-10-19,19460.65
2011-10-20,19439.62
2011-10-21,19481.98
2011-10-24,19542.31
2011-10-25,19579.77
2011-10-26,19600.89
2011-10-27,19704.15
2011-10-28,19731.93
2011-10-31,19697.5
2011-11-01,19661.82
2011-11-02,19693.08
2011-11-03,19711.77
2011-11-07,19728.54
2011-11-08,19743.51
2011-11-09,19687.56
2011-11-10,19672.93
2011-11-11,19723.79
2011-11-14,19752.9
2011-11-15,19679.33
2011-11-16,19711.85
2011-11-17,19720.01
2011-11-18,19730.06
2011-11-21,19735.12
2011-11-22,19728.89
2011-11-23,19674.93
2011-11-24,19674.21
2011-11-25,19661.91
2011-11-28,19680.43
2011-11-29,19655.04
2011-11-30,19713.11
2011-12-01,19717.88
2011-12-02,19726.42
2011-12-05,19742.88
2011-12-06,19750.72
2011-12-07,19761.06
2011-12-08,19759.88
2011-12-09,19760.37
2011-12-12,19788.01
2011-12-13,19788.01
2011-12-14,19780.47
2011-12-15,19782.82
2011-12-16,19802.34
2011-12-19,19811.27
2011-12-20,19835.25
2011-12-21,19859.89
2011-12-22,19833.2
2011-12-23,19829.81
2011-12-26,19872.85
2011-12-27,19873.3
2011-12-28,19868.74
2011-12-29,19868.06
2011-12-30,19926.27
2012-01-10,20047.82
2012-01-11,20031.84
2012-01-12,20030.78
2012-01-13,20025.71
2012-01-16,20037.08
2012-01-17,20071.89
2012-01-18,20094.8
2012-01-19,20104.67
2012-01-20,20132.46
2012-01-23,20204.35
2012-01-24,20217.31
2012-01-25,20219.19
2012-01-26,20232.25
2012-01-27,20288.86
2012-01-30,20299.68
2012-01-31,20316.45
2012-02-01,20327.21
2012-02-02,20326.71
2012-02-03,20362.44
2012-02-06,20402.07
2012-02-07,20431.19
2012-02-08,20431.61
2012-02-09,20390.47
2012-02-10,20423.66
2012-02-13,20443.3
2012-02-14,20473.6
2012-02-15,20491.13
2012-02-16,20477.26
2012-02-17,20538.33
2012-02-20,20544.33
2012-02-21,20527.33
2012-02-22,20556.53
2012-02-24,20604.22
2012-02-27,20606.56
2012-02-28,20604.42
2012-02-29,20619.02
2012-03-01,20619.62
2012-03-02,20650.1
2012-03-05,20676.4
2012-03-06,20651.52
2012-03-07,20676.59
2012-03-11,20747.94
2012-03-12,20719.59
2012-03-13,20739.76
2012-03-14,20776.77
2012-03-15,20762.1
2012-03-16,20795.21
2012-03-19,20786.5
2012-03-20,20772.5
2012-03-21,20780.72
2012-03-22,20757.4
2012-03-23,20764.68
2012-03-26,20798.45
2012-03-27,20795.66
2012-03-28,20766.81
2012-03-29,20773.29
2012-03-30,20790.65
2012-04-02,20813.64
2012-04-03,20822.44
2012-04-04,20818.25
2012-04-05,20817.14
2012-04-06,20817.32
2012-04-09,20818.59
2012-04-10,20815.39
2012-04-11,20811.03
2012-04-12,20838.9
2012-04-13,20822.31
2012-04-16,20814.74
2012-04-17,20849.22
2012-04-18,20850.33
2012-04-19,20851.1
2012-04-20,20880.87
2012-04-23,20856.93
2012-04-24,20862.77
2012-04-25,20876.72
2012-04-26,20863.1
2012-04-27,20865.0
2012-04-28,20889.14
2012-05-02,20895.87
2012-05-03,20915.87
2012-05-04,20911.55
2012-05-05,20918.14
2012-05-10,20913.99
2012-05-11,20924.07
2012-05-12,20923.91
2012-05-14,20872.08
2012-05-15,20852.12
2012-05-16,20780.11
2012-05-17,20726.03
2012-05-18,20690.62
2012-05-21,20726.45
2012-05-22,20715.77
2012-05-23,20718.01
2012-05-24,20740.14
2012-05-25,20731.41
2012-05-28,20750.53
2012-05-29,20763.88
2012-05-30,20808.17
2012-05-31,20883.35
2012-06-01,20884.92
2012-06-04,20928.67
2012-06-05,20937.29
2012-06-06,20943.14
2012-06-07,20945.69
2012-06-08,20880.78
2012-06-09,20923.11
2012-06-13,20941.16
2012-06-14,20941.76
2012-06-15,20952.98
2012-06-18,20955.04
2012-06-19,20941.02
2012-06-20,20949.33
2012-06-21,20937.2
2012-06-22,20934.36
2012-06-25,20958.39
2012-06-26,20960.92
2012-06-27,20968.22
2012-06-28,20969.98
2012-06-29,20981.81
2012-07-02,21020.59
2012-07-03,21032.33
2012-07-04,21054.72
2012-07-05,21035.39
2012-07-06,21042.18
2012-07-09,21072.59
2012-07-10,21110.28
2012-07-11,21111.71
2012-07-12,21118.87
2012-07-13,21128.62
2012-07-16,21160.47
2012-07-17,21175.68
2012-07-18,21203.09
2012-07-19,21224.39
2012-07-20,21214.84
2012-07-23,21173.49
2012-07-24,21184.06
2012-07-25,21200.92
2012-07-26,21221.22
2012-07-27,21204.76
2012-07-30,21211.34
2012-07-31,21225.29
2012-08-01,21234.31
2012-08-02,21239.19
2012-08-03,21235.37
2012-08-06,21229.52
2012-08-07,21217.6
2012-08-08,21212.94
2012-08-09,21229.54
2012-08-10,21233.22
2012-08-13,21259.67
2012-08-14,21261.45
2012-08-15,21255.21
2012-08-16,21258.19
2012-08-17,21278.72
2012-08-20,21286.42
2012-08-21,21285.47
2012-08-22,21303.86
2012-08-23,21301.52
2012-08-24,21296.79
2012-08-27,21318.58
2012-08-28,21330.63
2012-08-29,21344.18
2012-08-30,21366.1
2012-08-31,21354.92
2012-09-03,21357.17
2012-09-04,21370.7
2012-09-05,21380.69
2012-09-06,21373.23
2012-09-07,21365.75
2012-09-10,21381.38
2012-09-11,21378.01
2012-09-12,21381.28
2012-09-13,21373.36
2012-09-14,21351.95
2012-09-17,21360.52
2012-09-18,21371.78
2012-09-19,21369.33
2012-09-20,21374.08
2012-09-21,21379.83
2012-09-24,21390.33
2012-09-25,21394.82
2012-09-26,21398.93
2012-09-27,21425.41
2012-09-28,21432.5
2012-10-01,21442.79
2012-10-02,21431.88
2012-10-03,21430.57
2012-10-04,21445.24
2012-10-05,21458.86
2012-10-08,21459.64
2012-10-09,21465.07
2012-10-10,21469.95
2012-10-11,21473.07
2012-10-12,21474.6
2012-10-15,21488.74
2012-10-16,21500.14
2012-10-17,21524.42
2012-10-18,21519.08
2012-10-19,21556.69
2012-10-22,21579.73
2012-10-23,21540.6
2012-10-24,21550.22
2012-10-25,21565.68
2012-10-26,21572.24
2012-10-29,21582.46
2012-10-30,21586.17
2012-10-31,21594.26
2012-11-01,21601.85
2012-11-02,21556.76
2012-11-06,21583.87
2012-11-07,21586.86
2012-11-08,21594.13
2012-11-09,21604.3
2012-11-12,21614.91
2012-11-13,21617.99
2012-11-14,21618.79
2012-11-15,21625.05
2012-11-16,21631.71
2012-11-19,21682.06
2012-11-20,21705.19
2012-11-21,21764.53
2012-11-22,21786.82
2012-11-23,21789.23
2012-11-26,21854.35
2012-11-27,21875.7
2012-11-28,21873.58
2012-11-29,21955.5
2012-11-30,21984.01
2012-12-03,22021.17
2012-12-04,22086.12
2012-12-05,22092.54
2012-12-06,22085.79
2012-12-07,22093.91
2012-12-10,22156.79
2012-12-11,22195.77
2012-12-12,22227.92
2012-12-13,22180.19
2012-12-14,22240.25
2012-12-17,22241.71
2012-12-18,22239.65
2012-12-19,22249.14
2012-12-20,22245.66
2012-12-21,22227.77
2012-12-24,22265.61
2012-12-25,22268.0
2012-12-26,22229.84
2012-12-27,22299.13
2012-12-28,22320.63
2012-12-29,22323.24
2013-01-09,22457.61
2013-01-10,22572.73
2013-01-11,22536.66
2013-01-14,22571.21
2013-01-15,22555.93
2013-01-16,22529.14
2013-01-17,22537.18
2013-01-18,22574.88
2013-01-21,22581.51
2013-01-22,22578.18
2013-01-23,22607.05
2013-01-24,22651.8
2013-01-25,22682.73
2013-01-28,22683.6
2013-01-29,22688.79
2013-01-30,22699.04
2013-01-31,22674.76
2013-02-01,22675.29
2013-02-04,22670.28
2013-02-05,22657.02
2013-02-06,22698.15
2013-02-07,22689.26
2013-02-08,22681.48
2013-02-11,22694.57
2013-02-12,22707.71
2013-02-13,22756.53
2013-02-14,22744.59
2013-02-15,22745.73
2013-02-18,22753.14
2013-02-19,22760.86
2013-02-20,22767.75
2013-02-21,22765.03
2013-02-22,22775.88
2013-02-25,22795.75
2013-02-26,22812.14
2013-02-27,22839.29
2013-02-28,22839.86
2013-03-01,22850.8
2013-03-04,22872.39
2013-03-05,22880.64
2013-03-06,22900.31
2013-03-07,22907.39
2013-03-11,22939.84
2013-03-12,22939.54
2013-03-13,22957.61
2013-03-14,22953.23
2013-03-15,22958.01
2013-03-18,22957.34
2013-03-19,22965.85
2013-03-20,22975.09
2013-03-21,23006.5
2013-03-22,23014.57
2013-03-25,23031.0
2013-03-26,23025.6
2013-03-27,23054.44
2013-03-28,23054.84
2013-03-29,23050.48
2013-04-01,23082.38
2013-04-02,23104.32
2013-04-03,23137.07
2013-04-04,23175.14
2013-04-05,23187.09
2013-04-08,23162.08
2013-04-09,23177.03
2013-04-10,23148.63
2013-04-11,23155.62
2013-04-12,23168.17
2013-04-15,23172.51
2013-04-16,23181.34
2013-04-17,23172.14
2013-04-18,23192.33
2013-04-19,23152.17
2013-04-22,23171.37
2013-04-23,23175.21
2013-04-24,23165.27
2013-04-25,23102.69
2013-04-26,23118.51
2013-04-29,23066.21
2013-04-30,23079.68
2013-05-06,23126.64
2013-05-07,23143.04
2013-05-08,23149.7
2013-05-13,23246.44
2013-05-14,23266.52
2013-05-15,23297.18
2013-05-16,23322.68
2013-05-17,23336.08
2013-05-20,23322.75
2013-05-21,23300.23
2013-05-22,23299.83
2013-05-23,23280.99
2013-05-24,23303.3
2013-05-27,23297.6
2013-05-28,23303.28
2013-05-29,23320.43
2013-05-30,23344.77
2013-05-31,23371.3
2013-06-03,23374.59
2013-06-04,23368.28
2013-06-05,23354.27
2013-06-06,23342.78
2013-06-07,23360.3
2013-06-10,23390.7
2013-06-11,23398.23
2013-06-13,23331.09
2013-06-14,23346.76
2013-06-17,23309.99
2013-06-18,23324.78
2013-06-19,23343.12
2013-06-20,23377.12
2013-06-21,23390.95
2013-06-24,23386.22
2013-06-25,23296.56
2013-06-26,23264.22
2013-06-27,23264.44
2013-06-28,23288.1
2013-07-01,23290.49
2013-07-02,23291.33
2013-07-03,23272.17
2013-07-04,23301.41
2013-07-05,23281.46
2013-07-08,23287.6
2013-07-09,23300.01
2013-07-10,23293.88
2013-07-11,23319.67
2013-07-12,23318.08
2013-07-15,23378.74
2013-07-16,23417.63
2013-07-17,23421.14
2013-07-18,23425.21
2013-07-19,23446.63
2013-07-22,23474.64
2013-07-23,23476.51
2013-07-24,23457.52
2013-07-25,23446.42
2013-07-26,23468.22
2013-07-29,23484.64
2013-07-30,23525.84
2013-07-31,23509.51
2013-08-01,23516.42
2013-08-02,23470.52
2013-08-05,23476.66
2013-08-06,23449.55
2013-08-07,23437.03
2013-08-08,23456.41
2013-08-09,23438.69
2013-08-12,23462.47
2013-08-13,23472.98
2013-08-14,23495.46
2013-08-15,23491.2
2013-08-16,23498.76
2013-08-19,23492.11
2013-08-20,23482.38
2013-08-21,23467.89
2013-08-22,23466.06
2013-08-23,23493.41
2013-08-26,23498.05
2013-08-27,23328.02
2013-08-28,23120.15
2013-08-29,23112.57
2013-08-30,23256.45
2013-09-02,23195.19
2013-09-03,23243.12
2013-09-04,23119.02
2013-09-05,23161.32
2013-09-06,23195.72
2013-09-09,23222.32
2013-09-10,23167.75
2013-09-11,23178.16
2013-09-12,23183.15
2013-09-13,23202.72
2013-09-16,23228.88
2013-09-17,23134.5
2013-09-18,23131.18
2013-09-19,23154.36
2013-09-20,23128.22
2013-09-23,23149.44
2013-09-24,23166.24
2013-09-25,22868.82
2013-09-26,22815.88
2013-09-27,22792.61
2013-09-30,22697.7
2013-10-01,22670.12
2013-10-02,22608.82
2013-10-03,22584.6
2013-10-04,22541.35
2013-10-07,22452.0
2013-10-08,22415.44
2013-10-09,22385.71
2013-10-10,22353.38
2013-10-11,22322.79
2013-10-14,22248.65
2013-10-15,22215.41
2013-10-16,22168.94
2013-10-17,22106.36
2013-10-18,22095.68
2013-10-21,22091.25
2013-10-22,22064.27
2013-10-23,22130.9
2013-10-24,23430.34
2013-10-25,23372.4
2013-10-28,23405.54
2013-10-29,23436.69
2013-10-30,23416.76
2013-10-31,23449.03
2013-11-01,23487.71
2013-11-05,23307.36
2013-11-06,23230.81
2013-11-07,23222.1
2013-11-08,23253.99
2013-11-11,23276.87
2013-11-12,23135.94
2013-11-13,23152.48
2013-11-14,23196.65
2013-11-15,23169.64
2013-11-18,23184.69
2013-11-19,23377.74
2013-11-20,23442.2
2013-11-21,23483.98
2013-11-22,23497.88
2013-11-25,23500.89
2013-11-26,23561.82
2013-11-27,23584.5
2013-11-28,23599.13
2013-11-29,23607.87
2013-12-02,23600.52
2013-12-03,23557.8
2013-12-04,23523.52
2013-12-05,23555.14
2013-12-06,23563.78
2013-12-09,23547.24
2013-12-10,23520.54
2013-12-11,23524.11
2013-12-12,23488.11
2013-12-13,23528.82
2013-12-16,23560.27
2013-12-17,23588.68
2013-12-18,23564.63
2013-12-19,23524.99
2013-12-20,23501.62
2013-12-23,23578.69
2013-12-24,23418.19
2013-12-25,23410.39
2013-12-26,23351.7
2013-12-27,23375.99
2013-12-30,23449.95
2013-12-31,23455.99
2014-01-09,23602.74
2014-01-10,23621.03
2014-01-13,23586.01
2014-01-14,23637.74
2014-01-15,23919.7
2014-01-16,23976.84
2014-01-17,23960.93
2014-01-20,23964.47
2014-01-21,23966.66
2014-01-22,23959.84
2014-01-23,23944.77
2014-01-24,23904.66
2014-01-27,23907.75
2014-01-28,23927.79
2014-01-29,23848.74
2014-01-30,23837.0
2014-01-31,23863.67
2014-02-03,23908.51
2014-02-04,23934.13
2014-02-05,23973.26
2014-02-06,23999.38
2014-02-07,23992.93
2014-02-10,24004.31
2014-02-11,24005.43
2014-02-12,24056.48
2014-02-13,24034.5
2014-02-14,24046.0
2014-02-17,24102.98
2014-02-18,24095.57
2014-02-19,24058.0
2014-02-20,24030.72
2014-02-21,24050.07
2014-02-24,24068.7
2014-02-25,24062.26
2014-02-26,24036.88
2014-02-27,24042.95
2014-02-28,24114.97
2014-03-03,24046.76
2014-03-04,24057.6
2014-03-05,24039.52
2014-03-06,24000.88
2014-03-07,23904.7
2014-03-11,23865.29
2014-03-12,23637.59
2014-03-13,23647.61
2014-03-14,23434.15
2014-03-17,23585.88
2014-03-18,23663.75
2014-03-19,23660.52
2014-03-20,23549.38
2014-03-21,23559.28
2014-03-24,23639.69
2014-03-25,23693.33
2014-03-26,23788.3
2014-03-27,23588.88
2014-03-28,23320.08
2014-03-31,23628.07
2014-04-01,23582.72
2014-04-02,23526.91
2014-04-03,23537.94
2014-04-04,23610.28
2014-04-07,23456.85
2014-04-08,23502.36
2014-04-09,23524.15
2014-04-10,23546.33
2014-04-11,23646.92
2014-04-14,23536.44
2014-04-15,23523.74
2014-04-16,23504.37
2014-04-17,23487.43
2014-04-18,23509.43
2014-04-21,23526.78
2014-04-22,23529.03
2014-04-23,23519.17
2014-04-24,23512.27
2014-04-25,23510.87
2014-04-28,23550.45
2014-04-29,23526.43
2014-04-30,23510.73
2014-05-05,23534.71
2014-05-06,23505.42
2014-05-07,23446.61
2014-05-08,23469.54
2014-05-12,23505.79
2014-05-13,23530.61
2014-05-14,23525.6
2014-05-15,23527.49
2014-05-16,23524.55
2014-05-19,23562.02
2014-05-20,23561.69
2014-05-21,23557.87
2014-05-22,23560.68
2014-05-23,23559.06
2014-05-26,23567.87
2014-05-27,23565.71
2014-05-28,23584.67
2014-05-29,23657.87
2014-05-30,23750.51
2014-06-02,23765.09
2014-06-03,23779.69
2014-06-04,23788.44
2014-06-05,23759.63
2014-06-06,23717.45
2014-06-09,23706.81
2014-06-10,23712.74
2014-06-11,23716.47
2014-06-16,23748.59
2014-06-17,23776.5
2014-06-18,23758.35
2014-06-19,23698.11
2014-06-20,23708.82
2014-06-23,23737.72
2014-06-24,23697.66
2014-06-25,23688.03
2014-06-26,23658.7
2014-06-27,23727.09
2014-06-30,23774.31
2014-07-01,23834.64
2014-07-02,23812.34
2014-07-03,23811.22
2014-07-04,23873.88
2014-07-07,23895.16
2014-07-08,23892.16
2014-07-09,23900.65
2014-07-10,23907.7
2014-07-11,23869.36
2014-07-14,23883.36
2014-07-15,23921.29
2014-07-16,23927.25
2014-07-17,24038.98
2014-07-18,24068.22
2014-07-21,24079.57
2014-07-22,24083.72
2014-07-23,24082.32
2014-07-24,24088.14
2014-07-25,24057.12
2014-07-28,24052.0
2014-07-29,24061.73
2014-07-30,24065.78
2014-07-31,24162.28
2014-08-01,24163.39
2014-08-04,24146.17
2014-08-05,24134.28
2014-08-06,24162.37
2014-08-07,24115.12
2014-08-08,24103.53
2014-08-11,24089.01
2014-08-12,24118.35
2014-08-13,24139.1
2014-08-14,24049.2
2014-08-15,24198.96
2014-08-18,24196.94
2014-08-19,24146.48
2014-08-20,24149.02
2014-08-21,24156.38
2014-08-22,24172.62
2014-08-25,24203.72
2014-08-26,24207.71
2014-08-27,24209.21
2014-08-28,24099.09
2014-08-29,24349.17
2014-09-01,24336.75
2014-09-02,24351.02
2014-09-03,24338.88
2014-09-04,24348.06
2014-09-05,24346.85
2014-09-08,24342.82
2014-09-09,24273.26
2014-09-10,24258.76
2014-09-11,24244.4
2014-09-12,24295.35
2014-09-15,24234.84
2014-09-16,24249.59
2014-09-17,24312.01
2014-09-18,24310.22
2014-09-19,24278.25
2014-09-22,24301.58
2014-09-23,24366.37
2014-09-24,24373.76
2014-09-25,24430.14
2014-09-26,24400.82
2014-09-29,24395.68
2014-09-30,24435.23
2014-10-01,24405.57
2014-10-02,24379.4
2014-10-03,24319.14
2014-10-06,24388.46
2014-10-07,24380.03
2014-10-08,24336.8
2014-10-09,24351.61
2014-10-10,24290.31
2014-10-13,24315.08
2014-10-14,24174.16
2014-10-15,24314.83
2014-10-16,24208.25
2014-10-17,24238.43
2014-10-20,24209.82
2014-10-21,24252.54
2014-10-22,24250.78
2014-10-23,24213.88
2014-10-24,24202.64
2014-10-27,24200.34
2014-10-28,24156.13
2014-10-29,24086.18
2014-10-30,24120.54
2014-10-31,24104.74
2014-11-05,24097.03
2014-11-06,24038.08
2014-11-07,23901.38
2014-11-10,24026.35
2014-11-11,23939.45
2014-11-12,23960.06
2014-11-13,23915.89
2014-11-14,23898.83
2014-11-17,23875.46
2014-11-18,23898.31
2014-11-19,23896.94
2014-11-20,23921.81
2014-11-21,23931.97
2014-11-24,23953.59
2014-11-25,23917.01
2014-11-26,23822.56
2014-11-27,23817.84
2014-11-28,23783.22
2014-12-01,23712.83
2014-12-02,23641.02
2014-12-03,23562.5
2014-12-04,23319.98
2014-12-05,22963.77
2014-12-08,22687.37
2014-12-09,22490.4
2014-12-10,22568.38
2014-12-11,22755.91
2014-12-12,22197.23
2014-12-15,22150.6
2014-12-16,20734.8
2014-12-17,20687.13
2014-12-18,20555.38
2014-12-19,20327.71
2014-12-22,19883.46
2014-12-23,19862.2
2014-12-24,19223.43
2014-12-25,18985.55
2014-12-26,18686.17
2014-12-29,18637.55
2014-12-30,18437.41
2014-12-31,18499.14
2015-01-12,18527.74
2015-01-13,18589.29
2015-01-14,18556.99
2015-01-15,18642.79
2015-01-16,18821.53
2015-01-19,19170.73
2015-01-20,19262.21
2015-01-21,19404.12
2015-01-22,19561.24
2015-01-23,19851.73
2015-01-26,19852.44
2015-01-27,19818.07
2015-01-28,19756.82
2015-01-29,19786.66
2015-01-30,19907.18
2015-02-02,20003.43
2015-02-03,20137.6
2015-02-04,20150.02
2015-02-05,20148.83
2015-02-06,20316.83
2015-02-09,20497.27
2015-02-10,20516.9
2015-02-11,20384.39
2015-02-12,20436.66
2015-02-13,20595.53
2015-02-16,20689.59
2015-02-17,20770.87
2015-02-18,20807.18
2015-02-19,20858.24
2015-02-20,20817.84
2015-02-24,20723.73
2015-02-25,20707.55
2015-02-26,20895.59
2015-02-27,20928.01
2015-03-02,20841.01
2015-03-03,20831.87
2015-03-04,20964.77
2015-03-05,20898.54
2015-03-06,20992.48
2015-03-10,20943.93
2015-03-11,20969.72
2015-03-12,21009.87
2015-03-13,21041.71
2015-03-16,21043.88
2015-03-17,21000.0
2015-03-18,21041.93
2015-03-19,21112.42
2015-03-20,21112.18
2015-03-23,21225.11
2015-03-24,21244.44
2015-03-25,21420.0
2015-03-26,21537.98
2015-03-27,21563.74
2015-03-30,21552.29
2015-03-31,21580.88
2015-04-01,21613.76
2015-04-02,21656.26
2015-04-03,21655.66
2015-04-06,21720.76
2015-04-07,21706.33
2015-04-08,21735.59
2015-04-09,21893.08
2015-04-10,21988.54
2015-04-13,22025.36
2015-04-14,22044.76
2015-04-15,22236.1
2015-04-16,22343.76
2015-04-17,22374.83
2015-04-20,22362.65
2015-04-21,22369.75
2015-04-22,22385.47
2015-04-23,22445.76
2015-04-24,22578.22
2015-04-27,22599.96
2015-04-28,22659.44
2015-04-29,22706.08
2015-04-30,22833.19
2015-05-05,22883.55
2015-05-06,22971.84
2015-05-07,22983.98
2015-05-08,23010.51
2015-05-12,23009.69
2015-05-13,23051.62
2015-05-14,23063.95
2015-05-15,23060.9
2015-05-18,23096.7
2015-05-19,23132.97
2015-05-20,23103.53
2015-05-21,23137.86
2015-05-22,23156.64
2015-05-25,23168.35
2015-05-26,23178.4
2015-05-27,23158.2
2015-05-28,23130.32
2015-05-29,23153.41
2015-06-01,23175.8
2015-06-02,23186.45
2015-06-03,23183.27
2015-06-04,23144.27
2015-06-05,23133.27
2015-06-08,23155.52
2015-06-09,23172.3
2015-06-10,23213.68
2015-06-11,23212.24
2015-06-15,23262.8
2015-06-16,23246.99
2015-06-17,23263.34
2015-06-18,23301.7
2015-06-19,23307.17
2015-06-22,23338.03
2015-06-23,23353.85
2015-06-24,23386.68
2015-06-25,23415.54
2015-06-26,23413.36
2015-06-29,23435.66
2015-06-30,23433.11
2015-07-01,23485.31
2015-07-02,23450.9
2015-07-03,23487.3
2015-07-06,23520.5
2015-07-07,23517.28
2015-07-08,23535.01
2015-07-09,23532.57
2015-07-10,23515.41
2015-07-13,23467.16
2015-07-14,23465.36
2015-07-15,23477.65
2015-07-16,23452.58
2015-07-17,23592.42
2015-07-20,23642.29
2015-07-21,24052.05
2015-07-22,24075.3
2015-07-23,24080.67
2015-07-24,24102.22
2015-07-27,24138.5
2015-07-28,24124.86
2015-07-29,24116.29
2015-07-30,24108.95
2015-07-31,24139.35
2015-08-03,24162.54
2015-08-04,24169.13
2015-08-05,24187.57
2015-08-06,24183.87
2015-08-07,24200.68
2015-08-10,24250.82
2015-08-11,24246.61
2015-08-12,24287.12
2015-08-13,24281.37
2015-08-14,24292.37
2015-08-17,24299.37
2015-08-18,24368.4
2015-08-19,24368.54
2015-08-20,24364.02
2015-08-21,24349.73
2015-08-24,24330.93
2015-08-25,24337.63
2015-08-26,24340.04
2015-08-27,24314.02
2015-08-28,24321.4
2015-08-31,24357.07
2015-09-01,24353.67
2015-09-02,24372.14
2015-09-03,24389.08
2015-09-04,24407.89
2015-09-07,24406.05
2015-09-08,24414.55
2015-09-09,24424.19
2015-09-10,24419.16
2015-09-11,24421.32
2015-09-14,24452.85
2015-09-15,24457.67
2015-09-16,24456.67
2015-09-17,24449.54
2015-09-18,24459.66
2015-09-21,24460.32
2015-09-22,24521.49
2015-09-23,24538.82
2015-09-24,24548.65
2015-09-25,24564.83
2015-09-28,24587.7
2015-09-29,24594.9
2015-09-30,24604.84
2015-10-01,24605.67
2015-10-02,24624.97
2015-10-05,24630.52
2015-10-06,24648.92
2015-10-07,24598.18
2015-10-08,24586.69
2015-10-09,24610.58
2015-10-12,24652.28
2015-10-13,24650.45
2015-10-14,24597.86
2015-10-15,24513.67
2015-10-16,24569.28
2015-10-19,24660.5
2015-10-20,24655.43
2015-10-21,24686.15
2015-10-22,24691.98
2015-10-23,24791.64
2015-10-26,24991.88
2015-10-27,24987.06
2015-10-28,24976.2
2015-10-29,24967.71
2015-10-30,24940.46
2015-11-02,24965.59
2015-11-03,24948.97
2015-11-05,24958.49
2015-11-06,24939.96
2015-11-09,24953.19
2015-11-10,24965.8
2015-11-11,24988.37
2015-11-12,24985.84
2015-11-13,25008.66
2015-11-16,25031.08
2015-11-17,25066.11
2015-11-18,25069.67
2015-11-19,25069.81
2015-11-20,25107.56
2015-11-23,25094.7
2015-11-24,25104.37
2015-11-25,25105.59
2015-11-26,25073.75
2015-11-27,25079.71
2015-11-30,25086.42
2015-12-01,25052.88
2015-12-02,25035.13
2015-12-03,25050.74
2015-12-04,25070.7
2015-12-07,25079.76
2015-12-08,25087.19
2015-12-09,25058.79
2015-12-10,25102.52
2015-12-11,25093.8
2015-12-14,25124.36
2015-12-15,25128.13
2015-12-16,25123.84
2015-12-17,24940.38
2015-12-18,24914.59
2015-12-21,24937.21
2015-12-22,24877.22
2015-12-23,24919.16
2015-12-24,25002.67
2015-12-25,25010.99
2015-12-28,24919.14
2015-12-29,24878.38
2015-12-30,24907.72
2015-12-31,24912.61
2016-01-11,25048.98
2016-01-12,25048.83
2016-01-13,25045.62
2016-01-14,25050.87
2016-01-15,25092.86
2016-01-18,25290.33
2016-01-19,25289.32
2016-01-20,25263.28
2016-01-21,25275.4
2016-01-22,25241.78
2016-01-25,25291.29
2016-01-26,25361.64
2016-01-27,25341.33
2016-01-28,25430.45
2016-01-29,25256.35
2016-02-01,25237.2
2016-02-02,25311.31
2016-02-03,25375.43
2016-02-04,25429.49
2016-02-05,25400.14
2016-02-08,25383.39
2016-02-09,25264.3
2016-02-10,25315.58
2016-02-11,25468.42
2016-02-12,25421.12
2016-02-15,25425.13
2016-02-16,25414.14
2016-02-17,25422.97
2016-02-18,25437.92
2016-02-19,25457.78
2016-02-20,25464.48
2016-02-24,25404.02
2016-02-25,25459.35
2016-02-26,25577.91
2016-02-29,25615.96
2016-03-01,25656.04
2016-03-02,25673.51
2016-03-03,25680.62
2016-03-04,25699.46
2016-03-09,25726.19
2016-03-10,25742.51
2016-03-11,25746.52
2016-03-14,25814.54
2016-03-15,25814.46
2016-03-16,25819.45
2016-03-17,25819.42
2016-03-18,25824.45
2016-03-21,25843.96
2016-03-22,25853.96
2016-03-23,25858.65
2016-03-24,25862.66
2016-03-25,25890.35
2016-03-28,25920.64
2016-03-29,25919.33
2016-03-30,25926.67
2016-03-31,25932.02
2016-04-01,25946.46
2016-04-04,25820.75
2016-04-05,25981.11
2016-04-06,25999.03
2016-04-07,26001.83
2016-04-08,26029.76
2016-04-11,26054.98
2016-04-12,26068.44
2016-04-13,26070.11
2016-04-14,26086.14
2016-04-15,26109.25
2016-04-18,26115.78
2016-04-19,26100.22
2016-04-20,26118.18
2016-04-21,26134.95
2016-04-22,26128.09
2016-04-25,26146.94
2016-04-26,26141.13
2016-04-27,26157.53
2016-04-28,26199.91
2016-04-29,26206.14
2016-05-04,26232.45
2016-05-05,26280.92
2016-05-06,26329.2
2016-05-10,26332.76
2016-05-11,26352.03
2016-05-12,26376.22
2016-05-13,26400.79
2016-05-16,26431.95
2016-05-17,26437.26
2016-05-18,26471.61
2016-05-19,26479.82
2016-05-20,26492.22
2016-05-23,26486.43
2016-05-24,26483.34
2016-05-25,26488.3
2016-05-26,26513.08
2016-05-27,26620.62
2016-05-30,26629.39
2016-05-31,26661.46
2016-06-01,26704.91
2016-06-02,26707.54
2016-06-03,26686.08
2016-06-06,26709.82
2016-06-07,26698.1
2016-06-08,26683.16
2016-06-09,26700.65
2016-06-10,26738.63
2016-06-14,26790.39
2016-06-15,26774.55
2016-06-16,26803.48
2016-06-17,26815.07
2016-06-20,26818.27
2016-06-21,26826.86
2016-06-22,26893.31
2016-06-23,26876.2
2016-06-24,26882.27
2016-06-27,26885.85
2016-06-28,26859.53
2016-06-29,26877.01
2016-06-30,26892.61
2016-07-01,26891.56
2016-07-04,26906.63
2016-07-05,26955.29
2016-07-06,26953.45
2016-07-07,26976.53
2016-07-08,27005.42
2016-07-11,27016.58
2016-07-12,27008.99
2016-07-13,27026.75
2016-07-14,27007.32
2016-07-15,27028.25
2016-07-18,27025.86
2016-07-19,27051.28
2016-07-20,27066.46
2016-07-21,27064.27
2016-07-22,27095.58
2016-07-25,27131.37
2016-07-26,27166.66
2016-07-27,27172.56
2016-07-28,27187.62
2016-07-29,27186.39
2016-08-01,27209.48
2016-08-02,27198.73
2016-08-03,27229.85
2016-08-04,27231.49
2016-08-05,27249.95
2016-08-08,27249.43
2016-08-09,27269.26
2016-08-10,27229.08
2016-08-11,27280.1
2016-08-12,27296.24
2016-08-15,27301.09
2016-08-16,27298.38
2016-08-17,27302.21
2016-08-18,27338.71
2016-08-19,27346.92
2016-08-22,27399.86
2016-08-23,27409.44
2016-08-24,27429.29
2016-08-25,27404.59
2016-08-26,27418.24
2016-08-29,27448.84
2016-08-30,27468.06
2016-08-31,27469.97
2016-09-01,27488.64
2016-09-02,27490.31
2016-09-05,27501.0
2016-09-06,27499.99
2016-09-07,27490.86
2016-09-08,27496.9
2016-09-09,27532.45
2016-09-12,27541.22
2016-09-13,27562.37
2016-09-14,27562.67
2016-09-15,27577.51
2016-09-16,27591.49
2016-09-19,27602.76
2016-09-20,27606.41
2016-09-21,27590.59
2016-09-22,27611.5
2016-09-23,27634.53
2016-09-26,27653.11
2016-09-27,27634.05
2016-09-28,27628.06
2016-09-29,27647.29
2016-09-30,27643.6
2016-10-03,27648.48
2016-10-04,27664.03
2016-10-05,27671.3
2016-10-06,27672.62
2016-10-07,27679.1
2016-10-10,27709.31
2016-10-11,27738.97
2016-10-12,27757.77
2016-10-13,27749.08
2016-10-14,27750.91
2016-10-17,27777.88
2016-10-18,27778.71
2016-10-19,27778.82
2016-10-20,27780.39
2016-10-21,27761.27
2016-10-24,27756.33
2016-10-25,27768.51
2016-10-26,27796.53
2016-10-27,27799.43
2016-10-28,27813.79
2016-10-31,27844.52
2016-11-01,27851.07
2016-11-02,27860.14
2016-11-03,27854.32
2016-11-07,27888.3
2016-11-08,27912.77
2016-11-09,27924.05
2016-11-10,27950.81
2016-11-11,27956.54
2016-11-14,27969.76
2016-11-15,27934.99
2016-11-16,27965.52
2016-11-17,27963.27
2016-11-18,27973.24
2016-11-21,27971.2
2016-11-22,27984.8
2016-11-23,28004.38
2016-11-24,28003.34
2016-11-25,28024.68
2016-11-28,28033.82
2016-11-29,28043.35
2016-11-30,28021.26
2016-12-01,28033.03
2016-12-02,28043.89
2016-12-05,28063.68
2016-12-06,28079.91
2016-12-07,28068.53
2016-12-08,28066.89
2016-12-09,28053.74
2016-12-12,28012.31
2016-12-13,28037.91
2016-12-14,28075.21
2016-12-15,28088.57
2016-12-16,28100.1
2016-12-19,28144.3
2016-12-20,28145.72
2016-12-21,28118.57
2016-12-22,28111.3
2016-12-23,28135.38
2016-12-26,28174.71
2016-12-27,28182.77
2016-12-28,28187.77
2016-12-29,28221.19
2016-12-30,28232.65
2017-01-09,28310.46
2017-01-10,28312.46
2017-01-11,28344.7
2017-01-12,28329.99
2017-01-13,28344.4
2017-01-16,28376.22
2017-01-17,28391.93
2017-01-18,28400.49
2017-01-19,28426.17
2017-01-20,28412.26
2017-01-23,28443.35
2017-01-24,28451.32
2017-01-25,28450.23
2017-01-26,28485.44
2017-01-27,28477.16
2017-01-30,28510.69
2017-01-31,28501.33
2017-02-01,28501.26
2017-02-02,28495.11
2017-02-03,28500.54
2017-02-06,28520.24
2017-02-07,28538.84
2017-02-08,28540.0
2017-02-09,28557.69
2017-02-10,28554.25
2017-02-13,28562.39
2017-02-14,28540.53
2017-02-15,28546.72
2017-02-16,28566.75
2017-02-17,28598.95
2017-02-20,28625.83
2017-02-21,28682.11
2017-02-22,28701.62
2017-02-27,28730.22
2017-02-28,28745.67
2017-03-01,28747.93
2017-03-02,28769.19
2017-03-03,28779.51
2017-03-06,28809.28
2017-03-07,28834.28
2017-03-09,28880.9
2017-03-10,28874.31
2017-03-13,28899.2
2017-03-14,28915.15
2017-03-15,28914.93
2017-03-16,28900.9
2017-03-17,28908.99
2017-03-20,28933.95
2017-03-21,28956.68
2017-03-22,28998.81
2017-03-23,29000.98
2017-03-24,28995.04
2017-03-27,29024.16
2017-03-28,29045.37
2017-03-29,29049.84
2017-03-30,29045.95
2017-03-31,29087.47
2017-04-03,29101.75
2017-04-04,29117.21
2017-04-05,29134.35
2017-04-06,29147.46
2017-04-07,29169.94
2017-04-10,29207.33
2017-04-11,29203.52
2017-04-12,29198.14
2017-04-13,29193.29
2017-04-14,29207.58
2017-04-17,29231.46
2017-04-18,29234.5
2017-04-19,29251.76
2017-04-20,29251.02
2017-04-21,29281.45
2017-04-24,29299.22
2017-04-25,29311.52
2017-04-26,29350.44
2017-04-27,29359.06
2017-04-28,29379.61
2017-05-02,29418.66
2017-05-03,29408.93
2017-05-04,29421.21
2017-05-05,29429.91
2017-05-10,29457.65
2017-05-11,29490.06
2017-05-12,29489.36
2017-05-15,29491.88
2017-05-16,29497.13
2017-05-17,29504.13
2017-05-18,29548.9
2017-05-19,29545.05
2017-05-22,29554.44
2017-05-23,29552.19
2017-05-24,29570.57
2017-05-25,29591.72
2017-05-26,29632.47
2017-05-29,29651.98
2017-05-30,29672.84
2017-05-31,29672.63
2017-06-01,29668.21
2017-06-02,29677.03
2017-06-05,29695.93
2017-06-06,29709.13
2017-06-07,29714.51
2017-06-08,29744.83
2017-06-09,29753.36
2017-06-13,29799.88
2017-06-14,29805.05
2017-06-15,29840.04
2017-06-16,29846.5
2017-06-19,29870.66
2017-06-20,29905.8
2017-06-21,29913.37
2017-06-22,29918.82
2017-06-23,29908.32
2017-06-26,29931.56
2017-06-27,29927.67
2017-06-28,29944.96
2017-06-29,29910.91
2017-06-30,29910.24
2017-07-03,29950.33
2017-07-04,29965.15
2017-07-05,29998.0
2017-07-06,29994.27
2017-07-07,30014.01
2017-07-10,30024.81
2017-07-11,30041.1
2017-07-12,30041.66
2017-07-13,30042.2
2017-07-14,30045.93
2017-07-17,30073.01
2017-07-18,30066.07
2017-07-19,30071.82
2017-07-20,30075.39
2017-07-21,30082.93
2017-07-24,30112.89
2017-07-25,30122.55
2017-07-26,30123.9
2017-07-27,30132.99
2017-07-28,30138.15
2017-07-31,30172.22
2017-08-01,30180.27
2017-08-02,30185.69
2017-08-03,30188.33
2017-08-04,30198.48
2017-08-07,30224.75
2017-08-08,30225.4
2017-08-09,30238.18
2017-08-10,30266.15
2017-08-11,30284.82
2017-08-14,30300.69
2017-08-15,30310.03
2017-08-16,30308.62
2017-08-17,30314.33
2017-08-18,30319.97
2017-08-21,30341.02
2017-08-22,30347.93
2017-08-23,30344.19
2017-08-24,30360.2
2017-08-25,30357.76
2017-08-28,30373.23
2017-08-29,30393.36
2017-08-30,30394.72
2017-08-31,30390.55
2017-09-01,30388.35
2017-09-04,30404.5
2017-09-05,30393.69
2017-09-06,30406.38
2017-09-07,30428.54
2017-09-08,30453.14
2017-09-11,30479.8
2017-09-12,30490.26
2017-09-13,30502.16
2017-09-14,30498.52
2017-09-15,30520.61
2017-09-18,30548.17
2017-09-19,30563.02
2017-09-20,30600.49
2017-09-21,30611.88
2017-09-22,30612.37
2017-09-25,30653.72
2017-09-26,30673.72
2017-09-27,30686.26
2017-09-28,30674.31
2017-09-29,30682.72
2017-10-02,30699.0
2017-10-03,30724.89
2017-10-04,30711.08
2017-10-05,30709.48
2017-10-06,30713.61
2017-10-09,30726.75
2017-10-10,30740.1
2017-10-11,30752.47
2017-10-12,30742.7
2017-10-13,30745.66
2017-10-16,30773.71
2017-10-17,30781.12
2017-10-18,30798.41
2017-10-19,30798.71
2017-10-20,30791.94
2017-10-23,30829.24
2017-10-24,30858.37
2017-10-25,30867.69
2017-10-26,30880.13
2017-10-27,30900.36
2017-10-30,30905.24
2017-10-31,30927.88
2017-11-01,30948.67
2017-11-02,30971.5
2017-11-03,30998.58
2017-11-07,31031.28
2017-11-08,31047.99
2017-11-09,31047.14
2017-11-10,31061.55
2017-11-13,31090.6
2017-11-14,31083.73
2017-11-15,31083.74
2017-11-16,31099.13
2017-11-17,31099.53
2017-11-20,31111.31
2017-11-21,31106.54
2017-11-22,31103.58
2017-11-23,31118.91
2017-11-24,31124.89
2017-11-27,31158.63
2017-11-28,31174.65
2017-11-29,31180.02
2017-11-30,31195.48
2017-12-01,31222.25
2017-12-04,31240.93
2017-12-05,31231.67
2017-12-06,31249.54
2017-12-07,31267.65
2017-12-08,31267.57
2017-12-11,31296.31
2017-12-12,31301.2
2017-12-13,31299.11
2017-12-14,31297.21
2017-12-15,31312.67
2017-12-18,31340.24
2017-12-19,31345.73
2017-12-20,31353.16
2017-12-21,31362.44
2017-12-22,31376.73
2017-12-25,31398.14
2017-12-26,31404.72
2017-12-27,31408.29
2017-12-28,31468.66
2017-12-29,31520.86
2018-01-09,31666.32
2018-01-10,31657.5
2018-01-11,31666.99
2018-01-12,31492.42
2018-01-15,31618.61
2018-01-16,31608.01
2018-01-17,31639.0
2018-01-18,31642.17
2018-01-19,31565.82
2018-01-22,31675.31
2018-01-23,31679.07
2018-01-24,31676.63
2018-01-25,31691.04
2018-01-26,31718.33
2018-01-29,31746.28
2018-01-30,31716.73
2018-01-31,31762.46
2018-02-01,31786.15
2018-02-02,31813.0
2018-02-05,31755.48
2018-02-06,31858.91
2018-02-07,31871.81
2018-02-08,31926.79
2018-02-09,31925.52
2018-02-12,31967.84
2018-02-13,31952.94
2018-02-14,32001.13
2018-02-15,32023.62
2018-02-16,32027.22
2018-02-19,32066.45
2018-02-20,32079.37
2018-02-21,32000.19
2018-02-22,32108.71
2018-02-26,32128.59
2018-02-27,32101.68
2018-02-28,32080.53
2018-03-01,32141.02
2018-03-02,32116.23
2018-03-05,32145.61
2018-03-06,32131.24
2018-03-07,32163.25
2018-03-12,32190.56
2018-03-13,32157.78
2018-03-14,32145.66
2018-03-15,32165.96
2018-03-16,32140.32
2018-03-19,32120.92
2018-03-20,32209.69
2018-03-21,32205.44
2018-03-22,32218.7
2018-03-23,32160.01
2018-03-26,32244.9
2018-03-27,32220.78
2018-03-28,32257.71
2018-03-29,32210.95
2018-03-30,32292.17
2018-04-02,32316.81
2018-04-03,32317.04
2018-04-04,32305.96
2018-04-05,32318.85
2018-04-06,32342.47
2018-04-09,32249.42
2018-04-10,32126.18
2018-04-11,32055.34
2018-04-12,32107.19
2018-04-13,32119.76
2018-04-16,32075.23
2018-04-17,32111.21
2018-04-18,32089.35
2018-04-19,32157.58
2018-04-20,32117.48
2018-04-23,32138.11
2018-04-24,32164.71
2018-04-25,32154.02
2018-04-26,32181.18
2018-04-27,32178.08
2018-04-28,32225.77
2018-05-03,32257.81
2018-05-04,32259.77
2018-05-07,32252.71
2018-05-08,32260.98
2018-05-10,32264.14
2018-05-11,32270.44
2018-05-14,32316.27
2018-05-15,32280.84
2018-05-16,32256.27
2018-05-17,32283.69
2018-05-18,32258.89
2018-05-21,32263.54
2018-05-22,32253.91
2018-05-23,32263.56
2018-05-24,32268.3
2018-05-25,32284.82
2018-05-28,32302.61
2018-05-29,32277.19
2018-05-30,32317.08
2018-05-31,32336.65
2018-06-01,32336.58
2018-06-04,32366.33
2018-06-05,32378.51
2018-06-06,32380.35
2018-06-07,32347.91
2018-06-08,32354.28
2018-06-09,32355.53
2018-06-13,32381.28
2018-06-14,32386.31
2018-06-15,32350.72
2018-06-18,32288.56
2018-06-19,32234.81
2018-06-20,32281.25
2018-06-21,32261.9
2018-06-22,32245.17
2018-06-25,32284.04
2018-06-26,32280.77
2018-06-27,32230.07
2018-06-28,32251.89
2018-06-29,32272.67
2018-07-02,32284.45
2018-07-03,32288.3
2018-07-04,32271.04
2018-07-05,32288.26
2018-07-06,32330.19
2018-07-09,32342.28
2018-07-10,32390.9
2018-07-11,32410.85
2018-07-12,32420.34
2018-07-13,32405.81
2018-07-16,32439.41
2018-07-17,32433.37
2018-07-18,32374.37
2018-07-19,32384.14
2018-07-20,32381.93
2018-07-23,32410.9
2018-07-24,32398.97
2018-07-25,32359.63
2018-07-26,32374.89
2018-07-27,32384.57
2018-07-30,32378.14
2018-07-31,32431.27
2018-08-01,32386.91
2018-08-02,32352.14
2018-08-03,32329.43
2018-08-06,32343.74
2018-08-07,32307.74
2018-08-08,32236.39
2018-08-09,32112.33
2018-08-10,32044.16
2018-08-13,31984.06
2018-08-14,31939.28
2018-08-15,31871.07
2018-08-16,31816.06
2018-08-17,31720.48
2018-08-20,31754.7
2018-08-21,31774.36
2018-08-22,31682.0
2018-08-23,31669.54
2018-08-24,31718.88
2018-08-27,31751.38
2018-08-28,31709.47
2018-08-29,31694.82
2018-08-30,31724.37
2018-08-31,31725.55
2018-09-03,31692.69
2018-09-04,31697.9
2018-09-05,31625.5
2018-09-06,31528.82
2018-09-07,31424.64
2018-09-10,31412.31
2018-09-11,31490.04
2018-09-12,31588.41
2018-09-13,31668.75
2018-09-14,31643.0
2018-09-17,31659.73
2018-09-18,31683.86
2018-09-19,31751.37
2018-09-20,31813.56
2018-09-21,31844.54
2018-09-24,31890.52
2018-09-25,31888.68
2018-09-26,31917.02
2018-09-27,31941.1
2018-09-28,31964.35
2018-10-01,32042.52
2018-10-02,32078.45
2018-10-03,32064.6
2018-10-04,32024.46
2018-10-05,31990.22
2018-10-08,31821.7
2018-10-09,31890.38
2018-10-10,31899.73
2018-10-11,31895.97
2018-10-12,31966.84
2018-10-15,31955.65
2018-10-16,32082.75
2018-10-17,32102.1
2018-10-18,32099.64
2018-10-19,32075.81
2018-10-22,32111.5
2018-10-23,32096.08
2018-10-24,32102.72
2018-10-25,32080.67
2018-10-26,32076.64
2018-10-29,32090.16
2018-10-30,32119.31
2018-10-31,32096.88
2018-11-01,32126.85
2018-11-02,32143.43
2018-11-06,32167.34
2018-11-07,32113.09
2018-11-08,32077.15
2018-11-09,32002.65
2018-11-12,31951.84
2018-11-13,31901.62
2018-11-14,31971.98
2018-11-15,32087.48
2018-11-16,32094.03
2018-11-19,32105.42
2018-11-20,32070.33
2018-11-21,32079.49
2018-11-22,32105.13
2018-11-23,32091.16
2018-11-26,31986.65
2018-11-27,32046.0
2018-11-28,32048.77
2018-11-29,32143.98
2018-11-30,32136.92
2018-12-03,32217.98
2018-12-04,32230.18
2018-12-05,32184.72
2018-12-06,32189.4
2018-12-07,32207.01
2018-12-10,32246.95
2018-12-11,32231.14
2018-12-12,32229.41
2018-12-13,32234.65
2018-12-14,32252.46
2018-12-17,32254.2
2018-12-18,32238.64
2018-12-19,32206.9
2018-12-20,32222.25
2018-12-21,32223.82
2018-12-24,32254.11
2018-12-25,32234.23
2018-12-26,32245.55
2018-12-27,32280.85
2018-12-28,32305.64
2018-12-29,32361.31
2019-01-09,32614.99
2019-01-10,32654.28
2019-01-11,32785.94
2019-01-14,32726.39
2019-01-15,32758.22
2019-01-16,32806.09
2019-01-17,32807.97
2019-01-18,32825.66
2019-01-21,32848.46
2019-01-22,32836.83
2019-01-23,32834.13
2019-01-24,32850.93
2019-01-25,32857.51
2019-01-28,32876.57
2019-01-29,32834.71
2019-01-30,32858.56
2019-01-31,32954.71
2019-02-01,32947.81
2019-02-04,32961.97
2019-02-05,32980.52
2019-02-06,32985.12
2019-02-07,32986.13
2019-02-08,32980.5
2019-02-11,33006.27
2019-02-12,33000.68
2019-02-13,33015.15
2019-02-14,32957.51
2019-02-15,32936.03
2019-02-18,32995.2
2019-02-19,32939.63
2019-02-20,32946.55
2019-02-21,32952.45
2019-02-22,32939.88
2019-02-25,33009.38
2019-02-26,32985.48
2019-02-27,32978.79
2019-02-28,33008.15
2019-03-01,33039.17
2019-03-04,33068.16
2019-03-05,33062.22
2019-03-06,33065.91
2019-03-07,33071.13
2019-03-11,33097.04
2019-03-12,33098.26
2019-03-13,33107.48
2019-03-14,33119.33
2019-03-15,33148.2
2019-03-18,33217.58
2019-03-19,33269.23
2019-03-20,33286.06
2019-03-21,33340.87
2019-03-22,33319.58
2019-03-25,33342.9
2019-03-26,33358.84
2019-03-27,33354.19
2019-03-28,33317.35
2019-03-29,33374.52
2019-04-01,33364.79
2019-04-02,33376.42
2019-04-03,33370.76
2019-04-04,33371.87
2019-04-05,33403.22
2019-04-08,33429.45
2019-04-09,33437.39
2019-04-10,33456.31
2019-04-11,33472.67
2019-04-12,33498.78
2019-04-15,33532.2
2019-04-16,33529.11
2019-04-17,33541.76
2019-04-18,33540.5
2019-04-19,33536.96
2019-04-22,33536.73
2019-04-23,33546.45
2019-04-24,33544.82
2019-04-25,33534.77
2019-04-26,33552.09
2019-04-29,33582.05
2019-04-30,33646.83
2019-05-06,33662.72
2019-05-07,33677.99
2019-05-08,33700.54
2019-05-13,33736.88
2019-05-14,33745.48
2019-05-15,33752.33
2019-05-16,33783.02
2019-05-17,33811.42
2019-05-20,33855.66
2019-05-21,33882.57
2019-05-22,33953.04
2019-05-23,33959.88
2019-05-24,33984.4
2019-05-27,34017.71
2019-05-28,34008.57
2019-05-29,34007.4
2019-05-30,34017.63
2019-05-31,34031.71
2019-06-03,34052.86
2019-06-04,34072.53
2019-06-05,34095.73
2019-06-06,34145.14
2019-06-07,34180.65
2019-06-10,34245.28
2019-06-11,34273.28
2019-06-13,34299.78
2019-06-14,34321.55
2019-06-17,34396.66
2019-06-18,34413.94
2019-06-19,34439.94
2019-06-20,34512.99
2019-06-21,34515.85
2019-06-24,34551.8
2019-06-25,34549.7
2019-06-26,34558.95
2019-06-27,34550.56
2019-06-28,34581.2
2019-07-01,34600.3
2019-07-02,34625.21
2019-07-03,34645.21
2019-07-04,34644.62
2019-07-05,34660.48
2019-07-08,34665.05
2019-07-09,34713.22
2019-07-10,34707.03
2019-07-11,34725.84
2019-07-12,34711.48
2019-07-15,34676.99
2019-07-16,34652.42
2019-07-17,34616.23
2019-07-18,34675.25
2019-07-19,34693.31
2019-07-22,34746.12
2019-07-23,34750.03
2019-07-24,34839.61
2019-07-25,34838.56
2019-07-26,34853.79
2019-07-29,34849.9
2019-07-30,34870.52
2019-07-31,34877.92
2019-08-01,34885.16
2019-08-02,34860.21
2019-08-05,34847.89
2019-08-06,34883.9
2019-08-07,34856.21
2019-08-08,34848.52
2019-08-09,34840.15
2019-08-12,34826.44
2019-08-13,34945.49
2019-08-14,34939.51
2019-08-15,34881.54
2019-08-16,34951.79
2019-08-19,34966.51
2019-08-20,34985.85
2019-08-21,35025.15
2019-08-22,35070.26
2019-08-23,35070.23
2019-08-26,35080.57
2019-08-27,35078.34
2019-08-28,35092.77
2019-08-29,35078.54
2019-08-30,35077.51
2019-09-02,35120.82
2019-09-03,35109.47
2019-09-04,35165.91
2019-09-05,35276.92
2019-09-06,35309.41
2019-09-09,35386.27
2019-09-10,35409.65
2019-09-11,35415.2
2019-09-12,35445.39
2019-09-13,35616.48
2019-09-16,35493.46
2019-09-17,35435.14
2019-09-18,35445.91
2019-09-19,35473.66
2019-09-20,35450.41
2019-09-23,35512.64
2019-09-24,35553.36
2019-09-25,35521.9
2019-09-26,35535.02
2019-09-27,35562.38
2019-09-30,35565.43
2019-10-01,35601.9
2019-10-02,35614.21
2019-10-03,35626.76
2019-10-04,35635.63
2019-10-07,35667.91
2019-10-08,35704.01
2019-10-09,35706.06
2019-10-10,35740.73
2019-10-11,35798.57
2019-10-14,35880.52
2019-10-15,35879.12
2019-10-16,35880.95
2019-10-17,35901.28
2019-10-18,35951.61
2019-10-21,36046.88
2019-10-22,36059.8
2019-10-23,36137.65
2019-10-24,36103.03
2019-10-25,36150.15
2019-10-28,36214.8
2019-10-29,36245.54
2019-10-30,36223.12
2019-10-31,36257.86
2019-11-01,36261.88
2019-11-05,36266.63
2019-11-06,36277.46
2019-11-07,36320.23
2019-11-08,36333.16
2019-11-11,36317.83
2019-11-12,36273.92
2019-11-13,36312.79
2019-11-14,36314.41
2019-11-15,36365.29
2019-11-18,36369.49
2019-11-19,36395.17
2019-11-20,36419.13
2019-11-21,36407.16
2019-11-22,36417.93
2019-11-25,36408.81
2019-11-26,36476.09
2019-11-27,36478.72
2019-11-28,36427.9
2019-11-29,36453.84
2019-12-02,36485.94
2019-12-03,36442.15
2019-12-04,36502.01
2019-12-05,36531.36
2019-12-06,36547.99
2019-12-09,36589.74
2019-12-10,36574.3
2019-12-11,36591.49
2019-12-12,36627.68
2019-12-13,36646.6
2019-12-16,36678.44
2019-12-17,36693.4
2019-12-18,36693.47
2019-12-19,36715.58
2019-12-20,36723.6
2019-12-23,36770.87
2019-12-24,36764.98
2019-12-25,36752.94
2019-12-26,36814.32
2019-12-27,36861.06
2019-12-30,36922.0
2019-12-31,36927.53
2020-01-09,37022.52
2020-01-10,37050.77
2020-01-13,37048.17
2020-01-14,37068.64
2020-01-15,37160.34
2020-01-16,37164.18
2020-01-17,37205.29
2020-01-20,37210.3
2020-01-21,37228.4
2020-01-22,37237.03
2020-01-23,37269.48
2020-01-24,37272.81
2020-01-27,37242.52
2020-01-28,37235.27
2020-01-29,37256.35
2020-01-30,37271.94
2020-01-31,37293.51
2020-02-03,37398.39
2020-02-04,37297.15
2020-02-05,37305.09
2020-02-06,37326.54
2020-02-07,37378.86
2020-02-10,37425.2
2020-02-11,37475.36
2020-02-12,37516.04
2020-02-13,37529.05
2020-02-14,37556.29
2020-02-17,37600.87
2020-02-18,37586.41
2020-02-19,37622.0
2020-02-20,37667.56
2020-02-21,37686.33
2020-02-25,37677.87
2020-02-26,37650.72
2020-02-27,37605.2
2020-02-28,37275.42
2020-03-02,37425.99
2020-03-03,37406.48
2020-03-04,37572.78
2020-03-05,37587.24
2020-03-06,37446.06
2020-03-10,36891.79
2020-03-11,37032.89
2020-03-12,36406.25
2020-03-13,36367.51
2020-03-16,36087.29
2020-03-17,35978.03
2020-03-18,35494.9
2020-03-19,35300.92
2020-03-20,36024.35
2020-03-23,36055.98
2020-03-24,36419.66
2020-03-25,36589.53
2020-03-26,36436.87
2020-03-27,36540.17
2020-03-30,36552.32
2020-03-31,36737.73
2020-04-01,36714.45
2020-04-02,36800.24
2020-04-03,36828.77
2020-04-06,36932.3
2020-04-07,37077.92
2020-04-08,37111.38
2020-04-09,37172.41
2020-04-10,37196.0
2020-04-13,37233.93
2020-04-14,37319.38
2020-04-15,37283.32
2020-04-16,37253.98
2020-04-17,37363.87
2020-04-20,37565.85
2020-04-21,37466.92
2020-04-22,37593.08
2020-04-23,37757.97
2020-04-24,37784.96
2020-04-27,37963.96
2020-04-28,37995.41
2020-04-29,37998.27
2020-04-30,38085.03
2020-05-06,38157.89
2020-05-07,38172.86
2020-05-08,38213.68
2020-05-12,38262.92
2020-05-13,38266.38
2020-05-14,38291.47
2020-05-15,38353.83
2020-05-18,38393.22
2020-05-19,38438.6
2020-05-20,38561.67
2020-05-21,38574.6
2020-05-22,38582.7
2020-05-25,38671.56
2020-05-26,38725.07
2020-05-27,38721.93
2020-05-28,38748.19
2020-05-29,38763.95
2020-06-01,38766.37
2020-06-02,38783.9
2020-06-03,38801.59
2020-06-04,38730.87
2020-06-05,38782.13
2020-06-08,38762.82
2020-06-09,38720.25
2020-06-10,38760.92
2020-06-11,38829.86
2020-06-15,38728.8
2020-06-16,38752.75
2020-06-17,38835.22
2020-06-18,38863.86
2020-06-19,38935.77
2020-06-22,38961.83
2020-06-23,38907.32
2020-06-25,38894.06
2020-06-26,38937.46
2020-06-29,38866.28
2020-06-30,38897.1
2020-07-02,38901.3
2020-07-03,38927.24
2020-07-06,38799.97
2020-07-07,38853.59
2020-07-08,38863.34
2020-07-09,38951.42
2020-07-10,38941.66
2020-07-13,38978.17
2020-07-14,39040.51
2020-07-15,39007.75
2020-07-16,39011.84
2020-07-17,39001.94
2020-07-20,39079.11
2020-07-21,39093.72
2020-07-22,39098.43
2020-07-23,39098.52
2020-07-24,39103.7
2020-07-27,39132.69
2020-07-28,39109.07
2020-07-29,39127.18
2020-07-30,39093.29
2020-07-31,39095.36
2020-08-03,39146.49
2020-08-04,39190.3
2020-08-05,39168.37
2020-08-06,39163.38
2020-08-07,39160.59
2020-08-10,39289.45
2020-08-11,39227.84
2020-08-12,39226.07
2020-08-13,39199.58
2020-08-14,39176.75
2020-08-17,39130.57
2020-08-18,39125.6
2020-08-19,39138.13
2020-08-20,39066.73
2020-08-21,39096.7
2020-08-24,39130.76
2020-08-25,39104.1
2020-08-26,39090.86
2020-08-27,39106.29
2020-08-28,39147.04
2020-08-31,39156.17
2020-09-01,39186.64
2020-09-02,39157.05
2020-09-03,39118.33
2020-09-04,39135.08
2020-09-07,39073.02
2020-09-08,39098.23
2020-09-09,39097.33
2020-09-10,39188.43
2020-09-11,39225.22
2020-09-14,39255.57
2020-09-15,39278.6
2020-09-16,39285.43
2020-09-17,39206.45
2020-09-18,39228.32
2020-09-21,39212.09
2020-09-22,39200.43
2020-09-23,39280.24
2020-09-24,39279.17
2020-09-25,39271.22
2020-09-28,39263.79
2020-09-29,39231.14
2020-09-30,39244.68
2020-10-01,39299.51
2020-10-02,39290.93
2020-10-05,39374.87
2020-10-06,39398.76
2020-10-07,39399.22
2020-10-08,39459.22
2020-10-09,39476.61
2020-10-12,39501.8
2020-10-13,39499.65
2020-10-14,39505.61
2020-10-15,39455.96
2020-10-16,39478.01
2020-10-19,39506.23
2020-10-20,39473.59
2020-10-21,39521.22
2020-10-22,39518.95
2020-10-23,39546.34
2020-10-26,39520.62
2020-10-27,39517.24
2020-10-28,39606.17
2020-10-29,39447.66
2020-10-30,39438.46
2020-11-02,39394.09
2020-11-03,39429.64
2020-11-05,39535.42
2020-11-06,39602.05
2020-11-09,39674.97
2020-11-10,39679.39
2020-11-11,39652.56
2020-11-12,39677.48
2020-11-13,39701.34
2020-11-16,39724.5
2020-11-17,39732.28
2020-11-18,39757.4
2020-11-19,39765.58
2020-11-20,39775.96
2020-11-23,39795.38
2020-11-24,39811.96
2020-11-25,39824.55
2020-11-26,39830.4
2020-11-27,39825.84
2020-11-30,39861.92
2020-12-01,39830.96
2020-12-02,39841.07
2020-12-03,39845.46
2020-12-04,39848.91
2020-12-07,39870.32
2020-12-08,39861.77
2020-12-09,39885.91
2020-12-10,39881.91
2020-12-11,39891.81
2020-12-14,39901.51
2020-12-15,39886.27
2020-12-16,39906.79
2020-12-17,39928.89
2020-12-18,39942.74
2020-12-21,39931.3
2020-12-22,39926.62
2020-12-23,39900.32
2020-12-24,39886.71
2020-12-25,39900.07
2020-12-28,39958.49
2020-12-29,39830.86
2020-12-30,40012.88
2020-12-31,40017.33
2021-01-11,40099.95
2021-01-12,40097.58
2021-01-13,40087.93
2021-01-14,40077.09
2021-01-15,40037.65
2021-01-18,40003.98
2021-01-19,40015.05
2021-01-20,40053.92
2021-01-21,40034.82
2021-01-22,39975.94
2021-01-25,40006.11
2021-01-26,39995.64
2021-01-27,39994.89
2021-01-28,39990.51
2021-01-29,39975.78
2021-02-01,40019.22
2021-02-02,40018.25
2021-02-03,39972.33
2021-02-04,40016.03
2021-02-05,40030.02
2021-02-08,40089.77
2021-02-09,40082.69
2021-02-10,40052.82
2021-02-11,40003.82
2021-02-12,39962.68
2021-02-15,39956.29
2021-02-16,39876.04
2021-02-17,39851.4
2021-02-18,39847.98
2021-02-19,39799.24
2021-02-20,39845.37
2021-02-24,39859.98
2021-02-25,39859.86
2021-02-26,39799.01
2021-03-01,39804.58
2021-03-02,39862.41
2021-03-03,39873.09
2021-03-04,39866.53
2021-03-05,39838.73
2021-03-09,39885.36
2021-03-10,39843.6
2021-03-11,39811.34
2021-03-12,39824.31
2021-03-15,39815.16
2021-03-16,39793.07
2021-03-17,39763.64
2021-03-18,39695.57
2021-03-19,39602.32
2021-03-22,39529.65
2021-03-23,39407.29
2021-03-24,39390.78
2021-03-25,39414.54
2021-03-26,39547.11
2021-03-29,39615.76
2021-03-30,39612.97
2021-03-31,39600.98
2021-04-01,39595.34
2021-04-02,39611.08
2021-04-05,39607.7
2021-04-06,39637.45
2021-04-07,39440.69
2021-04-08,39420.7
2021-04-09,39376.02
2021-04-12,39368.67
2021-04-13,39419.69
2021-04-14,39494.64
2021-04-15,39413.21
2021-04-16,39623.84
2021-04-19,39617.48
2021-04-20,39626.72
2021-04-21,39589.03
2021-04-22,39629.27
2021-04-23,39615.38
2021-04-26,39688.9
2021-04-27,39679.0
2021-04-28,39660.45
2021-04-29,39693.89
2021-04-30,39729.4
2021-05-04,39724.94
2021-05-05,39826.88
2021-05-06,39762.24
2021-05-07,39789.77
2021-05-11,39778.49
2021-05-12,39791.77
2021-05-13,39692.18
2021-05-14,39739.84
2021-05-17,39740.43
2021-05-18,39757.58
2021-05-19,39760.51
2021-05-20,39714.81
2021-05-21,39728.44
2021-05-24,39745.07
2021-05-25,39740.69
2021-05-26,39763.59
2021-05-27,39760.55
2021-05-28,39732.84
2021-05-31,39768.85
2021-06-01,39772.31
2021-06-02,39787.59
2021-06-03,39792.69
2021-06-04,39752.39
2021-06-07,39713.23
2021-06-08,39608.22
2021-06-09,39570.27
2021-06-10,39557.51
2021-06-11,39680.09
2021-06-15,39662.94
2021-06-16,39651.4
2021-06-17,39661.26
2021-06-18,39727.27
2021-06-21,39695.85
2021-06-22,39737.62
2021-06-23,39764.91
2021-06-24,39805.12
2021-06-25,39762.18
2021-06-28,39773.57
2021-06-29,39738.08
2021-06-30,39734.28
2021-07-01,39716.7
2021-07-02,39750.1
2021-07-05,39772.79
2021-07-06,39761.69
2021-07-07,39748.12
2021-07-08,39711.42
2021-07-09,39714.61
2021-07-12,39699.98
2021-07-13,39693.74
2021-07-14,39670.42
2021-07-15,39695.74
2021-07-16,39689.69
2021-07-19,39682.68
2021-07-20,39695.38
2021-07-21,39737.61
2021-07-22,39870.6
2021-07-23,39903.0
2021-07-26,39962.6
2021-07-27,40008.9
2021-07-28,39997.6
2021-07-29,40064.12
2021-07-30,40098.68
2021-08-02,40112.37
2021-08-03,40119.47
2021-08-04,40101.1
2021-08-05,40169.54
2021-08-06,40172.69
2021-08-09,40171.32
2021-08-10,40177.4
2021-08-11,40155.29
2021-08-12,40147.6
2021-08-13,40174.66
2021-08-16,40214.32
2021-08-17,40240.9
2021-08-18,40252.11
2021-08-19,40206.77
2021-08-20,40213.89
2021-08-23,40218.32
2021-08-24,40215.33
2021-08-25,40230.88
2021-08-26,40206.55
2021-08-27,40224.76
2021-08-30,40256.34
2021-08-31,40259.89
2021-09-01,40294.2
2021-09-02,40245.77
2021-09-03,40276.14
2021-09-06,40278.99
2021-09-07,40265.66
2021-09-08,40275.56
2021-09-09,40276.12
2021-09-10,40312.58
2021-09-13,40318.71
2021-09-14,40320.99
2021-09-15,40297.65
2021-09-16,40308.52
2021-09-17,40290.18
2021-09-20,40297.69
2021-09-21,40275.63
2021-09-22,40308.62
2021-09-23,40247.23
2021-09-24,40186.26
2021-09-27,40138.94
2021-09-28,40137.76
2021-09-29,40174.36
2021-09-30,40142.69
2021-10-01,40124.44
2021-10-04,40084.91
2021-10-05,39966.58
2021-10-06,39882.58
2021-10-07,39936.08
2021-10-08,40043.56
2021-10-11,40025.47
2021-10-12,39992.28
2021-10-13,40004.03
2021-10-14,40026.88
2021-10-15,40068.42
2021-10-18,40016.7
2021-10-19,40000.07
2021-10-20,39986.86
2021-10-21,39927.75
2021-10-22,39800.16
2021-10-25,39729.82
2021-10-26,39634.59
2021-10-27,39581.17
2021-10-28,39455.99
2021-10-29,39441.76
2021-11-01,39406.83
2021-11-02,39333.37
2021-11-03,39419.13
2021-11-08,39493.3
2021-11-09,39565.49
2021-11-10,39567.83
2021-11-11,39591.7
2021-11-12,39578.6
2021-11-15,39507.84
2021-11-16,39480.0
2021-11-17,39431.67
2021-11-18,39383.61
2021-11-19,39301.25
2021-11-22,38989.75
2021-11-23,38862.98
2021-11-24,38942.02
2021-11-25,39040.68
2021-11-26,38919.24
2021-11-29,39049.61
2021-11-30,38933.83
2021-12-01,38944.96
2021-12-02,38864.91
2021-12-03,39051.84
2021-12-06,38915.67
2021-12-07,38816.05
2021-12-08,38798.05
2021-12-09,38847.58
2021-12-10,38831.05
2021-12-13,38795.34
2021-12-14,38609.84
2021-12-15,38581.8
2021-12-16,38654.83
2021-12-17,38748.19
2021-12-20,38954.91
2021-12-21,39026.95
2021-12-22,39115.31
2021-12-23,39173.58
2021-12-24,39221.35
2021-12-27,39383.87
2021-12-28,39427.01
2021-12-29,39503.56
2021-12-30,39455.32
2022-01-10,39719.79
2022-01-11,39631.67
2022-01-12,39570.7
2022-01-13,39350.48
2022-01-14,38961.38
2022-01-17,38896.02
2022-01-18,38537.78
2022-01-19,38641.88
2022-01-20,38797.03
2022-01-21,38734.88
2022-01-24,38388.34
2022-01-25,38256.95
2022-01-26,38163.0
2022-01-27,38266.86
2022-01-28,38473.17
2022-01-31,38531.43
2022-02-01,38633.77
2022-02-02,38659.68
2022-02-03,38626.43
2022-02-04,38616.81
2022-02-07,38553.92
2022-02-08,38452.18
2022-02-09,38406.38
2022-02-10,38451.9
2022-02-11,38192.51
2022-02-14,37942.43
2022-02-15,38014.02
2022-02-16,38150.29
2022-02-17,38100.27
2022-02-18,37922.94
2022-02-21,37407.65
2022-02-22,35436.66
2022-02-24,30966.82
2022-02-25,32256.88
2022-04-01,32844.18
2022-04-04,32985.85
2022-04-05,32819.41
2022-04-06,32636.11
2022-04-07,32419.53
2022-04-08,33105.73
2022-04-11,33987.61
2022-04-12,33992.1
2022-04-13,33914.2
2022-04-14,34242.44
2022-04-15,34116.23
2022-04-18,34276.76
2022-04-19,34587.71
2022-04-20,34856.05
2022-04-21,35591.07
2022-04-22,35740.6
2022-04-25,35342.41
2022-04-26,35460.89
2022-04-27,35660.69
2022-04-28,35988.97
2022-04-29,36042.76
2022-05-04,35931.45
2022-05-05,35947.34
2022-05-06,35746.75
2022-05-11,35677.38
2022-05-12,35578.78
2022-05-13,35589.29
2022-05-16,35705.39
2022-05-17,35686.5
2022-05-18,35458.63
2022-05-19,35627.15
2022-05-20,35701.36
2022-05-23,35632.11
2022-05-24,35712.71
2022-05-25,36380.96
2022-05-26,37172.1
2022-05-27,37020.06
2022-05-30,37138.99
2022-05-31,37505.23
2022-06-01,37748.16
2022-06-02,38169.45
2022-06-03,38457.54
2022-06-06,38549.42
2022-06-07,38798.08
2022-06-08,39129.19
2022-06-09,39405.54
2022-06-10,39690.17
2022-06-14,39517.18
2022-06-15,39603.99
2022-06-16,39630.23
2022-06-17,39708.27
2022-06-20,39706.05
2022-06-21,39775.81
2022-06-22,39777.99
2022-06-23,39891.8
2022-06-24,39987.26
2022-06-27,40076.96
2022-06-28,40082.54
2022-06-29,40056.61
2022-06-30,39968.97
2022-07-01,39969.86
2022-07-04,39947.7
2022-07-05,39883.67
2022-07-06,39774.29
2022-07-07,39798.16
2022-07-08,39778.42
2022-07-11,39816.54
2022-07-12,39881.77
2022-07-13,39888.95
2022-07-14,39868.86
2022-07-15,39872.71
2022-07-18,39952.85
2022-07-19,39953.17
2022-07-20,39947.8
2022-07-21,40055.77
2022-07-22,40325.91
2022-07-25,40528.15
2022-07-26,40516.72
2022-07-27,40536.49
2022-07-28,40583.94
2022-07-29,40601.54
2022-08-01,40673.9
2022-08-02,40644.01
2022-08-03,40623.27
2022-08-04,40573.12
2022-08-05,40577.8
2022-08-08,40908.31
2022-08-09,40743.31
2022-08-10,40767.18
2022-08-11,40799.17
2022-08-12,40866.25
2022-08-15,40877.83
2022-08-16,40888.82
2022-08-17,40895.29
2022-08-18,40951.24
2022-08-19,41002.61
2022-08-22,41000.16
2022-08-23,40977.34
2022-08-24,40922.32
2022-08-25,41036.01
2022-08-26,41016.09
2022-08-29,41017.08
2022-08-30,41112.31
2022-08-31,41058.17
2022-09-01,41112.18
2022-09-02,41183.23
2022-09-05,41211.57
2022-09-06,41226.47
2022-09-07,41347.73
2022-09-08,41443.4
2022-09-09,41538.7
2022-09-12,41648.81
2022-09-13,41730.14
2022-09-14,41717.12
2022-09-15,41840.32
2022-09-16,42009.37
2022-09-19,41940.84
2022-09-20,41755.96
2022-09-21,40592.56
2022-09-22,41004.48
2022-09-23,40488.77
2022-09-26,39204.73
2022-09-27,39596.23
2022-09-28,40082.75
2022-09-29,39959.74
2022-09-30,39910.59
2022-10-03,40311.68
2022-10-04,40491.2
2022-10-05,40608.96
2022-10-06,40864.43
2022-10-07,40727.21
2022-10-10,40647.73
2022-10-11,40909.89
2022-10-12,40930.5
2022-10-13,40932.51
2022-10-14,40963.11
2022-10-17,40982.98
2022-10-18,41079.93
2022-10-19,41205.05
2022-10-20,41325.62
2022-10-21,41348.82
2022-10-24,41412.89
2022-10-25,41461.1
2022-10-26,41528.98
2022-10-27,41568.29
2022-10-28,41602.76
2022-10-31,41688.17
2022-11-01,41681.03
2022-11-02,41661.08
2022-11-03,41751.62
2022-11-07,41719.57
2022-11-08,41694.16
2022-11-09,41665.5
2022-11-10,41708.13
2022-11-11,41728.92
2022-11-14,41794.41
2022-11-15,41780.39
2022-11-16,41803.05
2022-11-17,41819.06
2022-11-18,41878.13
2022-11-21,41946.47
2022-11-22,41950.44
2022-11-23,41967.97
2022-11-24,41933.64
2022-11-25,41917.83
2022-11-28,41929.59
2022-11-29,41972.94
2022-11-30,42004.49
2022-12-01,41975.8
2022-12-02,42054.94
2022-12-05,42062.48
2022-12-06,41983.15
2022-12-07,40407.25
2022-12-08,40257.46
2022-12-09,40163.92
2022-12-12,40097.25
2022-12-13,40293.87
2022-12-14,40194.44
2022-12-15,40282.6
2022-12-16,40184.37
2022-12-19,40209.48
2022-12-20,40170.87
2022-12-21,40131.95
2022-12-22,40125.69
2022-12-23,40103.82
2022-12-26,40180.68
2022-12-27,40232.58
2022-12-28,40257.37
2022-12-29,40325.26
2022-12-30,40206.47
2023-01-09,40447.52
2023-01-10,40469.85
2023-01-11,40466.68
2023-01-12,40474.7
2023-01-13,40480.14
2023-01-16,40540.64
2023-01-17,40527.12
2023-01-18,40510.83
2023-01-19,40505.96
2023-01-20,40545.72
2023-01-23,40595.35
2023-01-24,40634.08
2023-01-25,40600.0
2023-01-26,40687.25
2023-01-27,40786.51
2023-01-30,40835.67
2023-01-31,40882.32
2023-02-01,40953.16
2023-02-02,40973.38
2023-02-03,41034.57
2023-02-06,41005.69
2023-02-07,40901.47
2023-02-08,41336.36
2023-02-09,41019.61
2023-02-10,41098.24
2023-02-13,41324.82
2023-02-14,41314.01
2023-02-15,41146.48
2023-02-16,41223.13
2023-02-17,41261.27
2023-02-20,41254.18
2023-02-21,41306.47
2023-02-22,41313.69
2023-02-27,41452.32
2023-02-28,41412.86
2023-03-01,41450.27
2023-03-02,41462.85
2023-03-03,41463.85
2023-03-06,41459.3
2023-03-07,41543.87
2023-03-09,41508.47
2023-03-10,41553.56
2023-03-13,41549.72
2023-03-14,41585.12
2023-03-15,41600.14
2023-03-16,41587.7
2023-03-17,41609.36
2023-03-20,41708.76
2023-03-21,41803.18
2023-03-22,41840.51
2023-03-23,41909.66
2023-03-24,42031.79
2023-03-27,42143.07
2023-03-28,42135.12
2023-03-29,42128.82
2023-03-30,42325.04
2023-03-31,42016.48
2023-04-03,42408.04
2023-04-04,42450.26
2023-04-05,42564.29
2023-04-06,42599.18
2023-04-07,42508.06
2023-04-10,42554.96
2023-04-11,42564.86
2023-04-12,42595.42
2023-04-13,42623.65
2023-04-14,42626.61
2023-04-17,42625.37
2023-04-18,42730.9
2023-04-19,42747.26
2023-04-20,42785.59
2023-04-21,42813.39
2023-04-24,42845.62
2023-04-25,42863.9
2023-04-26,42875.56
2023-04-27,42852.06
2023-04-28,42910.15
2023-05-02,42965.79
2023-05-03,42988.05
2023-05-04,42999.52
2023-05-05,43039.97
2023-05-10,43108.41
2023-05-11,43129.63
2023-05-12,43124.95
2023-05-15,43161.23
2023-05-16,43224.09
2023-05-17,43228.74
2023-05-18,43257.01
2023-05-19,43302.62
2023-05-22,43327.47
2023-05-23,43373.63
2023-05-24,43370.62
2023-05-25,43398.09
2023-05-26,43453.32
2023-05-29,43504.36
2023-05-30,43559.55
2023-05-31,43573.18
2023-06-01,43204.92
2023-06-02,43210.72
2023-06-05,43268.92
2023-06-06,43321.69
2023-06-07,43290.38
2023-06-08,43285.33
2023-06-09,43262.44
2023-06-13,43438.33
2023-06-14,43449.51
2023-06-15,43509.08
2023-06-16,43559.26
2023-06-19,43583.81
2023-06-20,43608.6
2023-06-21,43540.17
2023-06-22,43600.01
2023-06-23,43642.99
2023-06-26,43601.56
2023-06-27,43626.96
2023-06-28,43638.81
2023-06-29,43624.32
2023-06-30,43546.36
2023-07-03,43655.66
2023-07-04,43563.36
2023-07-05,43633.03
2023-07-06,43559.92
2023-07-07,43594.38
2023-07-10,43617.99
2023-07-11,43651.43
2023-07-12,43604.48
2023-07-13,43616.85
2023-07-14,43668.8
2023-07-17,43581.86
2023-07-18,43556.93
2023-07-19,43530.52
2023-07-20,43676.05
2023-07-21,43666.76
2023-07-24,43720.56
2023-07-25,43760.86
2023-07-26,43834.62
2023-07-27,43958.72
2023-07-28,44097.94
2023-07-31,44212.63
2023-08-01,44204.07
2023-08-02,44269.78
2023-08-03,44208.72
2023-08-04,44267.0
2023-08-07,44318.13
2023-08-08,44268.38
2023-08-09,44253.85
2023-08-10,44213.57
2023-08-11,44185.21
2023-08-14,44103.49
2023-08-15,43671.73
2023-08-16,43799.24
2023-08-17,43810.58
2023-08-18,43936.77
2023-08-21,43939.48
2023-08-22,43993.61
2023-08-23,43931.2
2023-08-24,43887.09
2023-08-25,43926.72
2023-08-28,43919.72
2023-08-29,43869.87
2023-08-30,43796.94
2023-08-31,43792.38
2023-09-01,43801.03
2023-09-04,43746.05
2023-09-05,43740.73
2023-09-06,43641.66
2023-09-07,43393.76
2023-09-08,43320.46
2023-09-11,43360.25
2023-09-12,43466.97
2023-09-13,43594.3
2023-09-14,43538.83
2023-09-15,43529.66
2023-09-18,43559.3
2023-09-19,43560.19
2023-09-20,43589.57
2023-09-21,43606.06
2023-09-22,43585.12
2023-09-25,43594.73
2023-09-26,43603.79
2023-09-27,43580.76
2023-09-28,43553.45
2023-09-29,43524.23
2023-10-02,43299.02
2023-10-03,43307.73
2023-10-04,43283.76
2023-10-05,43091.94
2023-10-06,43120.53
2023-10-09,43087.84
2023-10-10,43094.33
2023-10-11,43128.58
2023-10-12,43158.01
2023-10-13,43294.9
2023-10-16,43420.11
2023-10-17,43471.1
2023-10-18,43443.14
2023-10-19,43368.94
2023-10-20,43301.37
2023-10-23,43342.76
2023-10-24,43329.06
2023-10-25,43357.73
2023-10-26,43422.75
2023-10-27,43363.92
2023-10-30,43299.61
2023-10-31,43351.24
2023-11-01,43410.15
2023-11-02,43470.24
2023-11-03,43594.47
2023-11-07,43814.8
2023-11-08,43891.03
2023-11-09,43912.1
2023-11-10,43975.14
2023-11-13,43947.15
2023-11-14,43844.52
2023-11-15,43844.55
2023-11-16,43860.02
2023-11-17,43835.04
2023-11-20,43901.51
2023-11-21,43844.4
2023-11-22,43855.34
2023-11-23,43937.24
2023-11-24,43913.87
2023-11-27,43903.64
2023-11-28,43913.76
2023-11-29,43895.7
2023-11-30,43916.51
2023-12-01,43999.94
2023-12-04,43954.66
2023-12-05,43912.97
2023-12-06,43876.87
2023-12-07,43804.13
2023-12-08,43789.54
2023-12-11,43800.88
2023-12-12,43754.08
2023-12-13,43750.04
2023-12-14,43834.03
2023-12-15,43886.51
2023-12-18,44165.82
2023-12-19,44308.3
2023-12-20,44401.81
2023-12-21,44364.76
2023-12-22,44433.01
2023-12-25,44498.15
2023-12-26,44486.43
2023-12-27,44538.86
2023-12-28,44298.41
2023-12-29,44027.26
2024-01-09,44643.88
2024-01-10,44686.19
2024-01-11,44762.54
2024-01-12,44724.87
2024-01-15,44703.36
2024-01-16,44917.63
2024-01-17,44997.38
2024-01-18,45038.8
2024-01-19,45083.11
2024-01-22,45093.0
2024-01-23,45143.51
2024-01-24,45122.49
2024-01-25,45120.74
2024-01-26,45156.99
2024-01-29,45178.14
2024-01-30,45188.55
2024-01-31,45187.38
2024-02-01,45170.63
2024-02-02,45197.54
2024-02-05,45248.51
2024-02-06,45249.73
2024-02-07,45306.35
2024-02-08,45303.7
2024-02-09,45248.1
2024-02-12,45265.91
2024-02-13,45301.22
2024-02-14,45344.72
2024-02-15,45273.04
2024-02-16,45316.7
2024-02-19,45344.57
2024-02-20,45310.12
2024-02-21,45280.68
2024-02-22,45309.48
2024-02-26,45310.84
2024-02-27,45360.3
2024-02-28,45354.54
2024-02-29,45397.6
2024-03-01,45452.96
2024-03-04,45442.39
2024-03-05,45409.52
2024-03-06,45377.98
2024-03-07,45351.14
2024-03-11,45280.13
2024-03-12,45352.94
2024-03-13,45349.29
2024-03-14,45292.58
2024-03-15,45223.63
2024-03-18,45172.95
2024-03-19,45205.48
2024-03-20,45174.94
2024-03-21,45248.85
2024-03-22,45277.17
2024-03-25,45274.79
2024-03-26,45304.92
2024-03-27,45288.02
2024-03-28,45340.32
2024-03-29,45391.91
2024-04-01,45407.66
2024-04-02,45389.77
2024-04-03,45390.56
2024-04-04,45351.77
2024-04-05,45389.72
2024-04-08,45360.4
2024-04-09,45385.02
2024-04-10,45379.46
2024-04-11,45405.85
2024-04-12,45460.93
2024-04-15,45464.24
2024-04-16,45505.34
2024-04-17,45533.83
2024-04-18,45536.76
2024-04-19,45569.93
2024-04-22,45589.08
2024-04-23,45588.87
2024-04-24,45613.38
2024-04-25,45595.11
2024-04-26,45634.79
2024-04-27,45671.56
2024-05-02,45718.52
2024-05-03,45763.76
2024-05-06,45829.61
2024-05-07,45808.85
2024-05-08,45879.14
2024-05-13,45914.81
2024-05-14,45912.12
2024-05-15,45856.72
2024-05-16,45890.99
2024-05-17,45904.78
2024-05-20,45903.64
2024-05-21,45926.81
2024-05-22,45922.01
2024-05-23,45899.22
2024-05-24,45840.68
2024-05-27,45748.55
2024-05-28,45718.3
2024-05-29,45734.32
2024-05-30,45784.22
2024-05-31,45724.82
2024-06-03,45722.96
2024-06-04,45769.54
2024-06-05,45839.45
2024-06-06,45847.33
2024-06-07,45830.34
2024-06-10,45916.36
2024-06-11,45921.51
2024-06-13,45948.77
2024-06-14,45965.8
2024-06-17,45905.26
2024-06-18,45924.87
2024-06-19,45798.95
2024-06-20,45652.75
2024-06-21,45676.55
2024-06-24,45764.18
2024-06-25,45756.8
2024-06-26,45776.94
2024-06-27,45815.47
2024-06-28,45849.86
2024-07-01,45927.54
2024-07-02,45966.9
2024-07-03,45939.59
2024-07-04,45963.29
2024-07-05,45994.47
2024-07-08,45967.82
2024-07-09,46001.21
2024-07-10,46019.19
2024-07-11,46012.6
2024-07-12,46015.53
2024-07-15,46084.34
2024-07-16,46067.82
2024-07-17,46067.74
2024-07-18,46167.44
2024-07-19,46157.78
2024-07-22,46302.76
2024-07-23,46213.39
2024-07-24,46220.16
2024-07-25,46252.77
2024-07-26,46280.81
2024-07-29,46350.33
2024-07-30,46373.86
2024-07-31,46409.25
2024-08-01,46477.56
2024-08-02,46504.61
2024-08-05,46561.11
2024-08-06,46594.62
2024-08-07,46603.61
2024-08-08,46641.52
2024-08-09,46668.47
2024-08-12,46761.39
2024-08-13,46770.25
2024-08-14,46776.55
2024-08-15,46779.67
2024-08-16,46775.24
2024-08-19,46816.37
2024-08-20,46807.77
2024-08-21,46789.83
2024-08-22,46821.0
2024-08-23,46830.99
2024-08-26,46861.67
2024-08-27,46886.91
2024-08-28,46885.37
2024-08-29,46870.45
2024-08-30,46838.46
2024-09-02,46803.28
2024-09-03,46735.47
2024-09-04,46713.9
2024-09-05,46738.69
2024-09-06,46737.61
2024-09-09,46835.08
2024-09-10,46822.98
2024-09-11,46794.25
2024-09-12,46769.66
2024-09-13,46821.87
2024-09-16,46829.08
2024-09-17,46899.74
2024-09-18,46943.92
2024-09-19,46900.75
2024-09-20,46900.76
2024-09-23,46935.41
2024-09-24,46900.71
2024-09-25,46978.22
2024-09-26,47054.92
2024-09-27,47015.43
2024-09-30,47097.45
2024-10-01,47129.19
2024-10-02,47163.36
2024-10-03,47169.52
2024-10-04,47171.77
2024-10-07,47179.69
2024-10-08,47179.37
2024-10-09,47194.22
2024-10-10,47187.36
2024-10-11,47187.73
2024-10-14,47254.6
2024-10-15,47210.67
2024-10-16,47151.94
2024-10-17,47162.49
2024-10-18,47182.39
2024-10-21,47208.14
2024-10-22,47140.33
2024-10-23,47147.27
2024-10-24,47196.34
2024-10-25,47212.07
2024-10-28,47197.14
2024-10-29,46979.2
2024-10-30,46852.95
2024-10-31,46716.69
2024-11-01,46728.96
2024-11-02,46723.71
2024-11-05,46471.1
2024-11-06,46533.15
2024-11-07,46414.9
2024-11-08,46374.38
2024-11-11,46524.22
2024-11-12,46711.35
2024-11-13,46664.12
2024-11-14,46654.24
2024-11-15,46689.8
2024-11-18,46818.72
2024-11-19,46850.19
2024-11-20,46881.32
2024-11-21,46859.92
2024-11-22,46816.22
2024-11-25,46842.62
2024-11-26,46755.18
2024-11-27,46585.62
2024-11-28,46614.62
2024-11-29,46637.32
2024-12-02,46644.75
2024-12-03,46665.84
2024-12-04,46647.93
2024-12-05,46682.41
2024-12-06,46785.34
2024-12-09,46785.83
2024-12-10,46583.32
2024-12-11,46608.94
2024-12-12,46509.97
2024-12-13,46397.81
2024-12-16,46487.98
2024-12-17,46365.02
2024-12-18,46374.38
2024-12-19,46421.94
2024-12-20,46804.55
2024-12-23,47423.36
2024-12-24,47564.26
2024-12-25,47805.96
2024-12-26,47864.54
2024-12-27,47962.53
2024-12-28,48093.89
2025-01-09,48724.68
2025-01-10,48751.76
2025-01-13,48875.73
2025-01-14,48854.51
2025-01-15,48866.61
2025-01-16,48907.44
2025-01-17,49023.95
2025-01-20,49021.62
2025-01-21,49116.1
2025-01-22,49184.6
2025-01-23,49135.02
2025-01-24,49182.3
2025-01-27,49202.72
2025-01-28,49206.47
2025-01-29,49238.7
2025-01-30,49328.76
2025-01-31,49380.52
2025-02-03,49435.67
2025-02-04,49430.14
2025-02-05,49376.79
2025-02-06,49370.31
2025-02-07,49423.09
2025-02-10,49466.86
2025-02-11,49538.8
2025-02-12,49724.64
2025-02-13,50226.77
2025-02-14,50615.11
2025-02-17,50470.41
2025-02-18,50515.72
2025-02-19,50563.56
2025-02-20,50623.09
2025-02-21,50688.28
2025-02-24,50755.71
2025-02-25,50686.13
2025-02-26,50720.21
2025-02-27,50919.55
2025-02-28,50985.0
2025-03-03,51089.68
2025-03-04,51230.31
2025-03-05,51374.17
2025-03-06,51591.77
2025-03-07,51934.07
2025-03-10,52122.04
2025-03-11,52056.8
2025-03-12,52123.01
2025-03-13,52118.94
2025-03-14,52237.68
2025-03-17,52474.45
2025-03-18,52561.91
2025-03-19,52675.96
2025-03-20,52665.95
2025-03-21,52695.4
2025-03-24,52724.19
2025-03-25,52729.34
2025-03-26,52728.39
2025-03-27,52638.56
2025-03-28,52646.12
2025-03-31,52602.05
2025-04-01,52679.44
2025-04-02,52684.1
2025-04-03,52675.79
2025-04-04,52537.96
2025-04-07,52165.52
2025-04-08,52412.57
2025-04-09,52272.87
2025-04-10,52481.15
2025-04-11,52695.63
2025-04-14,52844.96
2025-04-15,52809.54
2025-04-16,52846.83
2025-04-17,52979.66
2025-04-18,52885.52
2025-04-21,53081.71
2025-04-22,53164.29
2025-04-23,53191.52
2025-04-24,53319.27
2025-04-25,53437.87
2025-04-28,53523.02
2025-04-29,53472.56
2025-04-30,53516.18
2025-05-05,53543.82
2025-05-06,53577.8
2025-05-07,53650.6
2025-05-12,54071.27
2025-05-13,53985.38
2025-05-14,54025.14
2025-05-15,54010.76
2025-05-16,54055.03
2025-05-19,54143.34
2025-05-20,54123.7
2025-05-21,54120.28
2025-05-22,54100.63
2025-05-23,54174.01
2025-05-26,54172.75
2025-05-27,54196.67
2025-05-28,54340.58
2025-05-29,54564.69
2025-05-30,54951.44
2025-06-02,55234.17
2025-06-03,55360.52
2025-06-04,55660.87
2025-06-05,55784.51
2025-06-06,55795.89
2025-06-09,55819.91
2025-06-10,55987.72
2025-06-11,56088.53
2025-06-16,56220.1
2025-06-17,56200.53
2025-06-18,56267.09
2025-06-19,56419.99
2025-06-20,56500.92
2025-06-23,56508.56
2025-06-24,56550.87
2025-06-25,56681.22
2025-06-26,56787.19
2025-06-27,56947.68
2025-06-30,57165.84
2025-07-01,57214.47
2025-07-02,57333.68
2025-07-03,57456.33
2025-07-04,57453.14
2025-07-07,57518.75
2025-07-08,57551.58
2025-07-09,57506.27
2025-07-10,57569.85
2025-07-11,57650.85
2025-07-14,57750.64
2025-07-15,58108.23
2025-07-16,58453.27
2025-07-17,58677.32
2025-07-18,58792.34
2025-07-21,58957.98
2025-07-22,58847.27
2025-07-23,58965.79
2025-07-24,59089.42
2025-07-25,59194.41
2025-07-28,59386.15
2025-07-29,59252.75
2025-07-30,59351.46
2025-07-31,59393.12
2025-08-01,59320.75
2025-08-04,59380.35
2025-08-05,59439.95
2025-08-06,59478.87
2025-08-07,59710.13
2025-08-08,59857.19
2025-08-11,60163.24
2025-08-12,60241.03
2025-08-13,60231.07
2025-08-14,60260.97
2025-08-15,60455.13
2025-08-18,60581.36
2025-08-19,60782.07
2025-08-20,60634.4
2025-08-21,60438.66
2025-08-22,60483.22
2025-08-25,60525.48
2025-08-26,60472.15
2025-08-27,60452.76
2025-08-28,60430.0
2025-08-29,60368.03
2025-09-01,60556.5
2025-09-02,60529.55
2025-09-03,60614.61
2025-09-04,60921.39
2025-09-05,60944.03
2025-09-08,61118.64
2025-09-09,61021.27
2025-09-10,60927.27
2025-09-11,60866.9
2025-09-12,60710.61
2025-09-15,60626.02
2025-09-16,60528.34
2025-09-17,60526.15
2025-09-18,60520.32
2025-09-19,60302.38
2025-09-22,60293.63
2025-09-23,60289.48
2025-09-24,60190.34
2025-09-25,59989.76
2025-09-26,60040.07
2025-09-29,60018.56
2025-09-30,59841.53
2025-10-01,60011.46
2025-10-02,59823.04
2025-10-03,59863.08
2025-10-06,59946.65
2025-10-07,59967.17
2025-10-08,59851.82
2025-10-09,59647.65
2025-10-10,59741.79
2025-10-13,59831.92
2025-10-14,59815.24
2025-10-15,59835.77
2025-10-16,60275.26
2025-10-17,60853.27
2025-10-20,60856.43
2025-10-21,60708.7
2025-10-22,60578.87
2025-10-23,60353.79
2025-10-24,60437.07
2025-10-27,60234.9
2025-10-28,60406.0
2025-10-29,60515.51
2025-10-30,60985.73
2025-10-31,60954.85
2025-11-01,61056.52
2025-11-05,61248.85
2025-11-06,61268.15
2025-11-07,61311.7
2025-11-10,61538.32
2025-11-11,61707.15
2025-11-12,61940.92
2025-11-13,62049.96
2025-11-14,61948.45
2025-11-17,62036.9
2025-11-18,62044.58
2025-11-19,62066.3
2025-11-20,62186.87
2025-11-21,62296.7
2025-11-24,62321.4
2025-11-25,62269.36
2025-11-26,62096.63
2025-11-27,62024.7
2025-11-28,62024.45
2025-12-01,62152.4
2025-12-02,62147.88
2025-12-03,62148.22
2025-12-04,62426.86
2025-12-05,62543.6
2025-12-08,62599.35
2025-12-09,62477.7
2025-12-10,62507.19
2025-12-11,62673.54
2025-12-12,62789.13
2025-12-15,62776.23
2025-12-16,62773.61
2025-12-17,62797.1
2025-12-18,62911.92
2025-12-19,62816.17
2025-12-22,62662.18
2025-12-23,62544.24
2025-12-24,62514.36
2025-12-25,62332.81
2025-12-26,62360.28
2025-12-29,62587.13
2025-12-30,62624.49
2026-01-12,63010.81
2026-01-13,62802.67
2026-01-14,62816.62
2026-01-15,62724.47
2026-01-16,62834.83
2026-01-19,62911.46
2026-01-20,62853.25
2026-01-21,62871.22
2026-01-22,62926.43
2026-01-23,62969.76
2026-01-26,62933.91
2026-01-27,62947.4
2026-01-28,62973.88
2026-01-29,63088.05
2026-01-30,63126.75
2026-02-02,63158.09
2026-02-03,63184.14
2026-02-04,63197.41
2026-02-05,63137.9
2026-02-06,63051.08
2026-02-09,63069.93
2026-02-10,62922.44
2026-02-11,62941.51
2026-02-12,63264.72
2026-02-13,63709.16
2026-02-16,64064.11
2026-02-17,64063.54
2026-02-18,64176.03
2026-02-19,64313.73
2026-02-20,64217.69
2026-02-24,64286.67
2026-02-25,64259.7
2026-02-26,64192.99
2026-02-27,64231.91
2026-03-02,64302.71
2026-03-03,64312.22
2026-03-04,64279.66
2026-03-05,64307.94
2026-03-06,64321.67
2026-03-10,64470.98
2026-03-11,64441.98
2026-03-12,64676.18
2026-03-13,64954.58
2026-03-16,65153.29
2026-03-17,65061.87
2026-03-18,65054.13
2026-03-19,64986.55
2026-03-20,65099.72
2026-03-23,65087.58
2026-03-24,65110.02
2026-03-25,65154.06
2026-03-26,65113.34
2026-03-27,65111.62
2026-03-30,65235.99
2026-03-31,65255.42
2026-04-01,65279.14
2026-04-02,65276.1
2026-04-03,65215.14
2026-04-06,65269.78
2026-04-07,65221.83
2026-04-08,65216.34
2026-04-09,65169.22
2026-04-10,65340.51
2026-04-13,65448.32
2026-04-14,65389.36
2026-04-15,65529.97
2026-04-16,65904.75
2026-04-17,65925.99
2026-04-20,66069.81
2026-04-21,66089.65
2026-04-22,66302.62
2026-04-23,66414.85
2026-04-24,66161.88
2026-04-27,66085.64
2026-04-28,66014.09
2026-04-29,66107.9
2026-04-30,66223.48
2026-05-04,66313.73
2026-05-05,66268.66
2026-05-06,66244.72
2026-05-07,66253.36
2026-05-08,66226.6
2026-05-12,66378.61
2026-05-13,66393.68
2026-05-14,66367.76
2026-05-15,66404.29
2026-05-18,66419.46
2026-05-19,66411.64
2026-05-20,66415.39
2026-05-21,66473.37
2026-05-22,66498.16
2026-05-25,66522.67
2026-05-26,66428.12
2026-05-27,66461.74
2026-05-28,66528.45
2026-05-29,66503.29
2026-06-01,66495.78
2026-06-02,66571.77
2026-06-03,66702.72
2026-06-04,66751.33
2026-06-05,66794.13
2026-06-08,66625.33
2026-06-09,66542.29
2026-06-10,66593.43
2026-06-11,66603.24
2026-06-15,66738.66
2026-06-16,66704.29
2026-06-17,66655.66
2026-06-18,66618.21
2026-06-19,66366.02
2026-06-22,65666.81
2026-06-23,65550.2
2026-06-24,65521.53
2026-06-25,64807.36
2026-06-26,64171.19
2026-06-29,64600.01
2026-06-30,64632.14
2026-07-01,64297.63
2026-07-02,64084.25
2026-07-03,63716.34
2026-07-06,63723.05
2026-07-07,63357.51
2026-07-08,64185.95
2026-07-09,64488.94
2026-07-10,64468.12
2026-07-13,64223.36
2026-07-14,64193.36
2026-07-15,63889.83
2026-07-16,63469.13
