Date,Price,NAV
06.01.1997,500.0,21400.0
07.01.1997,500.0,21400.0
08.01.1997,500.0,41395.0
09.01.1997,500.0,111038.0
10.01.1997,500.0,140125.0
13.01.1997,500.0,139820.0
14.01.1997,500.0,139837.0
15.01.1997,500.0,139802.0
16.01.1997,500.0,140067.0
17.01.1997,500.0,186380.0
20.01.1997,500.0,313532.0
21.01.1997,500.0,313282.0
22.01.1997,500.0,313327.0
23.01.1997,500.0,314785.0
24.01.1997,500.0,326522.0
27.01.1997,500.0,327605.0
28.01.1997,500.0,327620.0
29.01.1997,500.0,332460.0
30.01.1997,500.0,333117.0
31.01.1997,500.0,332979.0
03.02.1997,500.0,332800.0
04.02.1997,500.0,337780.0
05.02.1997,500.0,337614.0
06.02.1997,500.0,342119.0
07.02.1997,500.0,345504.0
10.02.1997,500.0,345237.0
11.02.1997,500.0,426239.0
12.02.1997,500.0,541345.0
13.02.1997,500.0,541215.0
14.02.1997,500.0,616164.0
17.02.1997,500.0,627872.0
18.02.1997,500.0,627083.0
19.02.1997,500.0,673903.0
20.02.1997,500.0,672048.0
21.02.1997,500.0,671434.0
24.02.1997,500.0,700201.0
25.02.1997,500.0,740485.0
26.02.1997,500.0,740225.0
27.02.1997,500.0,798189.0
28.02.1997,500.0,864194.0
03.03.1997,500.0,1011120.0
04.03.1997,500.0,1027509.0
05.03.1997,500.0,1069927.0
06.03.1997,500.0,1088875.0
07.03.1997,500.0,1424395.0
10.03.1997,500.0,1424395.0
11.03.1997,500.0,1443774.0
12.03.1997,500.0,1443065.0
13.03.1997,500.0,1506093.0
14.03.1997,500.0,1521656.0
17.03.1997,500.0,1556818.0
18.03.1997,500.0,1603662.0
19.03.1997,500.0,1731586.0
20.03.1997,500.0,1820390.0
21.03.1997,500.0,2005563.0
24.03.1997,500.0,2144555.0
25.03.1997,500.0,2485226.0
26.03.1997,500.0,2540390.0
27.03.1997,500.0,2607708.0
28.03.1997,500.0,2647063.0
31.03.1997,505.3,2646291.0
01.04.1997,504.52,2642188.0
02.04.1997,504.41,2667961.0
03.04.1997,506.48,2678910.0
04.04.1997,509.51,2694954.0
07.04.1997,509.01,2692284.0
08.04.1997,509.28,2693717.0
09.04.1997,509.17,2693133.0
10.04.1997,510.91,2688501.0
11.04.1997,510.92,2688543.0
14.04.1997,510.69,2699343.0
15.04.1997,513.38,2713561.0
16.04.1997,513.27,2712973.0
17.04.1997,515.09,2722595.0
18.04.1997,515.57,2725129.0
21.04.1997,516.21,2810499.0
22.04.1997,518.22,2821444.0
23.04.1997,518.11,2820833.0
24.04.1997,521.47,2849152.0
25.04.1997,523.54,2725611.0
28.04.1997,522.61,2726774.0
29.04.1997,524.8,2738180.0
30.04.1997,526.87,2790609.0
05.05.1997,526.07,2786384.0
06.05.1997,527.54,2794166.0
07.05.1997,527.43,2793561.0
08.05.1997,529.72,2805712.0
12.05.1997,530.5,2809805.0
13.05.1997,531.29,2813986.0
14.05.1997,531.17,2813376.0
15.05.1997,535.08,2783256.0
16.05.1997,535.52,2786519.0
19.05.1997,537.13,2765357.0
20.05.1997,538.39,2771857.0
21.05.1997,538.27,2781254.0
22.05.1997,541.15,2820125.0
23.05.1997,542.35,2826396.0
26.05.1997,542.89,2829193.0
27.05.1997,541.48,2821862.0
28.05.1997,541.36,2821251.0
29.05.1997,544.15,2852994.0
30.05.1997,547.83,2872296.0
02.06.1997,548.79,2944857.0
03.06.1997,553.02,2984669.0
04.06.1997,552.89,3007546.0
05.06.1997,557.19,3101661.0
06.06.1997,557.68,3104393.0
09.06.1997,558.67,3282769.0
10.06.1997,560.12,3291281.0
11.06.1997,560.0,3442435.0
12.06.1997,560.0,3442435.0
13.06.1997,562.74,3486271.0
16.06.1997,560.95,3475194.0
17.06.1997,560.39,3535223.0
18.06.1997,560.29,3583985.0
19.06.1997,562.0,3620875.0
20.06.1997,562.51,3694368.0
23.06.1997,563.03,3496235.0
24.06.1997,564.16,3502598.0
25.06.1997,564.06,3501966.0
26.06.1997,564.92,3470602.0
27.06.1997,564.13,3465759.0
30.06.1997,564.55,3468347.0
01.07.1997,564.84,3470092.0
02.07.1997,564.73,3511958.0
03.07.1997,566.87,3525222.0
04.07.1997,568.18,3532771.0
07.07.1997,569.15,3663333.0
08.07.1997,570.79,3792996.0
09.07.1997,570.68,3798458.0
10.07.1997,569.23,3812556.0
11.07.1997,570.55,3829946.0
14.07.1997,570.76,3833147.0
15.07.1997,569.67,3820125.0
16.07.1997,569.57,3844836.0
17.07.1997,570.81,3853209.0
18.07.1997,570.92,3874007.0
21.07.1997,570.55,3842913.0
22.07.1997,571.05,3880016.0
23.07.1997,570.94,3879316.0
24.07.1997,571.73,3884656.0
25.07.1997,572.6,3883237.0
28.07.1997,573.04,3886187.0
29.07.1997,573.46,3906507.0
30.07.1997,573.36,3888420.0
31.07.1997,573.97,3892597.0
01.08.1997,574.44,3905787.0
04.08.1997,574.1,3877632.0
05.08.1997,573.97,3854002.0
06.08.1997,573.87,3772838.0
07.08.1997,574.04,3760290.0
08.08.1997,573.91,3721618.0
11.08.1997,573.29,3704964.0
12.08.1997,573.45,3656265.0
13.08.1997,573.34,3645599.0
14.08.1997,571.67,3623102.0
15.08.1997,572.88,3625803.0
18.08.1997,573.89,3445920.0
19.08.1997,574.83,3366532.0
20.08.1997,574.73,3352414.0
21.08.1997,575.78,3327827.0
22.08.1997,576.26,3293754.0
25.08.1997,576.8,3296857.0
26.08.1997,577.49,3281490.0
27.08.1997,577.39,3278011.0
28.08.1997,578.13,3273320.0
29.08.1997,578.74,3273839.0
01.09.1997,578.42,3272041.0
02.09.1997,578.5,3266737.0
03.09.1997,578.4,3124055.0
04.09.1997,579.89,3132113.0
05.09.1997,580.14,3087526.0
08.09.1997,579.67,3079824.0
09.09.1997,579.36,3078158.0
10.09.1997,579.25,3063701.0
11.09.1997,579.63,3085706.0
12.09.1997,577.21,3054318.0
15.09.1997,578.32,3044980.0
16.09.1997,579.48,3032580.0
17.09.1997,579.38,3032033.0
18.09.1997,580.32,3030463.0
19.09.1997,580.48,3026143.0
22.09.1997,580.66,3023383.0
23.09.1997,580.5,3022526.0
24.09.1997,580.41,3016300.0
25.09.1997,580.8,3018314.0
26.09.1997,580.3,3015713.0
29.09.1997,580.98,2992427.0
30.09.1997,581.64,2995827.0
01.10.1997,581.54,2989155.0
02.10.1997,583.7,2991543.0
03.10.1997,584.78,2997078.0
06.10.1997,584.04,2993263.0
07.10.1997,584.06,2993358.0
08.10.1997,583.95,2777044.0
09.10.1997,584.06,3077074.0
10.10.1997,583.79,2776289.0
13.10.1997,584.15,2777995.0
14.10.1997,584.27,2778567.0
15.10.1997,584.18,2767963.0
16.10.1997,584.59,2769905.0
17.10.1997,584.52,2663016.0
20.10.1997,584.48,2624189.0
21.10.1997,584.53,2624429.0
22.10.1997,584.42,2623955.0
23.10.1997,584.57,2611756.0
24.10.1997,584.88,2600243.0
27.10.1997,584.66,2599296.0
28.10.1997,575.49,2558510.0
29.10.1997,575.38,2549476.0
30.10.1997,582.75,2582135.0
31.10.1997,583.58,2585772.0
03.11.1997,583.89,2563135.0
04.11.1997,584.38,2553619.0
05.11.1997,584.27,2558158.0
06.11.1997,581.14,2544443.0
10.11.1997,569.51,2443893.0
11.11.1997,569.44,2443604.0
12.11.1997,569.38,2443323.0
13.11.1997,571.03,2447552.0
14.11.1997,576.79,2461649.0
17.11.1997,576.2,2447590.0
18.11.1997,574.04,2410166.0
19.11.1997,574.17,2415727.0
20.11.1997,573.53,2413039.0
21.11.1997,573.97,2404214.0
24.11.1997,570.55,2389908.0
25.11.1997,568.34,2344098.0
26.11.1997,568.23,2343675.0
27.11.1997,570.34,2352369.0
28.11.1997,569.6,2360331.0
01.12.1997,551.28,2284402.0
02.12.1997,551.09,2291884.0
03.12.1997,552.99,2391470.0
04.12.1997,561.63,2416808.0
05.12.1997,567.1,2429025.0
08.12.1997,569.28,2438369.0
09.12.1997,570.71,2444479.0
10.12.1997,569.5,2439297.0
11.12.1997,566.55,2426659.0
15.12.1997,565.92,2423971.0
16.12.1997,568.32,2434248.0
17.12.1997,568.21,2438109.0
18.12.1997,573.45,2460591.0
19.12.1997,574.1,2437254.0
22.12.1997,573.75,2413407.0
23.12.1997,574.38,2416034.0
24.12.1997,573.87,2408157.0
25.12.1997,576.06,2129338.0
26.12.1997,576.6,2126728.0
29.12.1997,579.22,2136369.0
30.12.1997,584.32,2155174.0
31.12.1997,584.21,2154785.0
05.01.1998,583.68,2152839.0
06.01.1998,582.33,2147863.0
08.01.1998,582.12,2147088.0
09.01.1998,586.72,2164046.0
12.01.1998,583.9,2660394.0
13.01.1998,583.73,2659615.0
14.01.1998,583.5,2658611.0
15.01.1998,585.09,2665844.0
16.01.1998,586.14,2670633.0
19.01.1998,588.12,2679632.0
20.01.1998,589.9,2680066.0
21.01.1998,590.0,2680518.0
22.01.1998,588.75,2674840.0
23.01.1998,589.32,2677432.0
26.01.1998,581.78,2618282.0
27.01.1998,580.3,2628627.0
28.01.1998,580.2,2628189.0
29.01.1998,572.06,2565894.0
30.01.1998,562.31,4039147.0
02.02.1998,570.99,4075790.0
03.02.1998,571.29,4077923.0
04.02.1998,571.15,4181025.0
05.02.1998,574.45,5308131.0
06.02.1998,579.61,6017916.0
09.02.1998,590.19,6731073.0
10.02.1998,590.81,7341702.0
11.02.1998,590.65,7339657.0
12.02.1998,599.05,7444058.0
13.02.1998,595.86,7404390.0
16.02.1998,597.3,7430299.0
17.02.1998,600.2,7466363.0
18.02.1998,600.2,7476471.0
19.02.1998,604.6,7531217.0
20.02.1998,612.2,7619775.0
23.02.1998,611.88,7619735.0
24.02.1998,611.47,7602322.0
25.02.1998,611.56,7609421.0
26.02.1998,612.82,7625120.0
27.02.1998,616.24,5468903.0
02.03.1998,621.71,5517380.0
03.03.1998,621.71,5515214.0
04.03.1998,621.68,5539304.0
05.03.1998,630.6,5653776.0
06.03.1998,631.02,5664571.0
10.03.1998,630.42,5662136.0
11.03.1998,629.8,5656602.0
12.03.1998,638.12,5731370.0
13.03.1998,643.72,5773200.0
16.03.1998,641.68,5751757.0
17.03.1998,637.75,5705743.0
18.03.1998,637.52,5703664.0
19.03.1998,639.58,5720235.0
20.03.1998,641.06,5733447.0
23.03.1998,631.13,5643365.0
24.03.1998,639.49,5728557.0
25.03.1998,639.15,5773200.0
26.03.1998,643.46,5751757.0
27.03.1998,645.73,5705743.0
30.03.1998,641.06,5733447.0
31.03.1998,631.13,5643365.0
01.04.1998,643.93,6316461.0
02.04.1998,640.47,6259409.0
03.04.1998,639.17,6246706.0
06.04.1998,636.89,6224377.0
07.04.1998,636.04,6216137.0
08.04.1998,635.49,6219997.0
09.04.1998,638.2,6246519.0
10.04.1998,639.88,6262902.0
13.04.1998,639.5,6294254.0
14.04.1998,636.59,6390621.0
15.04.1998,636.32,5854732.0
16.04.1998,643.75,5916685.0
17.04.1998,641.39,5894943.0
20.04.1998,634.18,5828725.0
21.04.1998,633.5,5813919.0
22.04.1998,633.43,5775333.0
23.04.1998,641.03,5844560.0
24.04.1998,647.28,5901544.0
27.04.1998,655.23,5974032.0
28.04.1998,651.85,5931134.0
29.04.1998,651.86,6039523.0
30.04.1998,651.15,6032966.0
05.05.1998,647.91,6002989.0
06.05.1998,647.5,6032147.0
07.05.1998,645.47,6013224.0
08.05.1998,643.94,6001985.0
12.05.1998,638.01,5946716.0
13.05.1998,637.1,5944286.0
14.05.1998,633.68,5912450.0
15.05.1998,622.19,5805254.0
18.05.1998,598.41,5714813.0
19.05.1998,595.75,5731367.0
20.05.1998,596.35,5868086.0
21.05.1998,612.97,6074488.0
22.05.1998,599.11,5977137.0
25.05.1998,586.33,5849653.0
26.05.1998,556.9,5543756.0
27.05.1998,524.38,5220089.0
28.05.1998,540.74,5382928.0
29.05.1998,549.79,5473012.0
01.06.1998,551.5,5511643.0
02.06.1998,547.51,5477815.0
03.06.1998,548.36,5611280.0
04.06.1998,599.34,6089774.0
05.06.1998,593.19,6027358.0
08.06.1998,587.42,5956991.0
09.06.1998,589.67,5997785.0
10.06.1998,589.16,5997543.0
11.06.1998,556.7,5667131.0
15.06.1998,539.93,5496459.0
16.06.1998,542.1,5498097.0
17.06.1998,547.84,5556270.0
18.06.1998,586.5,5875025.0
19.06.1998,578.6,5800892.0
22.06.1998,582.89,5861712.0
23.06.1998,580.31,5724507.0
24.06.1998,580.07,5722144.0
25.06.1998,563.22,5548543.0
26.06.1998,533.71,5239945.0
29.06.1998,520.44,5108591.0
30.06.1998,528.11,5183900.0
01.07.1998,522.32,5121673.0
02.07.1998,522.88,5112966.0
03.07.1998,514.53,5007982.0
06.07.1998,500.65,4997935.0
07.07.1998,472.76,4719447.0
08.07.1998,470.1,4653257.0
09.07.1998,454.19,4496330.0
10.07.1998,450.47,4459457.0
13.07.1998,456.96,4523691.0
14.07.1998,569.21,5634936.0
15.07.1998,583.64,5771941.0
16.07.1998,576.28,5699160.0
17.07.1998,593.42,5868634.0
20.07.1998,607.61,6008987.0
21.07.1998,613.9,6063595.0
22.07.1998,604.99,5975591.0
23.07.1998,595.57,5887523.0
24.07.1998,567.33,5605512.0
27.07.1998,560.22,5535330.0
28.07.1998,541.63,5351645.0
29.07.1998,563.59,5568549.0
30.07.1998,565.54,5576573.0
31.07.1998,575.16,5671408.0
03.08.1998,560.75,5529284.0
04.08.1998,563.89,5560252.0
05.08.1998,559.54,5517367.0
06.08.1998,553.58,5453225.0
07.08.1998,524.68,5168530.0
10.08.1998,527.45,5166394.0
11.08.1998,499.36,4891259.0
12.08.1998,459.2,4483840.0
13.08.1998,421.32,4113943.0
14.08.1998,423.32,4133517.0
17.08.1998,421.09,4111696.0
18.08.1998,420.22,4103228.0
19.08.1998,418.86,4089910.0
20.08.1998,417.04,4072197.0
21.08.1998,414.15,4043903.0
24.08.1998,405.78,3962231.0
25.08.1998,404.06,3945442.0
26.08.1998,398.21,3888259.0
27.08.1998,395.62,3863044.0
28.08.1998,402.02,3925481.0
31.08.1998,279.77,2731790.0
01.09.1998,274.81,2683340.0
02.09.1998,268.15,2618294.0
03.09.1998,259.57,2534576.0
04.09.1998,253.04,2470780.0
07.09.1998,239.98,2343243.0
08.09.1998,228.89,2234948.0
09.09.1998,219.68,2145059.0
10.09.1998,213.14,2081216.0
11.09.1998,208.48,2035712.0
14.09.1998,182.84,1785348.0
15.09.1998,176.62,1724610.0
16.09.1998,170.55,1665329.0
17.09.1998,167.9,1639477.0
18.09.1998,161.7,1578867.0
21.09.1998,139.92,1366272.0
22.09.1998,132.15,1290390.0
23.09.1998,124.6,1216625.0
24.09.1998,117.26,1144968.0
25.09.1998,109.91,1073219.0
28.09.1998,87.46,853997.0
29.09.1998,82.62,806709.0
30.09.1998,73.72,719863.0
01.10.1998,71.44,697544.0
02.10.1998,76.72,749092.0
05.10.1998,74.13,723864.0
06.10.1998,71.98,702882.0
07.10.1998,70.59,689270.0
08.10.1998,69.84,681990.0
09.10.1998,71.3,696254.0
12.10.1998,72.06,703618.0
13.10.1998,75.07,733051.0
14.10.1998,76.13,743401.0
15.10.1998,77.76,759305.0
16.10.1998,77.12,753040.0
19.10.1998,75.85,740647.0
20.10.1998,76.09,742934.0
21.10.1998,81.16,792435.0
22.10.1998,81.5,795792.0
23.10.1998,82.42,804792.0
26.10.1998,80.97,790580.0
27.10.1998,80.85,789436.0
28.10.1998,85.13,831287.0
29.10.1998,84.74,827479.0
30.10.1998,84.63,826329.0
02.11.1998,84.16,821807.0
03.11.1998,84.97,829654.0
04.11.1998,84.68,826856.0
05.11.1998,84.28,822924.0
06.11.1998,83.76,817861.0
10.11.1998,83.2,812441.0
11.11.1998,83.01,810581.0
12.11.1998,83.17,812097.0
13.11.1998,82.89,809419.0
16.11.1998,82.97,810162.0
17.11.1998,83.22,812644.0
18.11.1998,83.76,817910.0
19.11.1998,84.35,823644.0
20.11.1998,84.74,827417.0
23.11.1998,84.76,827594.0
24.11.1998,84.78,827860.0
25.11.1998,85.26,832494.0
26.11.1998,86.24,842095.0
27.11.1998,85.39,833792.0
30.11.1998,85.4,833849.0
01.12.1998,85.42,834085.0
02.12.1998,85.73,837148.0
03.12.1998,86.16,841346.0
04.12.1998,85.86,838335.0
07.12.1998,86.03,840046.0
08.12.1998,86.21,841826.0
09.12.1998,86.17,841384.0
10.12.1998,86.26,842315.0
11.12.1998,86.24,842130.0
15.12.1998,86.13,840964.0
16.12.1998,86.13,842764.0
17.12.1998,86.3,842624.0
18.12.1998,86.32,842845.0
21.12.1998,86.48,844420.0
22.12.1998,87.13,850754.0
23.12.1998,88.39,863092.0
24.12.1998,88.84,867435.0
25.12.1998,89.35,872425.0
28.12.1998,90.17,880424.0
29.12.1998,90.95,888091.0
30.12.1998,91.96,897961.0
31.12.1998,91.95,897886.0
05.01.1999,91.94,897752.0
06.01.1999,92.04,898758.0
10.01.1999,91.76,895946.0
11.01.1999,91.99,898220.0
12.01.1999,91.87,897025.0
13.01.1999,92.0,898348.0
14.01.1999,92.25,900786.0
15.01.1999,92.35,901788.0
18.01.1999,92.04,898724.0
19.01.1999,92.17,900029.0
20.01.1999,92.87,906784.0
21.01.1999,92.81,906285.0
22.01.1999,92.96,907675.0
25.01.1999,93.09,908934.0
26.01.1999,93.2,910067.0
27.01.1999,93.65,914427.0
28.01.1999,94.09,918711.0
29.01.1999,94.41,921849.0
01.02.1999,95.78,935201.0
02.02.1999,96.34,940730.0
03.02.1999,96.16,938986.0
04.02.1999,96.45,941775.0
05.02.1999,96.97,946816.0
08.02.1999,98.02,957110.0
09.02.1999,98.72,963922.0
10.02.1999,99.33,969923.0
11.02.1999,99.27,969293.0
12.02.1999,98.34,960190.0
15.02.1999,98.72,963956.0
16.02.1999,99.05,967185.0
17.02.1999,99.73,973776.0
18.02.1999,100.1,977462.0
19.02.1999,100.29,979275.0
22.02.1999,100.04,976871.0
23.02.1999,99.78,974332.0
24.02.1999,100.13,977667.0
25.02.1999,99.92,975670.0
26.02.1999,256.56,2505197.0
01.03.1999,256.42,2503834.0
02.03.1999,256.72,2506724.0
03.03.1999,256.93,2508769.0
04.03.1999,256.74,2506937.0
05.03.1999,254.84,2488351.0
09.03.1999,256.79,2507409.0
10.03.1999,256.93,2508829.0
11.03.1999,266.86,2605775.0
12.03.1999,267.97,2616566.0
15.03.1999,267.36,2610659.0
16.03.1999,268.42,2621017.0
17.03.1999,269.13,2627870.0
18.03.1999,287.78,2809976.0
19.03.1999,306.0,2987918.0
22.03.1999,330.7,3229092.0
23.03.1999,323.91,3162849.0
24.03.1999,300.93,2938460.0
25.03.1999,332.0,3241789.0
26.03.1999,340.39,3323714.0
29.03.1999,331.15,3233497.0
30.03.1999,339.27,3312763.0
31.03.1999,333.15,3253071.0
01.04.1999,327.77,3200493.0
02.04.1999,314.78,3073615.0
05.04.1999,311.96,3046112.0
06.04.1999,316.1,3086543.0
07.04.1999,313.79,3063941.0
08.04.1999,510.75,4987205.0
09.04.1999,510.26,4982420.0
12.04.1999,511.07,4990308.0
13.04.1999,511.0,4989641.0
14.04.1999,510.97,4979518.0
15.04.1999,628.71,6120578.0
16.04.1999,629.61,6129314.0
19.04.1999,637.42,6205365.0
20.04.1999,633.92,6171290.0
21.04.1999,634.5,6176974.0
22.04.1999,741.52,7218777.0
23.04.1999,742.69,7212370.0
26.04.1999,746.59,7125075.0
27.04.1999,749.22,7150166.0
28.04.1999,755.95,7184114.0
29.04.1999,794.15,7539826.0
30.04.1999,825.55,7837929.0
05.05.1999,847.85,8048799.0
06.05.1999,915.69,8690979.0
07.05.1999,914.71,8671079.0
11.05.1999,887.45,8412606.0
12.05.1999,864.96,8199444.0
13.05.1999,885.73,8164303.0
14.05.1999,905.83,8349556.0
17.05.1999,932.54,8595711.0
18.05.1999,937.77,8643921.0
19.05.1999,932.4,8594406.0
20.05.1999,935.66,8624480.0
21.05.1999,954.9,8801831.0
24.05.1999,964.14,8886995.0
25.05.1999,977.64,9011461.0
26.05.1999,953.46,8788579.0
27.05.1999,993.03,9163303.0
28.05.1999,1007.44,9302661.0
31.05.1999,1049.74,9693307.0
01.06.1999,1069.96,9862584.0
02.06.1999,1095.55,10103446.0
03.06.1999,1167.77,10769519.0
04.06.1999,1210.83,11183152.0
07.06.1999,1223.74,11312330.0
08.06.1999,1211.22,11196577.0
09.06.1999,1224.57,11351281.0
10.06.1999,1311.7,12167001.0
11.06.1999,1385.91,12855307.0
15.06.1999,1295.66,12130194.0
16.06.1999,1337.2,12519110.0
17.06.1999,1282.91,12015831.0
18.06.1999,1199.57,11284695.0
21.06.1999,1261.15,11863943.0
22.06.1999,1242.25,11686180.0
23.06.1999,1243.26,11752884.0
24.06.1999,1250.61,11822380.0
25.06.1999,1268.68,11895197.0
28.06.1999,1260.05,11826290.0
29.06.1999,1349.21,12657078.0
30.06.1999,1229.36,11537941.0
01.07.1999,1320.23,12403381.0
02.07.1999,1329.14,12487146.0
05.07.1999,1340.93,12597887.0
06.07.1999,1375.3,12830417.0
07.07.1999,1359.12,12679447.0
08.07.1999,1354.27,12634201.0
09.07.1999,1392.99,12995483.0
12.07.1999,1396.71,13030131.0
13.07.1999,1359.13,12679609.0
14.07.1999,1352.83,12610235.0
15.07.1999,1344.0,12238727.0
16.07.1999,1328.61,12098549.0
19.07.1999,1291.9,11764293.0
20.07.1999,1246.26,11348668.0
21.07.1999,1218.27,11093827.0
22.07.1999,1216.7,11075113.0
23.07.1999,1253.83,11397983.0
26.07.1999,1326.31,12056888.0
27.07.1999,1365.48,12412952.0
28.07.1999,1348.04,12230715.0
29.07.1999,1393.72,12645175.0
30.07.1999,1327.33,12042821.0
02.08.1999,1370.49,12434444.0
03.08.1999,1367.02,12402903.0
04.08.1999,1294.84,11748048.0
05.08.1999,1289.23,11671932.0
06.08.1999,1269.2,11501203.0
09.08.1999,1172.61,10626004.0
10.08.1999,1239.54,11169534.0
11.08.1999,1234.02,11119743.0
12.08.1999,1248.14,11246991.0
13.08.1999,1232.74,11084809.0
16.08.1999,1257.58,11313191.0
17.08.1999,1251.32,11256829.0
18.08.1999,1261.76,11350776.0
19.08.1999,1276.54,11508693.0
20.08.1999,1289.69,11627249.0
21.08.1999,1289.69,11627249.0
22.08.1999,1289.69,11627249.0
23.08.1999,1312.54,11833247.0
24.08.1999,1314.99,11855375.0
25.08.1999,1326.51,11959196.0
26.08.1999,1338.85,12070441.0
27.08.1999,1307.22,11785351.0
28.08.1999,1307.22,11785351.0
29.08.1999,1307.22,11785351.0
30.08.1999,1299.64,11716991.0
31.08.1999,1259.93,11358951.0
01.09.1999,1246.32,11236255.0
02.09.1999,1263.24,11388796.0
03.09.1999,1279.24,11530490.0
06.09.1999,1277.0,11510298.0
07.09.1999,1286.5,11595913.0
08.09.1999,1282.47,11559587.0
09.09.1999,1269.37,11441580.0
10.09.1999,1270.62,11452795.0
13.09.1999,1248.51,11253473.0
14.09.1999,1241.0,11185796.0
15.09.1999,1249.96,11266593.0
16.09.1999,1218.93,10986862.0
17.09.1999,1318.95,11877113.0
20.09.1999,1259.14,11338575.0
21.09.1999,1243.56,11198250.0
22.09.1999,1249.04,11242705.0
23.09.1999,1240.87,11169228.0
24.09.1999,1243.94,11184159.0
27.09.1999,1253.71,11271991.0
28.09.1999,1263.62,11361055.0
29.09.1999,1244.16,11186109.0
30.09.1999,1244.86,11192375.0
01.10.1999,1243.04,11176039.0
04.10.1999,1245.92,11201949.0
05.10.1999,1260.35,11331675.0
06.10.1999,1276.89,11480368.0
07.10.1999,1277.79,11488450.0
08.10.1999,1276.85,11479986.0
11.10.1999,1268.84,11407987.0
12.10.1999,1261.42,11341248.0
13.10.1999,1264.88,11372404.0
14.10.1999,1273.72,11451863.0
15.10.1999,1259.2,11321317.0
18.10.1999,1248.26,11222962.0
19.10.1999,1250.43,11242510.0
20.10.1999,1252.46,11260723.0
21.10.1999,1253.34,11268609.0
22.10.1999,1249.34,11239702.0
25.10.1999,1247.96,11227280.0
26.10.1999,1260.82,11342974.0
27.10.1999,1269.8,11423732.0
28.10.1999,1283.78,11549542.0
29.10.1999,1300.21,11690075.0
01.11.1999,1291.49,11611632.0
02.11.1999,1299.66,11685114.0
03.11.1999,1334.34,12007876.0
04.11.1999,1348.59,12136135.0
05.11.1999,1344.9,12102911.0
09.11.1999,1347.97,12140542.0
10.11.1999,1364.88,12292909.0
11.11.1999,1389.74,12526796.0
12.11.1999,1379.5,12446505.0
15.11.1999,1404.91,12675760.0
16.11.1999,1431.36,12914369.0
17.11.1999,1433.45,12759138.0
18.11.1999,1448.78,12895549.0
19.11.1999,1458.87,12985397.0
22.11.1999,1540.16,13708961.0
23.11.1999,1682.91,14979598.0
24.11.1999,1671.79,14804521.0
25.11.1999,1676.44,14845674.0
26.11.1999,1623.85,14379998.0
29.11.1999,1571.85,13917973.0
30.11.1999,1505.01,13326134.0
01.12.1999,1578.29,13974994.0
02.12.1999,1591.78,14094428.0
03.12.1999,1630.98,14441506.0
06.12.1999,1660.39,14701953.0
07.12.1999,1597.86,14148219.0
08.12.1999,1543.08,13663179.0
09.12.1999,1565.1,13858202.0
10.12.1999,1588.1,14061836.0
14.12.1999,1585.44,14038296.0
15.12.1999,1631.32,14444492.0
16.12.1999,1650.39,14613366.0
17.12.1999,1710.88,15149010.0
20.12.1999,1744.18,15443807.0
21.12.1999,1721.7,15244808.0
22.12.1999,1763.11,15611480.0
23.12.1999,1786.47,15818262.0
24.12.1999,1858.84,16189609.0
27.12.1999,1786.86,15562732.0
28.12.1999,1814.27,15801466.0
29.12.1999,1816.28,15818911.0
30.12.1999,1817.37,15828420.0
31.12.1999,1818.18,15835453.0
05.01.2000,1823.23,15879472.0
06.01.2000,1920.08,16722975.0
10.01.2000,2160.78,18827097.0
11.01.2000,2159.64,18771754.0
12.01.2000,2228.44,19382813.0
13.01.2000,2332.95,20295323.0
14.01.2000,2340.6,20366825.0
17.01.2000,2359.61,20537753.0
18.01.2000,2355.3,20500207.0
19.01.2000,2331.53,20343335.0
20.01.2000,2349.99,20504425.0
21.01.2000,2345.82,20468048.0
24.01.2000,2420.24,21121361.0
25.01.2000,2401.4,20957002.0
26.01.2000,2432.27,21245440.0
27.01.2000,2433.23,21353897.0
28.01.2000,2446.09,21511062.0
31.01.2000,2377.39,21409285.0
01.02.2000,2388.99,21511372.0
02.02.2000,2377.77,21410290.0
03.02.2000,2386.92,21499753.0
04.02.2000,2431.63,21902535.0
07.02.2000,2452.92,22180523.0
08.02.2000,2473.37,22365444.0
09.02.2000,2528.8,22866605.0
10.02.2000,2529.59,22800305.0
11.02.2000,2539.58,22894051.0
14.02.2000,2626.3,23741775.0
15.02.2000,2625.93,23738465.0
16.02.2000,2637.38,23849973.0
17.02.2000,2597.52,23524162.0
18.02.2000,2563.95,23118597.0
21.02.2000,2573.88,23338137.0
22.02.2000,2570.83,23320550.0
23.02.2000,2575.75,23365167.0
24.02.2000,2617.91,23758095.0
25.02.2000,2613.94,23920112.0
28.02.2000,2609.79,23983140.0
29.02.2000,2626.85,24139896.0
01.03.2000,2631.68,24184315.0
02.03.2000,2659.03,24480574.0
03.03.2000,2671.5,24591296.0
06.03.2000,2730.78,25169764.0
07.03.2000,2777.88,25631939.0
09.03.2000,2784.66,25669451.0
10.03.2000,2797.63,25819149.0
13.03.2000,2809.09,25934296.0
14.03.2000,2866.83,26467287.0
15.03.2000,2964.45,27368551.0
16.03.2000,2971.46,27443320.0
17.03.2000,3013.59,27832382.0
20.03.2000,3024.66,27946154.0
21.03.2000,3042.2,28148173.0
22.03.2000,3052.51,28243603.0
23.03.2000,3066.08,28637905.0
24.03.2000,3062.35,28539078.0
27.03.2000,3044.9,28386696.0
28.03.2000,2988.13,27946329.0
29.03.2000,3016.94,28202713.0
30.03.2000,3019.18,28260170.0
31.03.2000,2978.74,28048705.0
03.04.2000,2931.18,27610319.0
04.04.2000,2943.34,27754825.0
05.04.2000,2887.78,27213551.0
06.04.2000,2893.07,27263474.0
07.04.2000,2927.69,27649730.0
10.04.2000,2958.3,28023203.0
11.04.2000,2971.51,28148249.0
12.04.2000,2981.73,28245127.0
13.04.2000,3002.01,28437197.0
14.04.2000,2991.36,28336368.0
17.04.2000,2955.67,28002216.0
18.04.2000,2974.46,28156389.0
19.04.2000,2989.19,28206871.0
20.04.2000,2954.17,27854331.0
21.04.2000,2964.08,28032703.0
24.04.2000,2952.06,27911149.0
25.04.2000,2935.74,27756868.0
26.04.2000,2943.83,27833380.0
27.04.2000,2943.19,27857356.0
28.04.2000,2941.83,27844472.0
03.05.2000,2931.92,27780970.0
04.05.2000,2925.57,27688609.0
05.05.2000,2927.82,27766896.0
06.05.2000,2939.28,27875595.0
10.05.2000,2946.19,27953061.0
11.05.2000,2946.57,28029369.0
12.05.2000,2957.26,28151038.0
15.05.2000,2952.63,28117043.0
16.05.2000,2975.48,28330155.0
17.05.2000,2980.08,28393958.0
18.05.2000,2990.85,28496541.0
19.05.2000,3029.86,28876914.0
22.05.2000,3024.5,28834378.0
23.05.2000,3004.16,29595778.0
24.05.2000,2938.3,28946881.0
25.05.2000,2959.97,29257949.0
26.05.2000,2977.99,30046062.0
29.05.2000,2968.85,30353690.0
30.05.2000,2979.2,30459537.0
31.05.2000,3001.19,30817562.0
01.06.2000,3024.24,31054153.0
02.06.2000,3020.03,30890059.0
05.06.2000,3043.18,31126755.0
06.06.2000,3074.2,31444060.0
07.06.2000,3097.51,32103280.0
08.06.2000,3107.64,29690456.0
09.06.2000,3138.46,30049385.0
13.06.2000,3152.0,32984146.0
14.06.2000,3172.88,33202620.0
15.06.2000,3167.18,33142936.0
16.06.2000,3165.03,33760912.0
19.06.2000,3175.28,33925321.0
20.06.2000,3172.79,33885942.0
21.06.2000,3153.8,33693186.0
22.06.2000,3170.19,33861938.0
23.06.2000,3178.15,33960164.0
26.06.2000,3172.23,33906901.0
27.06.2000,3188.01,34090619.0
28.06.2000,3214.86,34686629.0
29.06.2000,3265.49,35327450.0
30.06.2000,3294.4,35725729.0
03.07.2000,3306.84,36020575.0
04.07.2000,3380.61,36775734.0
05.07.2000,3396.4,36947495.0
06.07.2000,3433.66,42072846.0
07.07.2000,3481.1,42874995.0
10.07.2000,3483.92,43129000.0
11.07.2000,3476.68,43025396.0
12.07.2000,3471.4,43006435.0
13.07.2000,3529.52,43769685.0
14.07.2000,3608.96,44857690.0
17.07.2000,3657.81,45584129.0
18.07.2000,3658.23,45522793.0
19.07.2000,3692.0,45937151.0
20.07.2000,3706.32,46164602.0
21.07.2000,3621.87,45162693.0
24.07.2000,3617.46,45307621.0
25.07.2000,3655.87,45785207.0
26.07.2000,3672.69,45595480.0
27.07.2000,3650.78,45332203.0
28.07.2000,3647.24,45293364.0
31.07.2000,3641.43,45221129.0
01.08.2000,3648.07,45334163.0
02.08.2000,3684.95,45792397.0
03.08.2000,3759.39,46520313.0
04.08.2000,3814.33,47496407.0
07.08.2000,3850.56,49747634.0
08.08.2000,3853.38,49776761.0
09.08.2000,3882.54,49891136.0
10.08.2000,3901.52,49885691.0
11.08.2000,3945.74,50044049.0
14.08.2000,3934.55,49816560.0
15.08.2000,3911.22,49124184.0
16.08.2000,3871.68,48787656.0
17.08.2000,3892.92,49406182.0
18.08.2000,3889.55,49502470.0
21.08.2000,3876.44,49335509.0
22.08.2000,3899.48,49672809.0
23.08.2000,3918.2,50180285.0
24.08.2000,3914.67,50215048.0
25.08.2000,3930.09,50475069.0
28.08.2000,3929.91,50618025.0
29.08.2000,3955.28,50954836.0
30.08.2000,3973.88,49195639.0
31.08.2000,3995.16,49833274.0
01.09.2000,4036.11,50352315.0
04.09.2000,4070.8,51055140.0
05.09.2000,4090.82,51460387.0
06.09.2000,4106.19,51653722.0
07.09.2000,4135.46,52371498.0
08.09.2000,4114.95,52133784.0
11.09.2000,4099.61,52129524.0
12.09.2000,4137.11,52702737.0
13.09.2000,4152.61,53047295.0
14.09.2000,4135.61,52854154.0
15.09.2000,4110.77,52658448.0
18.09.2000,4045.91,51827682.0
19.09.2000,3985.43,51039112.0
20.09.2000,4035.64,50209640.0
21.09.2000,4062.58,50681374.0
22.09.2000,4042.79,51326389.0
25.09.2000,4031.15,51613706.0
26.09.2000,4065.67,55825014.0
27.09.2000,4052.82,55617466.0
28.09.2000,4032.95,55366766.0
29.09.2000,4036.46,55406826.0
02.10.2000,4058.06,55818651.0
03.10.2000,4097.13,56356103.0
04.10.2000,4093.86,56075405.0
05.10.2000,4110.77,56428837.0
06.10.2000,4106.04,56445485.0
09.10.2000,4107.87,56530968.0
10.10.2000,4108.62,56541317.0
11.10.2000,4093.05,56309118.0
12.10.2000,4069.47,56284757.0
13.10.2000,4064.68,56332815.0
16.10.2000,4086.92,56687165.0
17.10.2000,4096.55,53331780.0
18.10.2000,4070.63,52965802.0
19.10.2000,4076.78,53094919.0
20.10.2000,4092.73,53286405.0
23.10.2000,4087.91,53393636.0
24.10.2000,4092.9,53471279.0
25.10.2000,4089.51,53311973.0
26.10.2000,4083.3,53254802.0
27.10.2000,4079.71,53424575.0
30.10.2000,4089.72,53807662.0
31.10.2000,4099.31,53923583.0
01.11.2000,4090.84,54122187.0
02.11.2000,4123.6,54465487.0
03.11.2000,4127.61,54518573.0
04.11.2000,4132.08,54643776.0
08.11.2000,4135.3,54887357.0
09.11.2000,4109.86,54549744.0
10.11.2000,4117.87,54800010.0
13.11.2000,4111.62,54726933.0
14.11.2000,4094.05,54036092.0
15.11.2000,4071.83,54149306.0
16.11.2000,4089.24,54380840.0
17.11.2000,4099.9,54757531.0
20.11.2000,4121.6,55691365.0
21.11.2000,4132.08,56968797.0
22.11.2000,4121.72,56879509.0
23.11.2000,4125.96,56960026.0
24.11.2000,4136.56,56840804.0
27.11.2000,4148.73,57022103.0
28.11.2000,4126.13,56711422.0
29.11.2000,4121.55,56768526.0
30.11.2000,4146.6,57058898.0
01.12.2000,4122.23,57234937.0
04.12.2000,4115.7,57154273.0
05.12.2000,4131.93,57105800.0
06.12.2000,4152.05,57313767.0
07.12.2000,4157.67,57421868.0
08.12.2000,4145.72,57184006.0
09.12.2000,4165.6,57480990.0
13.12.2000,4163.29,57442982.0
14.12.2000,4110.14,56498081.0
15.12.2000,4123.08,56611983.0
18.12.2000,4119.61,56602274.0
19.12.2000,4125.58,55055774.0
20.12.2000,4112.98,54570931.0
21.12.2000,4085.24,54235167.0
22.12.2000,4080.34,53125794.0
25.12.2000,4081.25,53052201.0
26.12.2000,4063.71,52612919.0
27.12.2000,4094.45,53011035.0
28.12.2000,4095.31,53039069.0
29.12.2000,4107.58,53197966.0
03.01.2001,4116.69,53316012.0
04.01.2001,4130.14,53490201.0
05.01.2001,4133.75,53537002.0
09.01.2001,4176.0,54084077.0
10.01.2001,4226.84,54742610.0
11.01.2001,4256.59,55137835.0
12.01.2001,4278.66,55423719.0
15.01.2001,4291.5,55637841.0
16.01.2001,4266.13,55266203.0
17.01.2001,4266.04,55391045.0
18.01.2001,4298.66,55835582.0
19.01.2001,4309.39,55997526.0
22.01.2001,4322.96,56385815.0
23.01.2001,4332.68,56044213.0
24.01.2001,4324.91,55995749.0
25.01.2001,4343.31,57544020.0
26.01.2001,4342.02,57526965.0
29.01.2001,4362.43,58302266.0
30.01.2001,4383.68,58586369.0
31.01.2001,4416.72,59260401.0
01.02.2001,4436.14,59541919.0
02.02.2001,4471.78,61010288.0
05.02.2001,4476.01,61209943.0
06.02.2001,4468.13,61102307.0
07.02.2001,4508.94,62643972.0
08.02.2001,4512.11,62971648.0
09.02.2001,4498.82,63382831.0
12.02.2001,4521.39,63947816.0
13.02.2001,4526.79,64006091.0
14.02.2001,4532.72,63998101.0
15.02.2001,4547.44,64249095.0
16.02.2001,4544.79,64399392.0
19.02.2001,4539.02,64397590.0
20.02.2001,4482.5,63541525.0
21.02.2001,4445.5,63495520.0
22.02.2001,4454.66,64042303.0
23.02.2001,4517.12,64632686.0
26.02.2001,4513.64,65132895.0
27.02.2001,4516.62,65581996.0
28.02.2001,4513.56,65537623.0
01.03.2001,4496.37,64233097.0
02.03.2001,4530.26,64789359.0
05.03.2001,4546.28,70144187.0
06.03.2001,4558.41,70331321.0
07.03.2001,4564.35,71844178.0
11.03.2001,4570.23,71936741.0
12.03.2001,4554.33,71400564.0
13.03.2001,4569.28,71594461.0
14.03.2001,4546.31,71359401.0
15.03.2001,4547.38,72444888.0
16.03.2001,4517.76,72371362.0
19.03.2001,4502.1,72150363.0
20.03.2001,4548.75,72397746.0
21.03.2001,4523.72,72649032.0
22.03.2001,4559.05,73146146.0
23.03.2001,4590.99,73646044.0
26.03.2001,4567.81,73903222.0
27.03.2001,4583.58,69140865.0
28.03.2001,4599.24,69377204.0
29.03.2001,4617.57,69682864.0
30.03.2001,4622.21,69933028.0
02.04.2001,4624.57,70749660.0
03.04.2001,4651.97,71077397.0
04.04.2001,4633.97,70802306.0
05.04.2001,4678.37,71686802.0
06.04.2001,4676.76,71954092.0
09.04.2001,4671.14,73746746.0
10.04.2001,4677.59,73851600.0
11.04.2001,4686.89,75545422.0
12.04.2001,4720.72,76160694.0
13.04.2001,4715.35,76311270.0
16.04.2001,4722.59,76462661.0
17.04.2001,4717.95,76402520.0
18.04.2001,4717.22,77832420.0
19.04.2001,4747.31,78678804.0
20.04.2001,4750.48,78752102.0
23.04.2001,4738.21,78578198.0
24.04.2001,4751.94,78775058.0
25.04.2001,4772.04,79108145.0
26.04.2001,4774.89,79161978.0
27.04.2001,4769.65,79210283.0
28.04.2001,4766.7,81649774.0
03.05.2001,4774.66,83651472.0
04.05.2001,4797.73,84273030.0
07.05.2001,4821.85,84881685.0
08.05.2001,4850.87,85354781.0
10.05.2001,4860.26,85581899.0
11.05.2001,4873.18,85149513.0
14.05.2001,4877.48,85301080.0
15.05.2001,4890.44,85555852.0
16.05.2001,4911.82,85091774.0
17.05.2001,4923.41,85426385.0
18.05.2001,4943.81,87976565.0
21.05.2001,4967.82,88479979.0
22.05.2001,4971.56,91152287.0
23.05.2001,4983.67,91488361.0
24.05.2001,5001.62,92095891.0
25.05.2001,5024.98,92671588.0
28.05.2001,5035.81,92972009.0
29.05.2001,5046.37,94366174.0
30.05.2001,5051.63,95138295.0
31.05.2001,5047.63,91516476.0
01.06.2001,5061.55,91833642.0
04.06.2001,5094.48,93141867.0
05.06.2001,5120.85,93591320.0
06.06.2001,5129.48,93996884.0
07.06.2001,5126.76,94658069.0
08.06.2001,5132.18,95097259.0
09.06.2001,5164.58,95890787.0
10.06.2001,5151.81,95967671.0
14.06.2001,5162.34,96121858.0
15.06.2001,5170.26,96277979.0
18.06.2001,5156.12,96197151.0
19.06.2001,5149.79,95586262.0
20.06.2001,5158.43,96058746.0
21.06.2001,5168.51,96670824.0
22.06.2001,5173.17,97335136.0
25.06.2001,5179.84,98005662.0
26.06.2001,5186.54,97957807.0
27.06.2001,5191.45,98091199.0
28.06.2001,5191.08,98694712.0
29.06.2001,5188.92,98726573.0
02.07.2001,5190.29,98808684.0
03.07.2001,5186.42,98853888.0
04.07.2001,5186.73,100834846.0
05.07.2001,5186.54,100763869.0
06.07.2001,5172.88,100738630.0
09.07.2001,5180.25,100912931.0
10.07.2001,5186.35,100692871.0
11.07.2001,5165.26,100289470.0
12.07.2001,5158.33,100186256.0
13.07.2001,5161.82,100795504.0
16.07.2001,5139.78,100330666.0
17.07.2001,5144.6,100218925.0
18.07.2001,5155.51,100666050.0
19.07.2001,5151.43,100641326.0
20.07.2001,5167.84,101036108.0
23.07.2001,5170.35,101237395.0
24.07.2001,5177.33,102028585.0
25.07.2001,5179.5,103574909.0
26.07.2001,5188.33,103932922.0
27.07.2001,5185.72,103923389.0
30.07.2001,5194.18,104126805.0
31.07.2001,5190.85,104625545.0
01.08.2001,5186.71,104694935.0
02.08.2001,5196.91,104923845.0
03.08.2001,5214.22,105387311.0
06.08.2001,5214.18,105779022.0
07.08.2001,5209.18,105573280.0
08.08.2001,5228.2,105961660.0
09.08.2001,5231.78,106099796.0
10.08.2001,5235.36,106408738.0
13.08.2001,5244.35,107758960.0
14.08.2001,5241.46,108319490.0
15.08.2001,5250.9,108533682.0
16.08.2001,5254.66,108678892.0
17.08.2001,5256.25,108878903.0
20.08.2001,5269.84,109210330.0
21.08.2001,5270.43,109075138.0
22.08.2001,5279.82,109331372.0
23.08.2001,5295.59,109828629.0
24.08.2001,5292.35,109832272.0
27.08.2001,5294.17,111826618.0
28.08.2001,5308.95,111769846.0
29.08.2001,5318.73,112127131.0
30.08.2001,5334.67,111400047.0
31.08.2001,5345.43,112643655.0
03.09.2001,5372.41,113003732.0
04.09.2001,5396.86,114019042.0
05.09.2001,5414.89,114317310.0
06.09.2001,5435.98,115037621.0
07.09.2001,5438.18,115311903.0
10.09.2001,5433.88,115614192.0
11.09.2001,5451.49,116088773.0
12.09.2001,5454.76,116471754.0
13.09.2001,5447.0,116289489.0
14.09.2001,5458.31,117187532.0
17.09.2001,5436.36,118249209.0
18.09.2001,5457.99,119317526.0
19.09.2001,5476.55,120305401.0
20.09.2001,5492.41,120653695.0
21.09.2001,5505.18,120804049.0
24.09.2001,5513.0,122856697.0
25.09.2001,5499.93,122695423.0
26.09.2001,5501.25,123065934.0
27.09.2001,5490.25,123759040.0
28.09.2001,5511.81,126437763.0
01.10.2001,5522.59,127029452.0
02.10.2001,5524.33,127159237.0
03.10.2001,5541.99,127877282.0
04.10.2001,5556.04,129150419.0
05.10.2001,5573.97,159972748.0
08.10.2001,5575.47,163607025.0
09.10.2001,5591.48,164080244.0
10.10.2001,5604.67,166445251.0
11.10.2001,5617.93,168289335.0
12.10.2001,5627.87,168607964.0
15.10.2001,5625.68,169344820.0
16.10.2001,5630.3,169831115.0
17.10.2001,5637.78,200374410.0
18.10.2001,5634.43,200481887.0
19.10.2001,5634.45,201244370.0
22.10.2001,5640.73,204140992.0
23.10.2001,5648.39,204405481.0
24.10.2001,5657.82,205405594.0
25.10.2001,5672.53,206229384.0
26.10.2001,5673.28,206439151.0
29.10.2001,5688.5,207337128.0
30.10.2001,5698.83,207873675.0
31.10.2001,5710.66,209477780.0
01.11.2001,5719.15,209306391.0
02.11.2001,5728.83,210433344.0
05.11.2001,5746.19,211900431.0
06.11.2001,5743.68,213485612.0
08.11.2001,5761.45,218305618.0
09.11.2001,5765.92,221001181.0
12.11.2001,5773.43,221761592.0
13.11.2001,5773.34,281602090.0
14.11.2001,5784.32,282768076.0
15.11.2001,5784.74,283178457.0
16.11.2001,5776.09,283362949.0
19.11.2001,5776.96,283664326.0
20.11.2001,5778.93,284511981.0
21.11.2001,5776.4,285522040.0
22.11.2001,5782.93,285990315.0
23.11.2001,5783.05,285337449.0
26.11.2001,5785.67,285466930.0
27.11.2001,5784.56,285380779.0
28.11.2001,5792.72,285480343.0
29.11.2001,5793.97,286197992.0
30.11.2001,5803.53,286646255.0
03.12.2001,5810.93,288758437.0
04.12.2001,5828.89,289558280.0
05.12.2001,5850.54,290777471.0
06.12.2001,5854.53,291712148.0
07.12.2001,5857.48,292029886.0
10.12.2001,5857.61,287805114.0
11.12.2001,5847.59,285303618.0
13.12.2001,5836.7,285415866.0
14.12.2001,5839.46,282826143.0
17.12.2001,5844.7,287016557.0
18.12.2001,5849.35,287083487.0
19.12.2001,5862.45,289138172.0
20.12.2001,5856.72,289149315.0
21.12.2001,5854.14,290302247.0
24.12.2001,5860.01,289823335.0
25.12.2001,5851.89,290994656.0
26.12.2001,5859.66,290426723.0
27.12.2001,5874.97,291641152.0
28.12.2001,5884.61,292372096.0
29.12.2001,5897.85,293105004.0
03.01.2002,5914.62,294308774.0
04.01.2002,5924.33,294791640.0
08.01.2002,5951.21,296129039.0
09.01.2002,5980.58,294513458.0
10.01.2002,6010.42,295853229.0
11.01.2002,6016.94,296735811.0
14.01.2002,6026.03,297875963.0
15.01.2002,6032.89,298199837.0
16.01.2002,6037.96,301461070.0
17.01.2002,6043.19,302041232.0
18.01.2002,6052.76,302727165.0
21.01.2002,6053.84,308549342.0
22.01.2002,6061.48,309013355.0
23.01.2002,6074.53,310761169.0
24.01.2002,6085.77,311144046.0
25.01.2002,6076.19,310998377.0
28.01.2002,6079.1,313554016.0
29.01.2002,6093.25,318283125.0
30.01.2002,6099.88,322149281.0
31.01.2002,6105.95,326372013.0
01.02.2002,6109.18,326662433.0
04.02.2002,6119.04,329389041.0
05.02.2002,6122.14,339046542.0
06.02.2002,6144.64,340322832.0
07.02.2002,6152.11,340921234.0
08.02.2002,6155.32,342073900.0
11.02.2002,6157.49,344197920.0
12.02.2002,6159.68,344359518.0
13.02.2002,6167.56,345575013.0
14.02.2002,6184.03,348168378.0
15.02.2002,6193.43,348750541.0
18.02.2002,6195.23,349317362.0
19.02.2002,6211.11,350724445.0
20.02.2002,6227.25,352136971.0
21.02.2002,6234.41,352856068.0
22.02.2002,6237.38,359675293.0
26.02.2002,6243.66,365544185.0
27.02.2002,6238.55,365994869.0
28.02.2002,6239.54,366422116.0
01.03.2002,6240.91,367685430.0
04.03.2002,6232.68,366615646.0
05.03.2002,6239.03,364653857.0
06.03.2002,6244.06,355779313.0
07.03.2002,6256.63,354598149.0
11.03.2002,6248.87,356116931.0
12.03.2002,6245.8,360654887.0
13.03.2002,6240.74,361685760.0
14.03.2002,6242.58,361816619.0
15.03.2002,6229.44,363185287.0
18.03.2002,6221.88,363019037.0
19.03.2002,6228.46,361475992.0
20.03.2002,6228.6,361144381.0
21.03.2002,6228.48,356261849.0
22.03.2002,6224.04,355560516.0
25.03.2002,6227.73,356289246.0
26.03.2002,6220.31,355613728.0
27.03.2002,6222.02,355521188.0
28.03.2002,6220.56,359895980.0
29.03.2002,6231.42,361224362.0
01.04.2002,6241.3,361868715.0
02.04.2002,6245.52,360721222.0
03.04.2002,6247.43,360805446.0
04.04.2002,6254.96,360823687.0
05.04.2002,6273.64,361679254.0
08.04.2002,6277.17,361897402.0
09.04.2002,6280.21,361259950.0
10.04.2002,6294.8,361365252.0
11.04.2002,6304.87,360621735.0
12.04.2002,6308.19,360977915.0
15.04.2002,6319.58,361869975.0
16.04.2002,6318.73,362285472.0
17.04.2002,6328.78,362658735.0
18.04.2002,6328.02,361063524.0
19.04.2002,6335.76,361736175.0
22.04.2002,6345.66,367950303.0
23.04.2002,6349.64,365722659.0
24.04.2002,6347.35,351934965.0
25.04.2002,6349.51,351093600.0
26.04.2002,6354.47,352026027.0
27.04.2002,6359.41,351645262.0
29.04.2002,6364.91,352059379.0
30.04.2002,6370.93,352236063.0
06.05.2002,6384.07,352512843.0
07.05.2002,6388.88,351235591.0
08.05.2002,6394.86,351721240.0
13.05.2002,6406.76,352806883.0
14.05.2002,6413.26,352731712.0
15.05.2002,6427.16,353109593.0
16.05.2002,6431.8,353629391.0
17.05.2002,6432.47,355325736.0
18.05.2002,6433.21,355370598.0
20.05.2002,6437.8,355803663.0
21.05.2002,6442.76,356281581.0
22.05.2002,6460.79,356133208.0
23.05.2002,6470.12,357236904.0
24.05.2002,6468.19,357165257.0
27.05.2002,6482.28,366549272.0
28.05.2002,6477.01,367776581.0
29.05.2002,6487.95,406333178.0
30.05.2002,6492.71,407150027.0
31.05.2002,6503.02,409479347.0
03.06.2002,6509.39,410011025.0
04.06.2002,6507.32,414973932.0
05.06.2002,6509.96,416648497.0
06.06.2002,6518.31,444421577.0
07.06.2002,6527.48,446669069.0
10.06.2002,6535.83,449261226.0
11.06.2002,6539.68,449831245.0
13.06.2002,6544.52,450425302.0
14.06.2002,6547.2,452989985.0
17.06.2002,6551.32,453599211.0
18.06.2002,6566.21,454982897.0
19.06.2002,6560.47,292816475.0
20.06.2002,6560.32,296682556.0
21.06.2002,6538.38,298122494.0
24.06.2002,6551.22,300216122.0
25.06.2002,6564.07,300618737.0
26.06.2002,6553.06,297115089.0
27.06.2002,6576.05,299424304.0
28.06.2002,6588.76,300508739.0
01.07.2002,6598.83,301442836.0
02.07.2002,6596.9,301391996.0
03.07.2002,6596.89,300763981.0
04.07.2002,6604.2,301789951.0
05.07.2002,6613.27,301974536.0
08.07.2002,6611.35,301633858.0
09.07.2002,6629.5,301950081.0
10.07.2002,6637.93,298323680.0
11.07.2002,6636.19,295769443.0
12.07.2002,6645.58,296040972.0
15.07.2002,6644.58,296169505.0
16.07.2002,6648.1,296898869.0
17.07.2002,6649.66,307994552.0
18.07.2002,6658.52,308892401.0
19.07.2002,6661.92,309217235.0
22.07.2002,6674.2,312428157.0
23.07.2002,6674.57,311386943.0
24.07.2002,6672.5,311669792.0
25.07.2002,6678.03,313494955.0
26.07.2002,6681.01,313506248.0
29.07.2002,6681.16,313803282.0
30.07.2002,6688.09,312897154.0
31.07.2002,6686.56,310987663.0
01.08.2002,6703.07,312775329.0
02.08.2002,6713.14,312819569.0
05.08.2002,6716.06,312615422.0
06.08.2002,6715.93,312759122.0
07.08.2002,6719.15,314704940.0
08.08.2002,6721.71,314869901.0
09.08.2002,6716.63,315555333.0
12.08.2002,6720.05,315650070.0
13.08.2002,6716.73,315218017.0
14.08.2002,6710.78,314985039.0
15.08.2002,6712.45,315151858.0
16.08.2002,6715.98,316944904.0
19.08.2002,6713.65,316797443.0
20.08.2002,6711.0,326554800.0
21.08.2002,6712.37,323422924.0
22.08.2002,6716.51,323091286.0
23.08.2002,6715.75,323080651.0
26.08.2002,6722.55,324209506.0
27.08.2002,6735.29,324659649.0
28.08.2002,6750.52,324704333.0
29.08.2002,6742.15,324204587.0
30.08.2002,6741.51,324200665.0
02.09.2002,6752.66,324810130.0
03.09.2002,6753.06,323977671.0
04.09.2002,6755.3,322554314.0
05.09.2002,6761.27,319006651.0
06.09.2002,6769.64,319888672.0
09.09.2002,6779.56,280534016.0
10.09.2002,6778.43,280252892.0
11.09.2002,6772.42,297891725.0
12.09.2002,6778.91,281656169.0
13.09.2002,6776.3,280914384.0
16.09.2002,6784.5,282473282.0
17.09.2002,6785.11,287581401.0
18.09.2002,6785.71,287718056.0
19.09.2002,6793.22,287525495.0
20.09.2002,6805.4,287320417.0
23.09.2002,6812.7,287664722.0
24.09.2002,6815.4,287217696.0
25.09.2002,6836.77,288397563.0
26.09.2002,6834.76,287573483.0
27.09.2002,6840.28,287821518.0
30.09.2002,6857.55,288614185.0
01.10.2002,6862.29,288438946.0
02.10.2002,6866.77,288437495.0
03.10.2002,6872.5,288708759.0
04.10.2002,6873.32,288938032.0
07.10.2002,6885.2,289030407.0
08.10.2002,6883.5,285961529.0
09.10.2002,6897.16,286701346.0
10.10.2002,6906.83,287272177.0
11.10.2002,6912.42,287513525.0
14.10.2002,6924.77,288037385.0
15.10.2002,6929.44,288994108.0
16.10.2002,6944.51,293577994.0
17.10.2002,6950.23,294173999.0
18.10.2002,6954.14,287539993.0
21.10.2002,6966.9,290475836.0
22.10.2002,6972.09,291328769.0
23.10.2002,6980.63,291481877.0
24.10.2002,6987.95,292344783.0
25.10.2002,6999.44,296105055.0
28.10.2002,7008.59,297244922.0
29.10.2002,7015.57,297100346.0
30.10.2002,7031.71,296653127.0
31.10.2002,7055.13,299769516.0
01.11.2002,7065.04,300115332.0
04.11.2002,7082.55,300211746.0
05.11.2002,7086.45,297863174.0
06.11.2002,7090.04,297754684.0
10.11.2002,7098.16,298249916.0
11.11.2002,7105.66,298797146.0
12.11.2002,7108.59,299217851.0
13.11.2002,7120.38,299222870.0
14.11.2002,7143.12,301550551.0
15.11.2002,7210.4,307572379.0
18.11.2002,7230.46,308555993.0
19.11.2002,7242.38,309246740.0
20.11.2002,7262.85,310742756.0
21.11.2002,7307.0,311497240.0
22.11.2002,7326.81,314017852.0
25.11.2002,7341.8,315417599.0
26.11.2002,7343.07,317105852.0
27.11.2002,7349.81,316970460.0
28.11.2002,7348.34,317447427.0
29.11.2002,7354.73,316328491.0
02.12.2002,7359.64,316704339.0
03.12.2002,7377.87,300988859.0
04.12.2002,7372.46,301301889.0
05.12.2002,7429.96,301000163.0
06.12.2002,7449.55,302116356.0
09.12.2002,7451.12,303290228.0
10.12.2002,7422.42,304672300.0
11.12.2002,7447.18,305133815.0
15.12.2002,7500.66,307368816.0
16.12.2002,7480.38,303069522.0
17.12.2002,7505.67,304566734.0
18.12.2002,7488.92,306099783.0
19.12.2002,7492.57,302172534.0
20.12.2002,7484.12,300637531.0
23.12.2002,7478.02,297644827.0
24.12.2002,7476.24,302974491.0
25.12.2002,7495.18,275026606.0
26.12.2002,7484.57,279842437.0
27.12.2002,7505.32,282795315.0
30.12.2002,7543.49,284772090.0
31.12.2002,7569.17,303043298.0
04.01.2003,7579.14,304074011.0
05.01.2003,7593.98,306168072.0
08.01.2003,7632.88,307839212.0
09.01.2003,7643.49,311335735.0
10.01.2003,7658.39,312820740.0
13.01.2003,7689.09,314527845.0
14.01.2003,7709.5,318690277.0
15.01.2003,7726.57,324077769.0
16.01.2003,7723.65,325758815.0
17.01.2003,7726.58,326139859.0
20.01.2003,7730.58,328402875.0
21.01.2003,7725.65,333291633.0
22.01.2003,7721.04,340257118.0
23.01.2003,7735.54,347562553.0
24.01.2003,7742.43,351620914.0
27.01.2003,7746.38,359132651.0
28.01.2003,7744.13,355267564.0
29.01.2003,7758.55,355461843.0
30.01.2003,7765.87,360155906.0
31.01.2003,7773.1,369289641.0
03.02.2003,7787.29,380102299.0
04.02.2003,7785.46,385610299.0
05.02.2003,7792.83,387445880.0
06.02.2003,7814.0,391477147.0
07.02.2003,7853.3,395826459.0
10.02.2003,7901.08,399725751.0
11.02.2003,7914.38,403094861.0
12.02.2003,7939.13,408850336.0
13.02.2003,8001.59,416216973.0
14.02.2003,8026.51,424035638.0
17.02.2003,8055.23,424035638.0
18.02.2003,8099.86,427432089.0
19.02.2003,8118.39,441556094.0
20.02.2003,8209.87,446531761.0
21.02.2003,8234.15,458885475.0
25.02.2003,8200.03,463698771.0
26.02.2003,8210.29,469897967.0
27.02.2003,8201.35,468708851.0
28.02.2003,8211.86,475303475.0
03.03.2003,8225.21,479362021.0
04.03.2003,8245.56,477740017.0
05.03.2003,8269.49,483816256.0
06.03.2003,8283.28,485259491.0
07.03.2003,8303.47,488787667.0
11.03.2003,8323.76,493319038.0
12.03.2003,8340.13,498749036.0
13.03.2003,8334.32,504134412.0
14.03.2003,8340.47,514089036.0
17.03.2003,8314.03,520662894.0
18.03.2003,8246.79,527017906.0
19.03.2003,8172.61,524818541.0
20.03.2003,8165.02,511095963.0
21.03.2003,8222.47,514266744.0
24.03.2003,8237.67,517105673.0
25.03.2003,8250.53,512964995.0
26.03.2003,8262.49,515712676.0
27.03.2003,8274.71,521339705.0
28.03.2003,8288.17,525724482.0
31.03.2003,8330.84,530366462.0
01.04.2003,8366.23,534272117.0
02.04.2003,8404.56,541945204.0
03.04.2003,8409.3,537678077.0
04.04.2003,8414.72,543136271.0
07.04.2003,8407.49,547210334.0
08.04.2003,8426.12,552058242.0
09.04.2003,8435.77,547167243.0
10.04.2003,8433.02,550714210.0
11.04.2003,8444.49,554669696.0
14.04.2003,8467.71,566017163.0
15.04.2003,8474.42,569562343.0
16.04.2003,8496.59,572274731.0
17.04.2003,8505.78,574158187.0
18.04.2003,8525.07,576592129.0
21.04.2003,8542.71,578020210.0
22.04.2003,8566.62,580998579.0
23.04.2003,8588.24,583871179.0
24.04.2003,8606.23,585670355.0
25.04.2003,8596.26,595456493.0
28.04.2003,8607.55,601165816.0
29.04.2003,8617.45,603638695.0
30.04.2003,8654.37,611727047.0
05.05.2003,8685.65,619430435.0
06.05.2003,8700.88,627875603.0
07.05.2003,8737.73,632416928.0
08.05.2003,8792.14,646043216.0
12.05.2003,8801.12,651011220.0
13.05.2003,8824.56,662045886.0
14.05.2003,8837.37,666664266.0
15.05.2003,8829.46,667874141.0
16.05.2003,8847.95,679121434.0
19.05.2003,8870.55,682354998.0
20.05.2003,8872.84,687825109.0
21.05.2003,8881.27,685658821.0
22.05.2003,8915.8,693631536.0
23.05.2003,8933.83,701805616.0
26.05.2003,8940.67,707087494.0
27.05.2003,8944.78,721119093.0
28.05.2003,8939.61,736613268.0
29.05.2003,8943.7,739670244.0
30.05.2003,8951.61,750279829.0
02.06.2003,8961.92,764007595.0
03.06.2003,8960.51,766231935.0
04.06.2003,8999.01,772633484.0
05.06.2003,9026.55,785016852.0
06.06.2003,9036.36,793524708.0
09.06.2003,9078.75,891444213.0
10.06.2003,9012.62,896164966.0
11.06.2003,9028.27,906816473.0
16.06.2003,9063.98,919721835.0
17.06.2003,9057.68,924108892.0
18.06.2003,9022.38,927406530.0
19.06.2003,8991.38,949778815.0
20.06.2003,8992.01,958969790.0
21.06.2003,8991.02,960815318.0
23.06.2003,8960.63,956189185.0
24.06.2003,8981.71,960758928.0
25.06.2003,8995.7,964456466.0
26.06.2003,8939.92,958969706.0
27.06.2003,8943.16,963189328.0
30.06.2003,8939.54,967866377.0
01.07.2003,8955.2,968997604.0
02.07.2003,8923.21,962240145.0
03.07.2003,8901.76,958310402.0
04.07.2003,8903.77,953373374.0
07.07.2003,8887.7,941870410.0
08.07.2003,8865.55,937107122.0
09.07.2003,8863.42,932536370.0
10.07.2003,8876.72,925864586.0
11.07.2003,8819.26,910883479.0
14.07.2003,8765.56,906090772.0
15.07.2003,8717.17,897465762.0
16.07.2003,8581.77,879895717.0
17.07.2003,8593.15,868229246.0
18.07.2003,8615.77,860730913.0
21.07.2003,8648.79,845964012.0
22.07.2003,8619.3,846210562.0
23.07.2003,8630.94,856077436.0
24.07.2003,8634.56,855698822.0
25.07.2003,8644.33,854889239.0
28.07.2003,8636.44,854898151.0
29.07.2003,8613.17,847184640.0
30.07.2003,8594.27,845552968.0
31.07.2003,8614.31,847622224.0
01.08.2003,8561.18,842083567.0
04.08.2003,8569.49,842296783.0
05.08.2003,8577.4,842392058.0
06.08.2003,8551.58,838593183.0
07.08.2003,8579.28,841481133.0
08.08.2003,8618.82,843216925.0
11.08.2003,8622.29,844033566.0
12.08.2003,8635.02,845332656.0
13.08.2003,8630.92,845386042.0
14.08.2003,8603.92,843327969.0
15.08.2003,8609.43,841659702.0
18.08.2003,8625.17,840128453.0
19.08.2003,8620.97,833197827.0
20.08.2003,8646.78,832393608.0
21.08.2003,8640.96,830309345.0
22.08.2003,8652.46,832542143.0
25.08.2003,8645.82,827769117.0
26.08.2003,8637.63,830044069.0
27.08.2003,8672.73,831622160.0
28.08.2003,8679.05,828200100.0
29.08.2003,8713.17,830108508.0
01.09.2003,8719.73,837032008.0
02.09.2003,8714.71,845070207.0
03.09.2003,8717.51,841297494.0
04.09.2003,8724.97,843318393.0
05.09.2003,8753.53,844528985.0
08.09.2003,8787.22,848090196.0
09.09.2003,8787.98,851274848.0
10.09.2003,8788.02,853092014.0
11.09.2003,8806.93,856718520.0
12.09.2003,8812.89,853191922.0
15.09.2003,8811.97,850102647.0
16.09.2003,8802.88,849128849.0
17.09.2003,8795.85,848504499.0
18.09.2003,8799.96,840700601.0
19.09.2003,8796.34,848919369.0
22.09.2003,8772.18,841964628.0
23.09.2003,8724.87,837921010.0
24.09.2003,8750.88,840041663.0
25.09.2003,8771.14,842114559.0
26.09.2003,8784.29,840373171.0
29.09.2003,8797.41,837081529.0
30.09.2003,8802.19,833938250.84
01.10.2003,8812.46,831597848.09
02.10.2003,8788.08,827408050.64
03.10.2003,8822.38,825107009.52
06.10.2003,8787.58,832003327.13
07.10.2003,8810.8,831198197.54
08.10.2003,8885.95,834194067.28
09.10.2003,8904.6,840528879.46
10.10.2003,8920.9,839509684.91
13.10.2003,8925.2,838678558.75
14.10.2003,8913.1,833081846.0
15.10.2003,8949.19,836698639.22
16.10.2003,8941.8,833372417.64
17.10.2003,8920.21,825477650.04
20.10.2003,8913.03,822259704.97
21.10.2003,8922.15,809748182.22
22.10.2003,8911.82,807082553.89
23.10.2003,8894.76,803447336.0
24.10.2003,8878.29,799443290.25
27.10.2003,8810.03,793181013.65
28.10.2003,8808.91,786363436.15
29.10.2003,8792.49,779451751.38
30.10.2003,8786.63,790720838.96
31.10.2003,8792.87,786783786.22
03.11.2003,8823.07,783158255.64
04.11.2003,8839.49,775890225.24
05.11.2003,8805.21,761185045.11
06.11.2003,8807.26,757190139.51
10.11.2003,8812.75,757181681.84
11.11.2003,8795.55,754733524.0
12.11.2003,8793.79,728510850.03
13.11.2003,8812.07,755413688.2
14.11.2003,8812.45,755866935.39
17.11.2003,8812.89,757832438.58
18.11.2003,8794.13,760472147.68
19.11.2003,8786.04,759485643.4
20.11.2003,8779.17,758891460.72
21.11.2003,8805.66,758753945.61
24.11.2003,8817.41,765117497.63
25.11.2003,8822.94,741514695.83
26.11.2003,8824.11,739303196.61
27.11.2003,8872.26,740160150.47
28.11.2003,8849.38,729437788.03
01.12.2003,8882.34,732081727.19
02.12.2003,8897.51,730836093.48
03.12.2003,8918.63,731355142.74
04.12.2003,8928.28,722616804.02
05.12.2003,8956.6,722329601.35
08.12.2003,8986.24,730532672.97
09.12.2003,8982.87,729188177.27
10.12.2003,8970.56,727843160.44
11.12.2003,8988.54,731673197.4
15.12.2003,8995.23,732077288.79
16.12.2003,9020.45,730067938.74
17.12.2003,9031.24,730507119.33
18.12.2003,9032.68,730269343.26
19.12.2003,9059.79,733717690.59
22.12.2003,9056.59,735727467.6
23.12.2003,9069.43,733522258.18
24.12.2003,9061.04,731302877.03
25.12.2003,9060.47,732071773.83
26.12.2003,9077.02,733867368.01
29.12.2003,9090.09,738769168.31
30.12.2003,9120.2,742832404.72
31.12.2003,9159.94,749149504.34
05.01.2004,9070.16,742644635.72
06.01.2004,9102.87,745247184.53
08.01.2004,9144.41,748858110.0
09.01.2004,9169.13,753383796.53
12.01.2004,9175.83,752448334.35
13.01.2004,9224.36,756917356.19
14.01.2004,9234.06,758791342.15
15.01.2004,9226.25,758946052.31
16.01.2004,9268.09,760563338.27
19.01.2004,9304.12,766994152.31
20.01.2004,9307.08,766376115.49
21.01.2004,9325.24,767866423.27
22.01.2004,9317.46,767128802.64
23.01.2004,9339.55,769945939.06
26.01.2004,9336.51,769048314.91
27.01.2004,9363.88,774570236.94
28.01.2004,9357.08,773321321.68
29.01.2004,9376.01,773162539.63
30.01.2004,9380.11,775785120.87
02.02.2004,9347.09,772480840.95
03.02.2004,9355.82,772219378.48
04.02.2004,9363.69,772611504.63
05.02.2004,9329.95,769586107.29
06.02.2004,9324.8,766401892.61
09.02.2004,9330.96,766075795.51
10.02.2004,9329.28,761424472.04
11.02.2004,9331.41,762810025.06
12.02.2004,9347.6,750659074.48
13.02.2004,9355.58,751215892.05
16.02.2004,9362.69,753475098.81
17.02.2004,9369.15,748047992.03
18.02.2004,9380.8,742828000.4
19.02.2004,9388.48,741293358.94
20.02.2004,9448.5,747909308.61
24.02.2004,9501.57,752066686.02
25.02.2004,9505.57,756846986.95
26.02.2004,9507.03,759381096.61
27.02.2004,9507.34,761776943.64
01.03.2004,9520.66,763264118.67
02.03.2004,9531.39,763923444.77
03.03.2004,9529.84,765404729.63
04.03.2004,9536.78,766210070.71
05.03.2004,9541.26,768694371.39
09.03.2004,9515.93,775038079.36
10.03.2004,9592.07,778460306.75
11.03.2004,9601.97,786774751.16
12.03.2004,9611.17,794086141.95
15.03.2004,9621.17,806089522.43
16.03.2004,9626.43,818539758.7
17.03.2004,9627.9,821857582.31
18.03.2004,9671.64,824889724.94
19.03.2004,9628.59,817522076.37
22.03.2004,9612.36,813336315.71
23.03.2004,9639.14,817769524.89
24.03.2004,9622.26,811209986.69
25.03.2004,9636.77,756456174.58
26.03.2004,9653.93,709319492.35
29.03.2004,9678.33,738672980.2
30.03.2004,9667.95,736357755.97
31.03.2004,9686.16,737733901.05
01.04.2004,9696.58,736823411.13
02.04.2004,9702.96,714538006.14
05.04.2004,9731.18,715393347.21
06.04.2004,9782.82,722902232.5
07.04.2004,9791.93,722146917.35
08.04.2004,9849.33,726824680.17
09.04.2004,9839.2,728612089.68
12.04.2004,9848.28,734493581.85
13.04.2004,9834.93,734433067.67
14.04.2004,9835.29,734601677.38
15.04.2004,9829.88,731920362.51
16.04.2004,9830.3,732454731.85
19.04.2004,9791.64,725861823.58
20.04.2004,9741.61,729410378.12
21.04.2004,9727.51,724557668.99
22.04.2004,9668.66,717798658.57
23.04.2004,9644.56,718473314.95
26.04.2004,9673.48,715450565.27
27.04.2004,9668.26,720584964.32
28.04.2004,9665.47,721440129.51
29.04.2004,9659.18,721204548.48
30.04.2004,9696.35,720431704.45
05.05.2004,9709.88,719660385.6
06.05.2004,9703.69,720936536.4
07.05.2004,9700.12,715428351.24
11.05.2004,9705.83,710173335.0
12.05.2004,9681.84,708726522.38
13.05.2004,9663.08,704741295.92
14.05.2004,9687.3,704170335.62
17.05.2004,9686.97,694280228.8
18.05.2004,9679.79,695062395.57
19.05.2004,9627.44,687256716.01
20.05.2004,9626.66,681792651.32
21.05.2004,9635.13,682520303.61
24.05.2004,9633.16,675282856.16
25.05.2004,9631.09,675287730.38
26.05.2004,9636.56,673202083.98
27.05.2004,9635.21,670249757.13
28.05.2004,9698.91,672029889.55
31.05.2004,9726.9,670544870.84
01.06.2004,9723.45,670951382.85
02.06.2004,9716.65,667388631.23
03.06.2004,9720.09,665965721.55
04.06.2004,9709.47,668580220.62
07.06.2004,9705.81,666987978.33
08.06.2004,9698.46,669991692.57
09.06.2004,9704.42,664893428.94
10.06.2004,9697.35,664292985.34
11.06.2004,9642.31,658671748.65
15.06.2004,9630.83,652250906.09
16.06.2004,9625.83,653698304.15
17.06.2004,9635.99,653463418.49
18.06.2004,9630.47,650395980.87
21.06.2004,9647.83,646183014.13
22.06.2004,9618.32,649235244.55
23.06.2004,9598.62,634293273.73
24.06.2004,9602.31,632293780.38
25.06.2004,9618.03,632538474.72
28.06.2004,9624.4,631991615.45
29.06.2004,9644.33,633485300.92
30.06.2004,9730.11,636191712.3
01.07.2004,9727.35,634270856.06
02.07.2004,9733.16,637130007.27
05.07.2004,9727.02,635242227.44
06.07.2004,9706.38,643932607.6
07.07.2004,9649.62,635311182.65
08.07.2004,9664.58,636658158.48
09.07.2004,9642.11,626530552.42
12.07.2004,9624.39,597594642.3
13.07.2004,9624.38,597694498.96
14.07.2004,9571.05,594719010.99
15.07.2004,9589.73,590469297.1
16.07.2004,9656.59,588898863.23
19.07.2004,9642.53,585346273.16
20.07.2004,9633.14,585733962.99
21.07.2004,9656.43,583165336.33
22.07.2004,9664.12,583110212.43
23.07.2004,9718.5,586508640.75
26.07.2004,9706.6,580063047.46
27.07.2004,9742.83,584056526.79
28.07.2004,9716.53,582524580.87
29.07.2004,9717.32,566585699.77
30.07.2004,9701.07,560380869.97
02.08.2004,9723.55,558940726.65
03.08.2004,9722.98,559007669.12
04.08.2004,9726.78,559758904.35
05.08.2004,9750.53,561968912.31
06.08.2004,9747.29,549602821.56
09.08.2004,9755.42,551854779.78
10.08.2004,9753.19,553164487.74
11.08.2004,9782.67,553365007.6
12.08.2004,9806.18,554136278.89
13.08.2004,9805.7,552994322.33
16.08.2004,9811.0,550363195.42
17.08.2004,9788.76,552818457.1
18.08.2004,9788.47,548804842.83
19.08.2004,9787.35,548245284.53
20.08.2004,9796.13,548800314.91
23.08.2004,9801.57,545875954.32
24.08.2004,9798.29,545797125.66
25.08.2004,9805.83,545548823.5
26.08.2004,9810.66,545418418.17
27.08.2004,9808.67,543480102.06
30.08.2004,9818.01,541944493.83
31.08.2004,9844.19,543543327.8
01.09.2004,9866.75,543642963.3
02.09.2004,9875.16,543852945.58
03.09.2004,9873.07,539496220.71
06.09.2004,9881.11,531919823.94
07.09.2004,9888.76,532582707.47
08.09.2004,9895.3,533443617.14
09.09.2004,9901.8,533558019.13
10.09.2004,9904.13,532033592.31
13.09.2004,9895.44,524773381.03
14.09.2004,9901.32,525460903.99
15.09.2004,9912.22,522165610.69
16.09.2004,9937.42,522438993.52
17.09.2004,9932.56,518370951.35
20.09.2004,9948.98,516171908.35
21.09.2004,9961.74,519377888.31
22.09.2004,9963.67,520544361.54
23.09.2004,9968.43,523172987.74
24.09.2004,9990.7,525994817.58
27.09.2004,9990.4,525451722.95
28.09.2004,9998.82,526550341.88
29.09.2004,10003.33,525999383.45
30.09.2004,10024.18,525537275.2
01.10.2004,10029.98,527496932.81
04.10.2004,10025.36,524431839.99
05.10.2004,10035.58,525710186.64
06.10.2004,10044.6,522204558.95
07.10.2004,10064.81,522515671.75
08.10.2004,10078.37,523926672.4
11.10.2004,10102.78,526928383.54
12.10.2004,10125.37,544764824.14
13.10.2004,10104.59,542229548.12
14.10.2004,10125.63,542218645.84
15.10.2004,10146.39,548698045.55
18.10.2004,10179.95,549369836.99
19.10.2004,10163.44,566136378.95
20.10.2004,10177.53,564031694.36
21.10.2004,10177.55,561327828.29
22.10.2004,10189.33,565594065.19
25.10.2004,10191.97,563614571.43
26.10.2004,10199.28,571515152.99
27.10.2004,10211.58,584337529.45
28.10.2004,10189.51,577973294.87
29.10.2004,10244.35,584042747.65
01.11.2004,10253.7,590084462.27
02.11.2004,10261.78,593834278.15
03.11.2004,10260.21,593003753.64
04.11.2004,10262.33,597490803.73
05.11.2004,10277.05,606459240.15
09.11.2004,10282.95,603039473.24
10.11.2004,10257.84,625833067.68
11.11.2004,10291.54,627691752.16
12.11.2004,10291.67,629788469.75
15.11.2004,10236.22,628994321.89
16.11.2004,10259.72,638684762.65
17.11.2004,10299.49,642332510.29
18.11.2004,10303.35,647032775.25
19.11.2004,10305.02,648186769.27
22.11.2004,10315.78,642284374.99
23.11.2004,10318.31,646939468.59
24.11.2004,10320.85,649092061.94
25.11.2004,10324.78,649390225.5
26.11.2004,10326.28,653143405.63
29.11.2004,10321.51,658532431.84
30.11.2004,10351.18,674807612.24
01.12.2004,10307.76,672893076.1
02.12.2004,10319.81,676397820.36
03.12.2004,10325.57,679278175.06
06.12.2004,10323.26,685653364.89
07.12.2004,10325.43,728603854.58
08.12.2004,10326.4,731393165.37
09.12.2004,10317.22,738849270.11
10.12.2004,10306.29,734984041.65
14.12.2004,10310.72,729379828.43
15.12.2004,10299.08,755175962.2
16.12.2004,10295.78,748491443.9
17.12.2004,10307.12,718976775.72
20.12.2004,10312.19,715096695.76
21.12.2004,10316.64,717024106.59
22.12.2004,10285.7,712254386.1
23.12.2004,10279.62,715021024.37
24.12.2004,10278.55,717135642.81
27.12.2004,10315.63,702146216.56
28.12.2004,10336.43,706461605.58
29.12.2004,10333.98,702071292.43
30.12.2004,10339.63,709184032.82
31.12.2004,10397.12,723430395.5
11.01.2005,10287.79,708472116.09
12.01.2005,10314.36,714601073.24
13.01.2005,10392.62,735874175.44
14.01.2005,10405.93,738728966.28
17.01.2005,10422.47,745603006.36
18.01.2005,10420.11,745082889.71
19.01.2005,10424.64,744232184.28
20.01.2005,10428.58,746971575.44
21.01.2005,10433.79,750848219.37
24.01.2005,10444.61,757028990.2
25.01.2005,10465.45,764750399.74
26.01.2005,10467.27,774536113.02
27.01.2005,10471.96,777359530.53
28.01.2005,10474.96,777502160.1
31.01.2005,10505.06,779620938.22
01.02.2005,10506.46,784021377.79
02.02.2005,10513.78,784535611.51
03.02.2005,10532.25,784725242.08
04.02.2005,10549.13,786201561.3
07.02.2005,10541.3,783805388.26
08.02.2005,10545.18,795115273.35
09.02.2005,10557.24,808480526.28
10.02.2005,10581.0,811097292.41
11.02.2005,10591.95,811892831.55
14.02.2005,10584.43,807865337.16
15.02.2005,10607.69,816495384.26
16.02.2005,10611.12,817281744.04
17.02.2005,10618.31,820403680.17
18.02.2005,10619.35,819921076.37
21.02.2005,10644.5,818411174.99
22.02.2005,10650.78,827515035.48
24.02.2005,10636.38,823050068.26
25.02.2005,10636.18,832346006.45
28.02.2005,10656.23,840690792.89
01.03.2005,10658.67,853810187.91
02.03.2005,10661.72,859601515.19
03.03.2005,10701.44,871534978.23
04.03.2005,10686.11,884463204.96
05.03.2005,10690.01,913709913.29
09.03.2005,10700.83,945002283.16
10.03.2005,10722.76,949367790.84
11.03.2005,10692.73,951487963.92
14.03.2005,10716.07,947078639.0
15.03.2005,10709.33,962482915.97
16.03.2005,10680.52,1010600783.36
17.03.2005,10688.69,1011163538.32
18.03.2005,10671.09,1032986965.02
21.03.2005,10681.28,1021911151.2
22.03.2005,10714.16,1024622363.08
23.03.2005,10716.8,1076750481.24
24.03.2005,10714.5,1073021313.01
25.03.2005,10719.02,1069795114.03
28.03.2005,10710.98,1041806102.89
29.03.2005,10715.08,1043175192.44
30.03.2005,10713.73,1027430396.77
31.03.2005,10731.28,1027475833.8
01.04.2005,10737.71,1026506518.43
04.04.2005,10746.17,1033056013.53
05.04.2005,10720.73,1007092720.47
06.04.2005,10725.11,1007525777.5
07.04.2005,10731.62,1003569602.48
08.04.2005,10735.85,995822617.75
11.04.2005,10744.06,994997973.96
12.04.2005,10724.2,997142976.47
13.04.2005,10731.73,999175832.8
14.04.2005,10705.48,1021890758.3
15.04.2005,10688.97,1028428874.35
18.04.2005,10738.29,1073626983.11
19.04.2005,10723.42,1081859366.91
20.04.2005,10746.93,1119923008.8
21.04.2005,10737.97,1116161782.46
22.04.2005,10742.06,1141745220.04
25.04.2005,10760.6,1131483884.69
26.04.2005,10786.47,1150855519.85
27.04.2005,10783.82,1148024501.02
28.04.2005,10848.34,1154323797.64
29.04.2005,10866.25,1159440700.23
03.05.2005,10867.0,1172484467.66
04.05.2005,10872.43,1175610683.14
05.05.2005,10873.78,1182908863.5
06.05.2005,10877.93,1157338682.83
11.05.2005,10884.22,1152746090.95
12.05.2005,10890.4,1155952712.39
13.05.2005,10891.14,1156075487.38
14.05.2005,10897.05,1170855493.04
16.05.2005,10839.5,1162853411.42
17.05.2005,10842.32,1170183550.3
18.05.2005,10867.94,1193898622.8
19.05.2005,10908.65,1201456133.84
20.05.2005,10890.35,1199100860.94
23.05.2005,10878.3,1175826860.34
24.05.2005,10883.61,1178948692.34
25.05.2005,10905.56,1180675161.45
26.05.2005,10909.26,1169780806.23
27.05.2005,10915.19,1165992907.64
30.05.2005,10917.49,1166821530.85
31.05.2005,10925.9,1174774881.39
01.06.2005,10890.37,1180953045.92
02.06.2005,10907.29,1186666973.78
03.06.2005,10941.29,1194793936.7
06.06.2005,10947.32,1182678906.73
07.06.2005,10952.15,1189561512.08
08.06.2005,10951.68,1189780585.04
09.06.2005,10969.44,1204281081.6
10.06.2005,10970.57,1210342389.54
14.06.2005,10964.36,1223419831.74
15.06.2005,10973.09,1231580939.53
16.06.2005,10974.29,1233456328.09
17.06.2005,10965.53,1228273101.65
20.06.2005,10998.68,1220059239.01
21.06.2005,11022.1,1228351812.13
22.06.2005,11028.18,1228008704.27
23.06.2005,11037.45,1219468562.43
24.06.2005,11031.31,1231468298.33
27.06.2005,11033.33,1233285916.71
28.06.2005,11044.43,1235607986.65
29.06.2005,11044.83,1248356050.13
30.06.2005,11054.33,1251094892.38
01.07.2005,11054.34,1270343443.48
04.07.2005,11045.41,1264082076.54
05.07.2005,11025.26,1298872096.19
06.07.2005,11071.56,1322916895.09
07.07.2005,11060.0,1336944864.57
08.07.2005,11064.41,1397694720.7
11.07.2005,11100.46,1403827872.98
12.07.2005,11141.94,1420805762.29
13.07.2005,11140.15,1465748343.55
14.07.2005,11147.11,1477638698.9
15.07.2005,11149.52,1510278127.32
18.07.2005,11140.33,1536717689.5
19.07.2005,11161.58,1580126649.3
20.07.2005,11141.11,1580341576.58
21.07.2005,11173.43,1605359854.83
22.07.2005,11190.16,1616745710.94
25.07.2005,11198.43,1617161360.0
26.07.2005,11188.94,1641246908.2
27.07.2005,11217.94,1642303002.11
28.07.2005,11232.45,1674279268.09
29.07.2005,11226.0,1702285212.42
01.08.2005,11247.09,1722823630.38
02.08.2005,11236.93,1729283013.09
03.08.2005,11274.64,1767824828.83
04.08.2005,11250.54,1768915091.22
05.08.2005,11295.22,1787727887.22
08.08.2005,11296.39,1789596818.55
09.08.2005,11309.59,1802902203.79
10.08.2005,11297.27,1824483953.99
11.08.2005,11327.81,1843907954.56
12.08.2005,11362.77,1853905553.25
15.08.2005,11372.13,1857310660.57
16.08.2005,11387.48,1884822649.03
17.08.2005,11366.11,1913648002.32
18.08.2005,11412.33,1930816091.71
19.08.2005,11407.87,1898166463.51
22.08.2005,11431.65,1849314511.99
23.08.2005,11466.66,1873789302.26
24.08.2005,11461.95,1864939256.5
25.08.2005,11472.13,1862837545.76
26.08.2005,11497.63,1920673058.08
29.08.2005,11497.76,1925254801.25
30.08.2005,11509.04,1964019559.44
31.08.2005,11514.14,1967665334.73
01.09.2005,11517.79,1984533272.02
02.09.2005,11530.27,1987826835.17
05.09.2005,11555.37,1999300389.82
06.09.2005,11561.22,2008715938.37
07.09.2005,11544.16,2015853353.29
08.09.2005,11545.13,2022968350.24
09.09.2005,11547.32,2062668894.9
12.09.2005,11560.62,2106392879.37
13.09.2005,11592.81,2113829747.29
14.09.2005,11588.79,2099736916.05
15.09.2005,11605.03,2117696122.93
16.09.2005,11603.72,2130064981.47
19.09.2005,11613.83,2142446640.94
20.09.2005,11623.46,2173011972.9
21.09.2005,11606.16,2168786759.38
22.09.2005,11653.77,2166667737.97
23.09.2005,11644.04,2179525801.56
26.09.2005,11646.67,2167097949.41
27.09.2005,11650.77,2183831509.3
28.09.2005,11653.39,2207960810.25
29.09.2005,11664.39,2226326858.98
30.09.2005,11662.21,2225251385.84
03.10.2005,11672.35,2208014542.52
04.10.2005,11674.66,2239152287.43
05.10.2005,11678.38,2244087104.4
06.10.2005,11684.35,2246741993.55
07.10.2005,11677.82,2254932898.85
10.10.2005,11688.98,2262338202.64
11.10.2005,11694.19,2319339905.5
12.10.2005,11696.48,2363295687.41
13.10.2005,11692.53,2371371908.71
14.10.2005,11686.13,2381118704.0
17.10.2005,11685.24,2377015699.13
18.10.2005,11693.98,2384330258.75
19.10.2005,11690.53,2450871189.83
20.10.2005,11691.53,2463488313.38
21.10.2005,11692.47,2478003088.0
24.10.2005,11698.02,2504621668.76
25.10.2005,11694.67,2513589111.67
26.10.2005,11689.39,2528810754.97
27.10.2005,11691.41,2537602397.76
28.10.2005,11694.98,2538393886.52
31.10.2005,11698.73,2555246946.32
01.11.2005,11704.3,2566304161.51
02.11.2005,11704.59,2563534317.27
03.11.2005,11705.07,2548792725.01
07.11.2005,11709.13,2491916130.65
08.11.2005,11718.05,2493240899.08
09.11.2005,11722.39,2493842576.88
10.11.2005,11726.2,2497659947.88
11.11.2005,11726.65,2486198190.82
14.11.2005,11740.02,2473561734.31
15.11.2005,11730.11,2474775277.22
16.11.2005,11738.46,2487514068.84
17.11.2005,11735.92,2481742942.04
18.11.2005,11737.28,2515028872.0
21.11.2005,11742.15,2521281277.75
22.11.2005,11747.37,2535631521.83
23.11.2005,11753.75,2550319634.29
24.11.2005,11755.25,2555107651.92
25.11.2005,11759.25,2550947261.16
28.11.2005,11768.26,2538226131.38
29.11.2005,11771.62,2532131744.07
30.11.2005,11772.49,2531332526.97
01.12.2005,11783.09,2526140985.23
02.12.2005,11779.02,2520938062.0
05.12.2005,11788.55,2492907197.69
06.12.2005,11790.31,2494870513.51
07.12.2005,11790.29,2490070970.71
08.12.2005,11792.14,2488611423.61
09.12.2005,11792.56,2493792835.0
12.12.2005,11815.59,2481189289.0
13.12.2005,11814.91,2497343357.65
14.12.2005,11799.06,2489032634.12
15.12.2005,11805.63,2489816148.49
16.12.2005,11802.94,2474178043.42
19.12.2005,11798.52,2445986179.52
20.12.2005,11787.62,2456059478.9
21.12.2005,11795.66,2457289432.38
22.12.2005,11794.56,2458891660.36
23.12.2005,11785.99,2487446333.72
26.12.2005,11807.39,2482384658.86
27.12.2005,11818.46,2563261522.93
28.12.2005,11817.05,2574016899.9
29.12.2005,11812.83,2586656252.24
30.12.2005,11821.31,2584952941.9
10.01.2006,11863.4,2624383595.61
11.01.2006,11866.27,2625017781.91
12.01.2006,11887.31,2581506749.1
13.01.2006,11893.42,2566157399.62
16.01.2006,11896.79,2422245150.2
17.01.2006,11901.4,2445231612.27
18.01.2006,11910.2,2466031771.35
19.01.2006,11939.07,2459194864.53
20.01.2006,11943.89,2486784160.08
23.01.2006,11955.83,2531307866.25
24.01.2006,11960.84,2566328698.96
25.01.2006,11961.28,2544866685.72
26.01.2006,11970.06,2557265148.26
27.01.2006,11972.75,2571654075.41
30.01.2006,11972.65,2531494897.09
31.01.2006,11977.76,2539697507.73
01.02.2006,11967.2,2558166420.67
02.02.2006,11986.41,2570864077.71
03.02.2006,11993.02,2577714874.61
06.02.2006,12003.49,2571822765.82
07.02.2006,12019.35,2587686332.65
08.02.2006,12018.07,2666489754.24
09.02.2006,12019.65,2673504717.13
10.02.2006,12023.86,2700832215.0
13.02.2006,12031.06,2786714520.49
14.02.2006,12030.79,2795656115.5
15.02.2006,12035.25,2769168655.13
16.02.2006,12036.53,2854305070.03
17.02.2006,12034.47,2854956398.27
20.02.2006,12039.31,2837454815.44
21.02.2006,12038.24,2851606542.17
22.02.2006,12039.36,2846171600.17
26.02.2006,12047.54,2835621353.66
27.02.2006,12035.59,2851604594.79
28.02.2006,12048.2,2867083577.28
01.03.2006,12049.71,2873204833.15
02.03.2006,12065.62,2873434190.26
03.03.2006,12061.28,2868681098.66
06.03.2006,12067.5,2909159114.98
07.03.2006,12050.36,2969939324.36
09.03.2006,12051.47,2992932490.35
10.03.2006,12053.97,3009210977.0
13.03.2006,12061.23,3019283046.0
14.03.2006,12063.14,3155272382.0
15.03.2006,12065.49,3175574876.0
16.03.2006,12068.18,3176513419.41
17.03.2006,12074.57,3155017282.53
20.03.2006,12082.28,3091287541.43
21.03.2006,12088.08,3138536001.61
22.03.2006,12090.94,3099363518.58
23.03.2006,12092.37,3072501297.04
24.03.2006,12095.1,3057571229.0
27.03.2006,12097.72,3174249342.0
28.03.2006,12103.14,3157275716.0
29.03.2006,12103.06,3147120218.0
30.03.2006,12107.78,3137816290.0
31.03.2006,12110.02,3132624562.0
03.04.2006,12114.37,3112144516.0
04.04.2006,12105.75,3130224214.0
05.04.2006,12109.03,3119524373.0
06.04.2006,12127.9,3108381807.0
07.04.2006,12127.05,3072325922.0
10.04.2006,12140.71,3034418598.0
11.04.2006,12133.93,3031757717.0
12.04.2006,12122.15,3029662748.0
13.04.2006,12108.49,3007523935.0
14.04.2006,12139.89,2995984044.65
17.04.2006,12132.39,2940684292.41
18.04.2006,12147.75,2960837000.79
19.04.2006,12149.7,2917780169.07
20.04.2006,12137.82,2934263223.72
21.04.2006,12137.84,2881650442.0
24.04.2006,12144.76,2865453167.0
25.04.2006,12157.05,2958995668.0
26.04.2006,12156.07,2977636330.0
27.04.2006,12146.99,2975259187.0
28.04.2006,12146.48,2968839886.34
02.05.2006,12156.96,2955474366.47
03.05.2006,12163.61,2978582985.73
04.05.2006,12164.9,2985542930.41
05.05.2006,12167.25,2984296980.08
06.05.2006,12172.77,2969433853.85
10.05.2006,12176.17,2935733915.78
11.05.2006,12185.48,2947744924.5
12.05.2006,12195.33,2973230569.08
15.05.2006,12214.36,3096659141.76
16.05.2006,12218.96,3140808413.02
17.05.2006,12214.66,3193728941.27
18.05.2006,12212.96,3182235851.49
19.05.2006,12217.18,3306762350.15
22.05.2006,12223.32,3232283760.28
23.05.2006,12224.35,3289673169.29
24.05.2006,12223.03,3314674740.18
25.05.2006,12222.42,3234937088.07
26.05.2006,12218.11,3284664464.25
29.05.2006,12226.46,3124842738.65
30.05.2006,12233.47,3111985418.49
31.05.2006,12231.38,2978996548.01
01.06.2006,12233.6,2963992672.89
02.06.2006,12233.83,2968788456.0
05.06.2006,12245.98,2941300061.0
06.06.2006,12256.86,2936573055.0
07.06.2006,12251.53,2915385550.0
08.06.2006,12249.32,2914293551.0
09.06.2006,12251.46,2949693370.0
13.06.2006,12260.64,2914255400.53
14.06.2006,12258.62,2982898744.07
15.06.2006,12253.77,2991126098.96
16.06.2006,12256.52,2946093088.95
19.06.2006,12263.81,2964007007.5
20.06.2006,12264.1,2974337087.47
21.06.2006,12264.67,3008545131.2
22.06.2006,12267.91,3006641470.76
23.06.2006,12264.22,3039520192.96
26.06.2006,12264.85,3023845541.8
27.06.2006,12252.11,3033333218.22
28.06.2006,12254.14,3032816581.84
29.06.2006,12246.87,3029693202.16
30.06.2006,12264.76,2999861596.84
03.07.2006,12270.79,2866818672.33
04.07.2006,12272.32,2846446505.55
05.07.2006,12268.27,2820791469.52
06.07.2006,12271.9,2746784368.14
07.07.2006,12267.1,2702670364.65
10.07.2006,12276.36,2781514701.05
11.07.2006,12282.92,2787934290.82
12.07.2006,12288.46,2794469286.77
13.07.2006,12296.34,2805615528.84
14.07.2006,12294.18,2794318732.33
17.07.2006,12300.94,2736283695.4
18.07.2006,12304.79,2739561978.04
19.07.2006,12307.52,2789149677.95
20.07.2006,12312.39,2825971819.96
21.07.2006,12312.66,2835196451.31
24.07.2006,12326.29,2823634697.54
25.07.2006,12333.02,2839880500.64
26.07.2006,12341.51,2871601668.5
27.07.2006,12343.39,2865090997.89
28.07.2006,12345.93,2860426848.25
31.07.2006,12354.51,2937341385.16
01.08.2006,12361.59,2930709336.34
02.08.2006,12368.52,2943875247.79
03.08.2006,12377.66,2944330432.3
04.08.2006,12385.68,2942537964.37
07.08.2006,12391.15,2923472499.53
08.08.2006,12392.75,2928768663.42
09.08.2006,12394.9,2926848025.59
10.08.2006,12398.8,2924788672.03
11.08.2006,12404.61,2910750579.11
14.08.2006,12416.45,2898900899.76
15.08.2006,12424.12,2917104302.82
16.08.2006,12438.33,2910522163.97
17.08.2006,12445.02,2901114728.68
18.08.2006,12448.48,2892061609.25
21.08.2006,12461.79,2804939732.43
22.08.2006,12457.96,2810416653.2
23.08.2006,12463.33,2817194947.11
24.08.2006,12465.43,2824279898.54
25.08.2006,12470.66,2828815814.0
28.08.2006,12476.1,2832734303.25
29.08.2006,12475.01,2842761884.61
30.08.2006,12477.14,2839707766.09
31.08.2006,12489.9,2837124626.81
01.09.2006,12492.41,2818746177.31
04.09.2006,12507.78,2904360033.68
05.09.2006,12515.72,2906845345.92
06.09.2006,12527.53,2908488783.11
07.09.2006,12514.11,2901154591.37
08.09.2006,12516.4,2900104964.32
11.09.2006,12519.91,2916094233.19
12.09.2006,12518.43,2928657207.29
13.09.2006,12524.62,2981612164.75
14.09.2006,12531.79,2989957178.16
15.09.2006,12536.82,3022174122.45
18.09.2006,12555.19,2926333354.81
19.09.2006,12557.52,2927216935.61
20.09.2006,12560.1,2914464985.17
21.09.2006,12565.44,2899851675.89
22.09.2006,12567.92,2898574567.66
25.09.2006,12577.01,2877616786.44
26.09.2006,12578.2,2891309821.92
27.09.2006,12581.83,2949657060.19
28.09.2006,12584.61,2968591802.85
29.09.2006,12588.26,2980470231.72
02.10.2006,12596.74,2873473361.83
03.10.2006,12602.95,2873933984.22
04.10.2006,12603.65,2877698327.26
05.10.2006,12605.06,2872300629.94
06.10.2006,12608.43,2880998487.05
09.10.2006,12611.65,2888531658.63
10.10.2006,12612.22,2897342920.02
11.10.2006,12613.53,2911633043.7
12.10.2006,12616.54,2897814770.37
13.10.2006,12621.21,2897572678.59
16.10.2006,12629.32,2888935947.79
17.10.2006,12633.24,2895106550.49
18.10.2006,12637.58,2889572954.89
19.10.2006,12637.33,2885856273.5
20.10.2006,12643.24,2846712128.43
23.10.2006,12649.19,2838709464.46
24.10.2006,12650.25,2837479643.13
25.10.2006,12650.68,2852169849.24
26.10.2006,12656.61,2851477524.26
27.10.2006,12657.31,2882901452.45
30.10.2006,12664.89,2874097911.95
31.10.2006,12667.46,2890137661.68
01.11.2006,12670.78,2900677821.14
02.11.2006,12673.11,2872272952.7
03.11.2006,12675.53,2874557496.98
07.11.2006,12684.69,2859331123.3
08.11.2006,12681.85,2871215994.38
09.11.2006,12675.83,2889486066.2
10.11.2006,12674.71,2885182086.29
13.11.2006,12681.27,2816808107.51
14.11.2006,12682.38,2820181940.3
15.11.2006,12674.22,2827779251.69
16.11.2006,12671.52,2827283473.99
17.11.2006,12674.11,2931785315.05
20.11.2006,12680.51,2912642612.0
21.11.2006,12677.64,2915142598.6
22.11.2006,12678.47,2924634795.32
23.11.2006,12684.55,2940635916.35
24.11.2006,12685.84,2932934297.61
27.11.2006,12693.12,2905696733.0
28.11.2006,12692.35,2906012576.0
29.11.2006,12691.38,2894418472.12
30.11.2006,12700.91,2886595855.0
01.12.2006,12706.38,2950711979.92
04.12.2006,12718.37,2855010569.09
05.12.2006,12719.61,2853407634.97
06.12.2006,12721.23,2858563175.84
07.12.2006,12722.65,2865907770.09
08.12.2006,12724.29,2831106914.61
11.12.2006,12732.45,2832739778.0
12.12.2006,12731.05,2837159107.84
13.12.2006,12724.86,2850406182.81
14.12.2006,12721.35,2848065329.2
15.12.2006,12716.35,2866635060.6
18.12.2006,12726.57,2875439151.25
19.12.2006,12728.01,2885415062.25
20.12.2006,12731.46,2904512303.95
21.12.2006,12733.87,2889962810.25
22.12.2006,12737.42,2888238124.22
25.12.2006,12740.0,2874814085.94
26.12.2006,12751.48,2905265862.19
27.12.2006,12763.84,2930842226.45
28.12.2006,12767.67,2902850083.19
29.12.2006,12782.3,2901402826.42
09.01.2007,12872.4,2919730726.94
10.01.2007,12859.14,2927935205.62
11.01.2007,12850.8,2926110827.34
12.01.2007,12852.25,3071529122.98
15.01.2007,12855.71,3077146684.48
16.01.2007,12849.04,3080687534.0
17.01.2007,12852.35,3065223170.93
18.01.2007,12850.49,3053642454.91
19.01.2007,12849.95,3040697246.85
22.01.2007,12857.75,3033637927.99
23.01.2007,12860.88,3040550955.44
24.01.2007,12863.44,3012912246.66
25.01.2007,12870.31,2995844341.16
26.01.2007,12870.44,2974832643.65
29.01.2007,12880.4,2947093848.84
30.01.2007,12882.92,2952412365.01
31.01.2007,12876.56,2954947677.69
01.02.2007,12886.43,2941734826.2
02.02.2007,12886.9,2922341937.81
05.02.2007,12901.8,2893959625.44
06.02.2007,12905.73,2890808291.07
07.02.2007,12911.96,2908193022.61
08.02.2007,12917.47,2908931919.0
09.02.2007,12927.34,2906870251.32
12.02.2007,12933.0,2867643764.0
13.02.2007,12934.45,2888430483.61
14.02.2007,12941.5,2888273232.12
15.02.2007,12955.48,2872571750.57
16.02.2007,12967.51,2770185091.93
19.02.2007,12973.68,2754956349.97
20.02.2007,12980.13,2762933297.03
21.02.2007,12982.67,2768750577.19
22.02.2007,12980.94,2770054710.52
26.02.2007,12992.17,2762631354.74
27.02.2007,13001.18,2785223391.81
28.02.2007,13000.77,2786361876.46
01.03.2007,13000.9,2781321654.42
02.03.2007,13000.82,2787906810.19
05.03.2007,13005.37,2801565886.12
06.03.2007,13007.2,2819642916.47
07.03.2007,13007.62,2832916305.99
09.03.2007,13016.93,2718688651.38
12.03.2007,13025.11,2712206227.09
13.03.2007,13030.79,2701471418.11
14.03.2007,13030.99,2687528942.32
15.03.2007,13034.36,2689570811.09
16.03.2007,13040.56,2658623886.68
19.03.2007,13050.0,2674344815.56
20.03.2007,13057.02,2675733484.92
21.03.2007,13058.86,2656803719.68
22.03.2007,13065.15,2658673967.25
23.03.2007,13068.28,2636929708.38
26.03.2007,13080.45,2564882076.98
27.03.2007,13084.01,2565990325.58
28.03.2007,13092.86,2560347399.86
29.03.2007,13099.66,2551233447.0
30.03.2007,13103.54,2552831932.77
02.04.2007,13111.1,2550918752.74
03.04.2007,13115.36,2554695307.36
04.04.2007,13120.49,2588624730.0
05.04.2007,13124.61,2554481000.86
06.04.2007,13127.6,2562006700.94
09.04.2007,13139.91,2563876706.87
10.04.2007,13145.4,2565264520.0
11.04.2007,13152.25,2578473737.23
12.04.2007,13167.58,2584016220.0
13.04.2007,13176.06,2608583886.0
16.04.2007,13173.14,2507176746.3
17.04.2007,13184.11,2531311077.33
18.04.2007,13181.82,2570015446.0
19.04.2007,13189.17,2596179852.8
20.04.2007,13196.92,2602309471.46
23.04.2007,13208.84,2589851785.0
24.04.2007,13212.94,2616864579.54
25.04.2007,13224.04,2622601904.12
26.04.2007,13225.0,2634983395.59
27.04.2007,13233.34,2640421740.01
28.04.2007,13235.47,2625488207.32
02.05.2007,13251.86,2595142087.63
03.05.2007,13253.19,2603320676.04
04.05.2007,13260.08,2601955830.33
07.05.2007,13271.72,2594496123.24
08.05.2007,13285.98,2599237234.77
10.05.2007,13292.11,2580744613.24
11.05.2007,13301.89,2594671382.84
14.05.2007,13307.68,2570615189.45
15.05.2007,13313.41,2571733767.98
16.05.2007,13315.58,2609535266.61
17.05.2007,13318.03,2610315107.19
18.05.2007,13325.92,2616791194.93
21.05.2007,13338.88,2572711352.34
22.05.2007,13348.4,2576808574.35
23.05.2007,13350.87,2559961164.33
24.05.2007,13359.23,2539989074.48
25.05.2007,13360.27,2540556187.88
28.05.2007,13370.51,2507524050.0
29.05.2007,13368.1,2530341290.29
30.05.2007,13377.25,2535948205.29
31.05.2007,13386.71,2529623892.83
01.06.2007,13382.84,2446227872.81
04.06.2007,13392.01,2440368326.0
05.06.2007,13403.87,2450830359.3
06.06.2007,13405.8,2434930086.9
07.06.2007,13402.53,2423561648.0
08.06.2007,13400.92,2415948849.0
09.06.2007,13407.1,2407126950.38
13.06.2007,13418.8,2399529712.65
14.06.2007,13417.43,2402098649.47
15.06.2007,13418.85,2389781178.69
18.06.2007,13429.81,2346242253.41
19.06.2007,13440.6,2353279831.22
20.06.2007,13442.9,2346935095.0
21.06.2007,13447.16,2346546985.76
22.06.2007,13448.84,2338720409.19
25.06.2007,13452.87,2336750938.79
26.06.2007,13457.03,2353446198.97
27.06.2007,13454.4,2266449786.33
28.06.2007,13456.15,2290393022.48
29.06.2007,13459.88,2300429769.91
02.07.2007,13469.99,2284525511.62
03.07.2007,13476.15,2305561867.01
04.07.2007,13479.01,2322141684.0
05.07.2007,13484.71,2335463670.51
06.07.2007,13487.61,2338048605.06
09.07.2007,13495.72,2339040058.92
10.07.2007,13498.75,2372790146.66
11.07.2007,13503.41,2397870882.0
12.07.2007,13506.34,2418362708.37
13.07.2007,13511.06,2440034874.21
16.07.2007,13511.03,2435414008.84
17.07.2007,13515.54,2453293663.21
18.07.2007,13526.52,2516325857.93
19.07.2007,13527.25,2548785904.94
20.07.2007,13531.11,2576153523.9
23.07.2007,13538.5,2516413274.75
24.07.2007,13539.57,2597845389.53
25.07.2007,13548.65,2623805178.0
26.07.2007,13551.38,2664104734.84
27.07.2007,13556.43,2696259196.07
30.07.2007,13548.74,2657545473.89
31.07.2007,13559.79,2699284994.72
01.08.2007,13549.83,2735269916.24
02.08.2007,13554.44,2765791919.9
03.08.2007,13559.89,2760483868.61
06.08.2007,13581.66,2773764160.85
07.08.2007,13580.18,2783222988.97
08.08.2007,13599.77,2797557912.02
09.08.2007,13591.98,2801200447.55
10.08.2007,13591.29,2754409483.14
13.08.2007,13598.76,2706921607.12
14.08.2007,13595.14,2705224040.88
15.08.2007,13595.5,2724994203.06
16.08.2007,13581.88,2727650645.09
17.08.2007,13585.48,2733125271.22
20.08.2007,13581.46,2664232585.14
21.08.2007,13565.49,2646259399.03
22.08.2007,13540.79,2628536063.49
23.08.2007,13525.63,2576055955.0
24.08.2007,13513.37,2547416516.12
27.08.2007,13508.33,2483064928.06
28.08.2007,13527.66,2489320667.72
29.08.2007,13529.5,2474845462.13
30.08.2007,13531.9,2464970329.74
31.08.2007,13538.7,2463952529.71
03.09.2007,13548.86,2459191408.79
04.09.2007,13543.88,2452913024.63
05.09.2007,13538.14,2436643332.33
06.09.2007,13526.03,2429810018.91
07.09.2007,13522.65,2410462806.14
10.09.2007,13523.92,2390331685.13
11.09.2007,13519.57,2389934941.27
12.09.2007,13518.34,2397249742.73
13.09.2007,13523.44,2389391616.47
14.09.2007,13500.63,2386317729.82
17.09.2007,13466.46,2367485970.7
18.09.2007,13444.0,2361020443.83
19.09.2007,13444.27,2357857368.05
20.09.2007,13422.61,2350749676.61
21.09.2007,13400.25,2317902947.0
24.09.2007,13410.91,2268512747.86
25.09.2007,13423.59,2329062420.35
26.09.2007,13425.42,2380043644.78
27.09.2007,13416.11,2346970801.13
28.09.2007,13443.2,2274705370.57
01.10.2007,13433.39,2173120039.8
02.10.2007,13436.79,2178563518.88
03.10.2007,13422.6,2186114826.64
04.10.2007,13442.22,2186562331.03
05.10.2007,13414.8,2182533556.37
08.10.2007,13461.8,2217846922.18
09.10.2007,13470.21,2239203914.52
10.10.2007,13471.89,2261635644.44
11.10.2007,13461.53,2269702676.22
12.10.2007,13507.18,2316630352.78
15.10.2007,13510.35,2343569571.55
16.10.2007,13523.49,2380633596.5
17.10.2007,13538.13,2431390705.63
18.10.2007,13548.82,2454854824.2
19.10.2007,13567.85,2501866052.09
22.10.2007,13577.65,2506769828.95
23.10.2007,13585.62,2530190659.06
24.10.2007,13588.95,2558678311.54
25.10.2007,13599.02,2570314878.08
26.10.2007,13607.21,2590616143.5
29.10.2007,13613.12,2534760377.0
30.10.2007,13624.29,2534131075.66
31.10.2007,13628.47,2548061542.92
01.11.2007,13613.68,2529733829.27
02.11.2007,13636.93,2519928273.76
06.11.2007,13650.1,2465024974.31
07.11.2007,13649.02,2470892512.71
08.11.2007,13622.54,2507566594.93
09.11.2007,13661.51,2525996166.2
12.11.2007,13662.05,2510150458.5
13.11.2007,13659.82,2539323326.66
14.11.2007,13661.66,2621679739.83
15.11.2007,13655.99,2654606213.65
16.11.2007,13685.3,2625275712.38
19.11.2007,13694.06,2590973746.74
20.11.2007,13694.24,2575995714.55
21.11.2007,13695.06,2587737647.62
22.11.2007,13688.62,2531918709.26
23.11.2007,13695.79,2516438712.67
26.11.2007,13681.51,2435796162.46
27.11.2007,13679.93,2400889058.21
28.11.2007,13682.79,2350402327.0
29.11.2007,13702.4,2310363060.49
30.11.2007,13720.33,2270813092.03
03.12.2007,13726.58,2225342358.5
04.12.2007,13728.4,2211435889.89
05.12.2007,13720.04,2201514276.14
06.12.2007,13705.35,2156116805.53
07.12.2007,13696.55,2128981432.56
10.12.2007,13720.66,2090251231.81
11.12.2007,13729.75,2092125391.58
12.12.2007,13717.63,2027535833.36
13.12.2007,13727.68,2035957245.02
14.12.2007,13714.12,2035432022.68
17.12.2007,13713.45,2039981446.0
18.12.2007,13713.52,2059560903.05
19.12.2007,13722.69,2050234243.99
20.12.2007,13725.07,2052446741.13
21.12.2007,13723.43,2060775375.73
24.12.2007,13731.09,2047840686.21
25.12.2007,13747.54,2071485301.43
26.12.2007,13757.91,2086978818.07
27.12.2007,13775.31,2109130480.01
28.12.2007,13793.27,2140577817.13
29.12.2007,13796.38,2155426023.95
09.01.2008,13915.81,2182971754.59
10.01.2008,13917.3,2230722033.44
11.01.2008,13918.75,2257541237.04
14.01.2008,13927.06,2239063701.84
15.01.2008,13925.5,2249122968.21
16.01.2008,13934.01,2255987898.18
17.01.2008,13950.16,2255365265.0
18.01.2008,13948.04,2238122832.0
21.01.2008,13944.33,2235253758.92
22.01.2008,13937.31,2242824761.0
23.01.2008,13945.09,2192124287.99
24.01.2008,13949.17,2144012210.0
25.01.2008,13952.92,2084072585.26
28.01.2008,13959.7,1965853194.11
29.01.2008,13958.43,1959032653.67
30.01.2008,13963.67,1964903234.19
31.01.2008,13962.68,1962858010.83
01.02.2008,13962.59,1916397124.0
04.02.2008,13972.24,1905708686.54
05.02.2008,13960.49,1924511352.86
06.02.2008,13962.86,1925509078.09
07.02.2008,13970.0,1917112171.82
08.02.2008,13976.92,1896791139.7
11.02.2008,13981.4,1902762685.7
12.02.2008,13979.78,1930771889.66
13.02.2008,13983.08,1977914615.09
14.02.2008,13987.54,1963753773.11
15.02.2008,13958.81,1953143913.93
18.02.2008,13977.0,1918746546.27
19.02.2008,13988.03,1931699966.98
20.02.2008,13994.26,1972966736.79
21.02.2008,13978.56,1976734350.88
22.02.2008,13974.11,1972671975.24
26.02.2008,13991.21,1933301691.98
27.02.2008,13976.93,1970610617.33
28.02.2008,13972.63,2021033213.67
29.02.2008,13978.57,2039924460.83
03.03.2008,13964.24,1988433566.65
04.03.2008,13963.89,2015805092.16
05.03.2008,13988.92,2082124179.45
06.03.2008,13984.53,2091354283.0
07.03.2008,13982.59,2100005572.72
11.03.2008,13994.73,2061681630.4
12.03.2008,13998.95,2076139150.97
13.03.2008,13997.07,2086968858.42
14.03.2008,14012.82,2074132483.21
17.03.2008,14006.51,2059228975.91
18.03.2008,14009.98,2063383356.0
19.03.2008,14014.54,2048065893.98
20.03.2008,14017.08,2073223565.39
21.03.2008,14007.96,2061801494.68
24.03.2008,14003.79,2037909011.77
25.03.2008,14006.64,2045423707.95
26.03.2008,14022.12,2058113276.4
27.03.2008,14039.8,2019689509.79
28.03.2008,14039.68,2019756611.88
31.03.2008,14072.0,1972689155.26
01.04.2008,14096.95,1999989519.1
02.04.2008,14103.63,2004998450.94
03.04.2008,14094.27,2011032871.42
04.04.2008,14101.39,2016468939.44
07.04.2008,14126.76,2004547113.0
08.04.2008,14128.29,2009140813.01
09.04.2008,14135.39,2015072851.12
10.04.2008,14145.97,2021118416.46
11.04.2008,14146.1,2023320572.41
14.04.2008,14175.61,1995655606.46
15.04.2008,14186.85,2006600159.64
16.04.2008,14188.48,1999419888.71
17.04.2008,14193.87,2059721099.23
18.04.2008,14191.52,2054760850.85
21.04.2008,14215.67,2081844381.07
22.04.2008,14228.96,2093094726.12
23.04.2008,14241.59,2119071536.38
24.04.2008,14251.36,2120336211.44
25.04.2008,14260.72,2125760345.0
28.04.2008,14281.69,2132675219.84
29.04.2008,14286.55,2116617269.48
30.04.2008,14299.32,2100507638.34
04.05.2008,14313.78,2117170946.37
05.05.2008,14327.52,2127084464.55
06.05.2008,14326.2,2115518770.88
07.05.2008,14332.73,2115104803.16
08.05.2008,14339.59,2096721265.43
12.05.2008,14367.64,2118322892.32
13.05.2008,14389.71,2155011899.65
14.05.2008,14389.52,2159127570.38
15.05.2008,14389.2,2199457919.02
16.05.2008,14392.84,2281900102.85
19.05.2008,14386.72,2245085823.56
20.05.2008,14402.54,2304517296.82
21.05.2008,14424.58,2441187574.92
22.05.2008,14431.39,2487840836.53
23.05.2008,14431.86,2538207023.15
26.05.2008,14441.16,2560587508.15
27.05.2008,14450.78,2589599668.91
28.05.2008,14458.44,2668652834.72
29.05.2008,14471.86,2691709940.38
30.05.2008,14491.06,2685628357.72
02.06.2008,14501.63,2637165917.83
03.06.2008,14514.43,2642953253.17
04.06.2008,14513.89,2619797402.36
05.06.2008,14516.79,2617059139.84
06.06.2008,14536.07,2618715058.32
07.06.2008,14537.67,2597284187.86
09.06.2008,14534.69,2588345852.81
10.06.2008,14532.77,2580553914.31
11.06.2008,14531.0,2570916383.4
16.06.2008,14545.51,2439004464.79
17.06.2008,14548.95,2423858690.18
18.06.2008,14555.19,2413599117.21
19.06.2008,14562.49,2399089839.28
20.06.2008,14564.07,2392425895.6
23.06.2008,14577.91,2367727445.12
24.06.2008,14605.43,2380731737.69
25.06.2008,14618.29,2365244283.66
26.06.2008,14607.21,2353852186.32
27.06.2008,14615.83,2298592766.31
30.06.2008,14655.47,2307126978.93
01.07.2008,14651.05,2306889877.96
02.07.2008,14643.79,2312069048.4
03.07.2008,14620.53,2292106747.6
04.07.2008,14645.1,2293081241.47
07.07.2008,14668.1,2272117924.26
08.07.2008,14652.65,2272845998.48
09.07.2008,14663.36,2267488852.22
10.07.2008,14695.52,2277564764.86
11.07.2008,14697.18,2273626339.94
14.07.2008,14702.04,2231132436.23
15.07.2008,14696.76,2235011133.65
16.07.2008,14687.2,2240719582.55
17.07.2008,14671.15,2236207237.94
18.07.2008,14678.27,2240187514.54
21.07.2008,14702.57,2183457981.32
22.07.2008,14711.23,2211714609.48
23.07.2008,14718.76,2208980502.04
24.07.2008,14720.02,2198739588.96
25.07.2008,14700.77,2179717541.51
28.07.2008,14715.47,2157750190.86
29.07.2008,14733.09,2154145642.46
30.07.2008,14735.97,2146349504.53
31.07.2008,14748.17,2207631234.0
01.08.2008,14752.19,2173441034.06
04.08.2008,14758.71,2131701983.84
05.08.2008,14752.48,2136104311.35
06.08.2008,14746.06,2138844496.17
07.08.2008,14746.97,2131373090.99
08.08.2008,14750.06,2130369873.73
11.08.2008,14733.62,2105630995.0
12.08.2008,14738.9,2109432531.37
13.08.2008,14741.61,2111808505.85
14.08.2008,14746.8,2098616352.08
15.08.2008,14696.67,2078588533.88
18.08.2008,14718.16,2068053143.16
19.08.2008,14720.13,2088854617.84
20.08.2008,14753.07,2090542161.08
21.08.2008,14731.8,2088749347.4
22.08.2008,14731.84,2074152121.82
25.08.2008,14741.36,2067019939.32
26.08.2008,14737.25,2070379465.12
27.08.2008,14739.67,2043592776.46
28.08.2008,14733.47,2050475912.65
29.08.2008,14744.53,2075701014.26
01.09.2008,14757.58,2065603323.16
02.09.2008,14728.7,2059989307.96
03.09.2008,14720.76,2039831004.88
04.09.2008,14714.15,2030299138.76
05.09.2008,14713.49,2011378299.57
08.09.2008,14712.42,2007457356.87
09.09.2008,14737.77,2019037035.02
10.09.2008,14691.27,2018066459.82
11.09.2008,14696.37,2009849533.61
12.09.2008,14678.69,1987921250.3
15.09.2008,14638.99,1976327559.23
16.09.2008,14618.81,1974366551.54
17.09.2008,14649.3,1972569523.54
18.09.2008,14648.21,1932289058.72
19.09.2008,14541.84,1898727739.16
22.09.2008,14472.79,1825984024.26
23.09.2008,14128.21,1778299947.08
24.09.2008,14083.29,1741835222.69
25.09.2008,13952.06,1745064982.77
26.09.2008,14034.15,1737676527.81
29.09.2008,13633.24,1586306616.46
30.09.2008,13979.27,1606524881.92
01.10.2008,13240.28,1511862879.22
02.10.2008,13439.02,1496819356.4
03.10.2008,12892.09,1406208340.93
06.10.2008,13208.32,1410722276.56
07.10.2008,13098.03,1398460982.0
08.10.2008,12535.6,1314308424.45
09.10.2008,12932.46,1316929623.52
10.10.2008,12940.95,1300442209.53
13.10.2008,12988.05,1226617963.72
14.10.2008,12122.81,1136699471.49
15.10.2008,12175.7,1147703728.05
16.10.2008,12269.66,1148439281.89
17.10.2008,11910.92,1108215938.64
20.10.2008,11967.67,1083440120.14
21.10.2008,12134.14,1097059393.14
22.10.2008,11934.32,1065862163.46
23.10.2008,11364.61,1009932165.46
24.10.2008,10882.27,952259752.02
27.10.2008,10807.51,919115603.02
28.10.2008,10493.48,890791914.43
29.10.2008,10605.74,893259587.45
30.10.2008,10818.53,898431506.68
31.10.2008,11015.87,910583921.5
01.11.2008,10986.81,901375255.67
05.11.2008,10879.47,880971269.8
06.11.2008,10718.84,869086784.93
07.11.2008,10780.2,868916028.09
10.11.2008,10949.38,868277426.0
11.11.2008,10775.54,856482037.79
12.11.2008,10933.05,885783474.15
13.11.2008,10928.63,878754416.21
14.11.2008,11035.73,885475332.85
17.11.2008,10879.24,862125962.03
18.11.2008,10719.82,848847049.52
19.11.2008,10827.78,855635043.7
20.11.2008,10893.7,858210032.32
21.11.2008,10582.23,828600426.06
24.11.2008,10502.7,809204478.29
25.11.2008,10504.08,790274183.04
26.11.2008,10552.46,794294883.59
27.11.2008,10673.13,801309546.74
28.11.2008,10474.13,776591108.7
01.12.2008,10270.54,756151835.05
02.12.2008,10280.44,756335430.14
03.12.2008,10327.21,746925961.5
04.12.2008,10613.68,766095230.39
05.12.2008,10500.4,752986136.13
08.12.2008,10346.66,737711851.37
09.12.2008,10629.03,756688295.44
10.12.2008,10507.19,748109568.14
11.12.2008,10403.64,739728547.21
12.12.2008,10373.7,736995444.76
15.12.2008,10371.11,729230151.86
16.12.2008,10199.98,717040295.49
17.12.2008,10272.37,717056653.7
18.12.2008,10360.37,707930686.48
19.12.2008,9404.03,640923922.38
22.12.2008,9547.46,665891149.97
23.12.2008,9619.71,669939228.48
24.12.2008,9879.28,683278987.33
25.12.2008,9899.53,683526667.63
26.12.2008,9881.58,681881229.85
29.12.2008,9398.6,646061206.19
30.12.2008,9405.79,647099311.01
31.12.2008,9726.63,671873145.06
11.01.2009,9790.43,668633456.55
12.01.2009,9646.99,659478840.69
13.01.2009,9644.97,658731669.02
14.01.2009,9652.29,658815999.16
15.01.2009,9627.4,657042944.13
16.01.2009,9610.12,633454298.91
19.01.2009,9669.46,628640331.01
20.01.2009,9537.01,619252636.37
21.01.2009,9646.19,627064354.23
22.01.2009,9599.77,619719550.82
23.01.2009,9637.83,620692558.56
26.01.2009,9667.19,621591876.88
27.01.2009,9676.81,621027115.86
28.01.2009,9704.64,637958861.57
29.01.2009,9525.15,625179544.74
30.01.2009,9840.0,638699311.43
02.02.2009,9837.82,631068674.62
03.02.2009,9955.1,638009547.91
04.02.2009,9872.47,605889776.08
05.02.2009,9662.2,581830045.94
06.02.2009,9674.76,582677022.98
09.02.2009,9723.66,584157355.56
10.02.2009,9743.41,585510288.32
11.02.2009,9592.61,572896485.82
12.02.2009,9758.07,575604120.55
13.02.2009,9656.47,570308852.04
16.02.2009,9669.12,560896092.35
17.02.2009,9646.21,561189310.15
18.02.2009,9634.18,560027716.0
19.02.2009,9611.37,557776187.34
20.02.2009,9737.12,565634881.24
24.02.2009,9673.06,561358123.23
25.02.2009,9700.34,560218649.79
26.02.2009,9814.01,564380125.96
27.02.2009,10045.75,577256721.09
02.03.2009,10019.58,573144193.59
03.03.2009,9970.61,570397027.02
04.03.2009,9995.59,575372547.43
05.03.2009,10046.05,579396243.08
06.03.2009,10118.22,581275853.82
10.03.2009,10301.44,591135208.73
11.03.2009,10280.8,591155540.14
12.03.2009,10306.64,589227973.44
13.03.2009,10291.54,588731916.8
16.03.2009,10256.54,585369301.18
17.03.2009,10303.38,588528377.56
18.03.2009,10588.81,608531805.24
19.03.2009,10651.08,612751884.62
20.03.2009,10913.18,629112547.08
23.03.2009,11005.69,636795758.42
24.03.2009,11221.84,651045376.12
25.03.2009,11211.66,653961531.73
26.03.2009,11408.73,665581195.31
27.03.2009,11435.78,675159206.47
30.03.2009,11606.58,690285596.82
31.03.2009,11607.58,696664463.46
01.04.2009,11657.38,720334057.39
02.04.2009,11721.73,730161133.76
03.04.2009,11777.69,734273689.59
06.04.2009,11731.21,728730053.78
07.04.2009,11743.77,729917641.05
08.04.2009,11587.14,723695976.32
09.04.2009,11657.45,729998360.98
10.04.2009,11585.58,729185722.27
13.04.2009,11689.51,733194119.01
14.04.2009,11711.01,736075278.76
15.04.2009,11713.51,737729316.66
16.04.2009,11767.77,740835606.54
17.04.2009,11752.37,741695873.05
20.04.2009,11875.66,747400016.38
21.04.2009,11875.47,747376372.34
22.04.2009,11880.31,748071482.39
23.04.2009,11921.79,748078998.1
24.04.2009,11926.96,752121992.24
27.04.2009,11897.9,746634091.15
28.04.2009,11852.31,744496557.81
29.04.2009,11912.72,752877271.07
30.04.2009,12215.05,775480586.03
04.05.2009,12010.99,771152366.09
05.05.2009,11987.03,772311727.66
06.05.2009,11975.16,769596957.66
07.05.2009,11996.83,767439276.57
08.05.2009,12017.19,776255767.78
12.05.2009,12085.09,780579388.97
13.05.2009,12095.93,781908736.67
14.05.2009,12119.96,780582076.33
15.05.2009,12202.56,801721272.83
18.05.2009,12185.34,804689585.98
19.05.2009,12255.67,811862620.04
20.05.2009,12247.68,811538272.15
21.05.2009,12228.99,804022549.08
22.05.2009,12259.43,802100127.53
25.05.2009,12248.82,808402224.95
26.05.2009,12260.17,805421186.17
27.05.2009,12306.71,804453436.26
28.05.2009,12258.91,798919451.13
29.05.2009,12295.07,806303982.7
01.06.2009,12358.17,809848013.87
02.06.2009,12360.43,809774992.61
03.06.2009,12430.64,814502470.66
04.06.2009,12497.99,826496545.15
05.06.2009,12566.12,840168893.8
08.06.2009,12571.68,837505704.95
09.06.2009,12596.82,835311869.33
10.06.2009,12579.53,841298192.99
11.06.2009,12592.22,848071647.53
15.06.2009,12624.39,855373351.36
16.06.2009,12709.86,863188843.61
17.06.2009,12760.29,862104498.39
18.06.2009,12717.42,860663518.65
19.06.2009,12561.17,850507313.24
22.06.2009,12523.8,855504305.05
23.06.2009,12470.77,852946242.51
24.06.2009,12508.7,869195681.72
25.06.2009,12529.04,878824157.9
26.06.2009,12606.91,902006162.15
29.06.2009,12629.88,899642404.1
30.06.2009,12660.95,902493329.56
01.07.2009,13627.67,967945667.84
02.07.2009,13613.31,961434058.8
03.07.2009,13652.91,965014205.97
06.07.2009,13652.5,965573491.91
07.07.2009,13688.53,968815002.19
08.07.2009,13759.98,976842954.51
09.07.2009,13772.73,978969068.9
10.07.2009,13762.31,976232587.45
13.07.2009,13776.2,976087166.44
14.07.2009,13818.32,982350718.74
15.07.2009,13815.81,976136934.49
16.07.2009,13429.79,942375799.93
17.07.2009,13417.56,928326046.42
20.07.2009,13507.86,931373190.49
21.07.2009,13536.76,931503115.79
22.07.2009,13580.9,932797092.9
23.07.2009,13519.9,927468980.72
24.07.2009,13531.33,926703105.53
27.07.2009,13568.56,927208933.11
28.07.2009,13604.47,928045881.0
29.07.2009,13606.28,925035219.0
30.07.2009,13630.01,928562186.0
31.07.2009,13668.18,943818484.24
03.08.2009,13689.98,943760226.99
04.08.2009,13709.59,934266814.5
05.08.2009,13745.18,934071663.15
06.08.2009,13871.36,952348765.74
07.08.2009,13884.8,958121987.55
10.08.2009,13936.35,965428198.19
11.08.2009,13986.13,973351358.79
12.08.2009,13994.5,973971965.98
13.08.2009,13951.72,976468166.45
14.08.2009,13957.37,989857513.87
17.08.2009,13993.12,988039377.15
18.08.2009,13697.34,988348810.68
19.08.2009,13617.83,984489517.62
20.08.2009,13643.99,989369518.16
21.08.2009,13592.56,981292665.2
24.08.2009,13631.84,984755296.74
25.08.2009,13635.86,977318876.42
26.08.2009,13631.3,972672710.87
27.08.2009,13664.21,973382816.04
28.08.2009,13682.39,975065765.54
31.08.2009,13695.28,976806218.66
01.09.2009,13711.4,979613012.62
02.09.2009,13710.83,982724763.31
03.09.2009,13728.2,982465937.45
04.09.2009,13739.53,981001528.29
07.09.2009,13786.58,978548348.08
08.09.2009,13825.68,982221273.04
09.09.2009,13876.33,983718609.67
10.09.2009,13928.8,974103995.22
11.09.2009,13948.35,977485346.14
14.09.2009,13988.59,974201414.61
15.09.2009,13880.0,962476708.54
16.09.2009,13900.81,960551628.08
17.09.2009,13942.38,962075058.28
18.09.2009,13982.05,970279779.43
21.09.2009,14056.9,969354115.92
22.09.2009,14111.73,972397860.96
23.09.2009,14139.4,969136621.66
24.09.2009,14139.24,963920955.85
25.09.2009,14173.9,954291889.92
28.09.2009,14251.94,968995046.87
29.09.2009,14300.26,975781584.56
30.09.2009,14329.71,973883967.18
01.10.2009,14391.32,978631486.65
02.10.2009,14415.97,984516093.34
05.10.2009,14479.28,981872348.95
06.10.2009,14544.09,998983918.3
07.10.2009,14621.49,1005332944.4
08.10.2009,14686.06,1002676344.61
09.10.2009,14774.07,1003615267.64
12.10.2009,14816.32,1008694182.41
13.10.2009,14848.46,994774308.79
14.10.2009,14868.27,996789223.45
15.10.2009,14929.3,1008416746.24
16.10.2009,14945.01,1008776164.67
19.10.2009,14969.83,1010778099.77
20.10.2009,15034.93,1039733509.42
21.10.2009,15083.66,1036680300.4
22.10.2009,15122.73,1042965953.32
23.10.2009,15125.68,1047364403.47
26.10.2009,15175.56,1055029434.26
27.10.2009,15134.68,1062507766.31
28.10.2009,15079.87,1063020063.94
29.10.2009,15078.04,1075578070.06
30.10.2009,15076.98,1108517042.22
02.11.2009,15142.03,1110911277.95
03.11.2009,15119.35,1104821501.14
05.11.2009,15171.59,1106560479.0
06.11.2009,15222.62,1097835071.85
09.11.2009,15252.05,1098653686.76
10.11.2009,15240.53,1091916418.05
11.11.2009,15313.2,1084586329.18
12.11.2009,15338.26,1081732658.59
13.11.2009,15344.82,1068009176.97
16.11.2009,15420.39,1080091566.36
17.11.2009,15449.68,1090564035.97
18.11.2009,15489.66,1091535115.68
19.11.2009,15498.14,1089612975.05
20.11.2009,15497.7,1101100857.66
23.11.2009,15508.71,1111729057.76
24.11.2009,15539.14,1118403747.02
25.11.2009,15571.87,1113049207.49
26.11.2009,15539.44,1121805002.02
27.11.2009,15498.49,1119604690.24
30.11.2009,15484.78,1128322822.56
01.12.2009,15489.01,1135218965.99
02.12.2009,15508.23,1139595187.22
03.12.2009,15516.52,1114897301.9
04.12.2009,15533.23,1114103771.97
07.12.2009,15539.0,1116565783.48
08.12.2009,15556.28,1108895881.23
09.12.2009,15606.36,1130616191.2
10.12.2009,15586.54,1146085935.33
11.12.2009,15601.75,1152596496.36
14.12.2009,15632.52,1155538695.38
15.12.2009,15649.41,1152863712.42
16.12.2009,15657.67,1154985578.37
17.12.2009,15648.87,1151369667.27
18.12.2009,15566.93,1136748422.03
21.12.2009,15601.74,1141709529.42
22.12.2009,15602.31,1139393377.64
23.12.2009,15594.81,1138922982.06
24.12.2009,15548.02,1131750625.83
25.12.2009,15574.85,1133318725.35
28.12.2009,15627.5,1135383674.45
29.12.2009,15480.34,1142024298.33
30.12.2009,15639.91,1162739460.98
31.12.2009,15676.5,1173630716.56
11.01.2010,15748.35,1183370158.56
12.01.2010,15766.73,1178350591.68
13.01.2010,15783.49,1161160665.06
14.01.2010,15849.54,1182550416.31
15.01.2010,15824.94,1182518041.55
18.01.2010,15865.92,1177186191.5
19.01.2010,15903.01,1180072247.69
20.01.2010,15964.46,1181909051.41
21.01.2010,16032.44,1184270389.69
22.01.2010,16027.72,1191841504.63
25.01.2010,16031.94,1197621199.62
26.01.2010,16024.53,1205585333.01
27.01.2010,16018.04,1191754755.28
28.01.2010,16039.3,1204880378.38
29.01.2010,16063.55,1209138415.17
01.02.2010,16052.47,1192259874.08
02.02.2010,16070.53,1203085971.84
03.02.2010,16095.82,1198756108.59
04.02.2010,16109.04,1176436377.56
05.02.2010,16075.46,1162131294.64
08.02.2010,16106.25,1183123165.98
09.02.2010,16109.91,1219622910.5
10.02.2010,16119.22,1236410511.97
11.02.2010,16139.61,1245260196.55
12.02.2010,16143.66,1244464799.25
15.02.2010,16166.45,1236338789.63
16.02.2010,16207.62,1232377623.15
17.02.2010,16258.43,1253102473.13
18.02.2010,16295.02,1226380928.47
19.02.2010,16338.99,1224927805.0
24.02.2010,16345.36,1230075196.14
25.02.2010,16381.42,1235825938.8
26.02.2010,16408.69,1243612393.22
27.02.2010,16418.3,1244305266.75
01.03.2010,16453.2,1243878336.89
02.03.2010,16533.13,1253220961.3
03.03.2010,16613.11,1257580179.59
04.03.2010,16646.4,1256201355.86
05.03.2010,16688.01,1264295047.52
09.03.2010,16693.37,1271245398.0
10.03.2010,16773.67,1275136986.41
11.03.2010,16838.55,1290210351.73
12.03.2010,16891.31,1297770638.29
15.03.2010,16914.09,1313623733.47
16.03.2010,16891.98,1308087005.35
17.03.2010,16934.95,1326741204.98
18.03.2010,16950.81,1331031693.66
19.03.2010,16957.4,1324577377.6
22.03.2010,16981.1,1343746130.18
23.03.2010,16988.49,1394690028.72
24.03.2010,16984.27,1404600027.7
25.03.2010,17002.11,1412120964.91
26.03.2010,17021.07,1435981996.85
29.03.2010,17040.49,1431411123.94
30.03.2010,17025.85,1398940908.61
31.03.2010,17060.52,1398921421.44
01.04.2010,17050.96,1390880098.72
02.04.2010,17057.73,1400765741.05
05.04.2010,17081.79,1405796839.61
06.04.2010,17101.17,1416370057.14
07.04.2010,17099.35,1428950055.67
08.04.2010,17120.18,1448802986.79
09.04.2010,17133.16,1495800130.26
12.04.2010,17149.58,1508284822.56
13.04.2010,17157.5,1478795028.03
14.04.2010,17159.33,1494984565.73
15.04.2010,17152.2,1509153461.16
16.04.2010,17167.14,1495871423.57
19.04.2010,17157.61,1530861977.48
20.04.2010,17156.39,1617394168.83
21.04.2010,17151.75,1695621891.45
22.04.2010,17147.21,1676471044.07
23.04.2010,17120.21,1697182938.78
26.04.2010,17110.87,1731682417.44
27.04.2010,17076.42,1734701237.87
28.04.2010,17031.11,1726049209.2
29.04.2010,17053.9,1763612649.68
30.04.2010,17102.59,1789805979.34
04.05.2010,17113.4,1783507766.81
05.05.2010,17083.73,1771847803.97
06.05.2010,17065.37,1818414456.11
07.05.2010,17004.27,1847088164.18
11.05.2010,16980.26,1876856253.48
12.05.2010,16992.9,1883385177.66
13.05.2010,17033.84,1859391871.5
14.05.2010,17039.7,1815856161.0
17.05.2010,17071.87,1794048267.21
18.05.2010,17071.72,1809249256.03
19.05.2010,17065.87,1814182676.05
20.05.2010,17012.41,1788224568.15
21.05.2010,17000.97,1795591402.09
24.05.2010,17000.36,1813278590.64
25.05.2010,17002.43,1810014772.74
26.05.2010,16997.6,1809799522.8
27.05.2010,17006.97,1853050014.84
28.05.2010,17013.73,1834415381.13
31.05.2010,17043.81,1777976655.69
01.06.2010,17062.38,1752064726.72
02.06.2010,17080.21,1750257246.94
03.06.2010,17130.34,1760210772.28
04.06.2010,17139.57,1757334928.72
07.06.2010,17138.13,1732837993.64
08.06.2010,17139.66,1787755934.89
09.06.2010,17193.94,1810195570.95
10.06.2010,17231.43,1823304113.87
11.06.2010,17238.3,1826081032.15
15.06.2010,17282.5,1815335856.94
16.06.2010,17300.55,1818929059.78
17.06.2010,17325.99,1797876803.75
18.06.2010,17346.03,1786363723.43
21.06.2010,17376.61,1806178342.48
22.06.2010,17376.16,1780392037.52
23.06.2010,17369.43,1768599761.41
24.06.2010,17380.86,1782765136.24
25.06.2010,17388.76,1795184674.97
28.06.2010,17398.81,1809750849.93
29.06.2010,17398.6,1844998815.44
30.06.2010,17414.81,1844846307.23
01.07.2010,17401.08,1884306168.09
02.07.2010,17407.7,1882643431.46
05.07.2010,17426.95,1894368383.31
06.07.2010,17441.82,1916543523.24
07.07.2010,17442.35,1914776527.04
08.07.2010,17452.86,1890835474.27
09.07.2010,17471.0,1889265726.34
12.07.2010,17496.28,1900756513.72
13.07.2010,17517.38,1903189733.0
14.07.2010,17524.57,1915230792.49
15.07.2010,17516.7,1923616106.95
16.07.2010,17561.71,1945243888.06
19.07.2010,17572.0,1957666853.25
20.07.2010,17580.66,2001127176.78
21.07.2010,17613.77,2003674081.09
22.07.2010,17615.05,2027468831.26
23.07.2010,17629.96,2035392411.01
26.07.2010,17643.37,2036109007.11
27.07.2010,17661.57,2041665181.97
28.07.2010,17666.93,2078140637.27
29.07.2010,17689.53,2106200256.35
30.07.2010,17696.19,2127264009.89
02.08.2010,17709.99,2139866068.22
03.08.2010,17712.88,2141194509.89
04.08.2010,17720.36,2109078995.22
05.08.2010,17731.41,2108019489.21
06.08.2010,17739.98,2105830423.98
09.08.2010,17736.44,2093912937.41
10.08.2010,17765.83,2101610069.74
11.08.2010,17779.96,2106776103.62
12.08.2010,17764.71,2121185856.41
13.08.2010,17766.7,2161604059.24
16.08.2010,17767.66,2161456932.03
17.08.2010,17781.08,2167755487.81
18.08.2010,17801.57,2174683705.51
19.08.2010,17804.34,2154395118.27
20.08.2010,17798.61,2144585745.2
23.08.2010,17794.66,2139554563.5
24.08.2010,17811.62,2155414437.18
25.08.2010,17794.81,2157404426.88
26.08.2010,17790.06,2172866464.74
27.08.2010,17790.99,2176084047.31
30.08.2010,17805.47,2171511825.7
31.08.2010,17806.45,2155627556.78
01.09.2010,17812.13,2165092217.96
02.09.2010,17814.57,2181994276.71
03.09.2010,17823.47,2174612539.52
06.09.2010,17830.46,2141632996.89
07.09.2010,17851.99,2156945033.4
08.09.2010,17842.5,2160745940.16
09.09.2010,17849.81,2174129236.52
10.09.2010,17852.06,2180017952.42
13.09.2010,17867.48,2186740553.87
14.09.2010,17877.72,2180355176.76
15.09.2010,17879.98,2181573603.84
16.09.2010,17876.84,2177544059.16
17.09.2010,17874.92,2179895860.44
20.09.2010,17896.25,2202389867.05
21.09.2010,17905.53,2190214504.38
22.09.2010,17913.48,2193979277.58
23.09.2010,17916.42,2181290906.84
24.09.2010,17922.02,2203619567.16
27.09.2010,17936.9,2212512857.66
28.09.2010,17944.64,2203882747.42
29.09.2010,17942.35,2206540904.16
30.09.2010,17955.8,2217257108.35
01.10.2010,17958.8,2219836162.46
04.10.2010,17971.76,2219760330.09
05.10.2010,17972.76,2205733025.55
06.10.2010,17980.81,2225707736.13
07.10.2010,18001.15,2236957799.67
08.10.2010,18019.62,2240829296.39
11.10.2010,18038.7,2240410133.5
12.10.2010,18031.93,2257364329.85
13.10.2010,18046.83,2257098116.97
14.10.2010,18065.8,2273042701.71
15.10.2010,18070.52,2283570672.77
18.10.2010,18084.98,2309258362.96
19.10.2010,18088.72,2323759398.23
20.10.2010,18089.54,2348560661.81
21.10.2010,18104.81,2407949447.88
22.10.2010,18100.04,2419019997.17
25.10.2010,18113.04,2404313359.97
26.10.2010,18127.78,2410904047.47
27.10.2010,18128.33,2403932471.59
28.10.2010,18135.44,2413308571.09
29.10.2010,18111.71,2479939077.04
01.11.2010,18140.87,2498004846.36
02.11.2010,18149.95,2507182438.14
03.11.2010,18155.88,2505206335.04
08.11.2010,18173.91,2500158711.89
09.11.2010,18194.6,2459666494.4
10.11.2010,18199.66,2419475374.1
11.11.2010,18193.83,2406455327.09
12.11.2010,18202.83,2396426480.35
13.11.2010,18208.94,2401491125.96
15.11.2010,18216.18,2461101313.66
16.11.2010,18209.87,2478346708.55
17.11.2010,18213.65,2443929080.84
18.11.2010,18218.75,2494200246.6
19.11.2010,18225.84,2512125927.71
22.11.2010,18254.89,2499937982.75
23.11.2010,18242.22,2462413738.79
24.11.2010,18246.83,2444332306.56
25.11.2010,18255.98,2452814300.93
26.11.2010,18262.5,2429900193.83
29.11.2010,18270.72,2400465853.92
30.11.2010,18274.23,2389223465.39
01.12.2010,18271.07,2375240478.47
02.12.2010,18277.36,2379480518.92
03.12.2010,18290.24,2370612553.69
06.12.2010,18308.47,2348420634.13
07.12.2010,18315.51,2309869697.14
08.12.2010,18313.13,2312715460.61
09.12.2010,18315.88,2344612855.48
10.12.2010,18317.98,2395729108.15
13.12.2010,18331.77,2405327462.73
14.12.2010,18332.88,2417282574.42
15.12.2010,18333.36,2369930068.11
16.12.2010,18338.88,2370972621.56
17.12.2010,18346.31,2389763045.38
20.12.2010,18356.87,2412101786.6
21.12.2010,18363.19,2448698678.38
22.12.2010,18367.42,2474516469.51
23.12.2010,18368.01,2530437760.33
24.12.2010,18371.46,2540332590.06
27.12.2010,18341.05,2566915800.81
28.12.2010,18352.02,2634085249.99
29.12.2010,18351.74,2701893780.79
30.12.2010,18363.51,2760597507.44
31.12.2010,18367.32,2783177963.53
11.01.2011,18430.06,2863555977.23
12.01.2011,18428.59,2831115657.21
13.01.2011,18435.33,2859453114.4
14.01.2011,18446.56,2796149368.92
17.01.2011,18463.0,2900899526.17
18.01.2011,18468.51,2938451803.35
19.01.2011,18477.83,2966386502.93
20.01.2011,18484.94,3075476394.08
21.01.2011,18490.92,3138969506.79
24.01.2011,18505.0,3265510838.93
25.01.2011,18512.4,3286488150.0
26.01.2011,18520.22,3335024334.17
27.01.2011,18528.41,3413351533.93
28.01.2011,18536.21,3348732986.33
31.01.2011,18544.07,3330458370.09
01.02.2011,18556.71,3348003356.83
02.02.2011,18566.38,3395233602.06
03.02.2011,18567.57,3427269297.03
04.02.2011,18584.85,3428569822.46
07.02.2011,18586.55,3474117980.52
08.02.2011,18588.77,3530252886.35
09.02.2011,18600.0,3516381331.4
10.02.2011,18614.34,3545829505.42
11.02.2011,18624.21,3575801222.54
14.02.2011,18669.68,3681990646.36
15.02.2011,18679.5,3719784421.97
16.02.2011,18687.43,3724481078.58
17.02.2011,18698.7,3751761307.25
18.02.2011,18719.9,3768605337.98
21.02.2011,18727.0,3849992970.81
22.02.2011,18730.66,3856385827.93
24.02.2011,18756.07,3881520881.65
25.02.2011,18762.35,3878572592.61
28.02.2011,18763.45,3887624025.39
01.03.2011,18783.04,3782836317.79
02.03.2011,18794.79,3749799553.87
03.03.2011,18803.82,3785419002.54
04.03.2011,18820.73,3809321782.11
05.03.2011,18825.45,3779747047.38
09.03.2011,18844.66,3795164505.28
10.03.2011,18860.94,3837059923.29
11.03.2011,18860.56,3890559828.73
14.03.2011,18876.88,3944250950.75
15.03.2011,18877.09,4013730902.95
16.03.2011,18878.68,4018911661.22
17.03.2011,18888.93,4395235505.48
18.03.2011,18893.83,4493281518.42
21.03.2011,18904.17,4490767055.31
22.03.2011,18925.75,4489814427.07
23.03.2011,18933.4,4434790447.21
24.03.2011,18953.23,4393272731.75
25.03.2011,18970.43,4374402522.22
28.03.2011,18996.82,4310923675.17
29.03.2011,19003.11,4225474064.66
30.03.2011,19011.48,4251985321.26
31.03.2011,19032.32,4312842191.29
01.04.2011,19071.89,4326337110.53
04.04.2011,19105.32,4363984048.57
05.04.2011,19122.24,4324760481.28
06.04.2011,19133.87,4340250591.19
07.04.2011,19149.0,4328970133.37
08.04.2011,19164.59,4403198579.5
11.04.2011,19188.35,4455196215.47
12.04.2011,19195.77,4491257823.15
13.04.2011,19188.51,4524061981.73
14.04.2011,19196.5,4674173489.24
15.04.2011,19195.48,4739217383.53
18.04.2011,19210.9,4867176094.74
19.04.2011,19209.13,4917415874.57
20.04.2011,19213.26,5028604829.38
21.04.2011,19210.6,5066358729.9
22.04.2011,19230.16,5008517796.64
25.04.2011,19252.81,5066058532.32
26.04.2011,19252.5,5115934195.68
27.04.2011,19253.03,5127627920.42
28.04.2011,19261.41,5180594832.54
29.04.2011,19264.46,5240376547.41
03.05.2011,19275.85,5291641263.0
04.05.2011,19272.2,5302638023.39
05.05.2011,19275.5,5421846352.5
06.05.2011,19279.56,5553440230.49
10.05.2011,19297.64,5609895674.43
11.05.2011,19293.07,5599066401.31
12.05.2011,19301.14,5582173630.75
13.05.2011,19300.45,5622435934.18
16.05.2011,19311.04,5651717340.26
17.05.2011,19319.22,5660869296.29
18.05.2011,19329.72,5713344475.41
19.05.2011,19339.41,5745536580.09
20.05.2011,19341.38,5695549473.49
23.05.2011,19352.77,5678275746.04
24.05.2011,19349.2,5680896159.28
25.05.2011,19342.26,5725349355.47
26.05.2011,19352.78,5716735129.36
27.05.2011,19355.93,5695851877.85
30.05.2011,19372.9,5688289089.8
31.05.2011,19386.43,5615742624.19
01.06.2011,19378.63,5556190294.02
02.06.2011,19384.88,5506185660.25
03.06.2011,19396.57,5499198950.89
06.06.2011,19413.65,5494310112.82
07.06.2011,19422.58,5489567160.16
08.06.2011,19426.04,5490954555.28
09.06.2011,19437.73,5481420450.55
10.06.2011,19439.1,5479845148.79
14.06.2011,19473.52,5451983264.5
15.06.2011,19479.78,5451581897.58
16.06.2011,19489.9,5460822288.76
17.06.2011,19494.78,5531896877.83
20.06.2011,19504.79,5564513871.62
21.06.2011,19518.27,5582020329.64
22.06.2011,19513.17,5590698386.23
23.06.2011,19525.03,5593371361.59
24.06.2011,19528.12,5574932163.75
27.06.2011,19544.34,5594345197.44
28.06.2011,19546.6,5667045711.65
29.06.2011,19551.08,5671148102.69
30.06.2011,19579.82,5688245251.81
01.07.2011,19579.77,5664276233.6
04.07.2011,19607.5,5665704261.07
05.07.2011,19612.32,5673092972.98
06.07.2011,19618.72,5681331304.6
07.07.2011,19638.91,5675152930.54
08.07.2011,19642.29,5676277698.88
11.07.2011,19657.98,5676212094.39
12.07.2011,19666.7,5668662614.49
13.07.2011,19669.37,5715296823.6
14.07.2011,19673.07,5746620782.81
15.07.2011,19688.22,5737975730.52
18.07.2011,19709.66,5750256795.21
19.07.2011,19714.89,5781429764.27
20.07.2011,19724.1,5809459985.98
21.07.2011,19732.16,5820057029.71
22.07.2011,19739.93,5833512424.82
25.07.2011,19746.85,5830866068.7
26.07.2011,19753.33,5842350424.79
27.07.2011,19769.67,5871064612.95
28.07.2011,19790.81,5877281539.17
29.07.2011,19804.84,5936360010.21
01.08.2011,19801.12,6012389269.09
02.08.2011,19858.21,6057070058.28
03.08.2011,19862.28,6013638829.74
04.08.2011,19862.56,6005635231.29
05.08.2011,19845.14,6051484738.1
08.08.2011,19821.73,6200425242.06
09.08.2011,19713.5,6222733471.59
10.08.2011,19723.48,6264670369.46
11.08.2011,19682.45,6080326823.53
12.08.2011,19622.66,5922576057.62
15.08.2011,19629.82,5795670378.11
16.08.2011,19659.9,5649080330.22
17.08.2011,19651.59,5440143398.47
18.08.2011,19681.3,5405634982.53
19.08.2011,19674.34,5397047593.35
22.08.2011,19688.16,5364900573.92
23.08.2011,19707.49,5384204646.74
24.08.2011,19718.96,5352261738.72
25.08.2011,19710.71,5336869505.08
26.08.2011,19704.87,5323667447.16
29.08.2011,19710.72,5333628205.18
30.08.2011,19745.43,5336626547.12
31.08.2011,19773.51,5283602787.29
01.09.2011,19778.64,5275088381.26
02.09.2011,19773.04,5255653715.91
05.09.2011,19783.69,5292127107.31
06.09.2011,19788.51,5366256061.17
07.09.2011,19803.37,5411487687.12
08.09.2011,19804.75,5443987655.73
09.09.2011,19821.09,5408722835.49
12.09.2011,19815.54,5462134506.41
13.09.2011,19820.42,5481741872.05
14.09.2011,19814.73,5530897946.03
15.09.2011,19808.64,5530401883.59
16.09.2011,19823.0,5544055602.65
19.09.2011,19806.25,5576286395.27
20.09.2011,19802.26,5560107207.26
21.09.2011,19799.97,5536130352.68
22.09.2011,19682.85,5518242976.91
23.09.2011,19569.84,5499384277.33
26.09.2011,19551.01,5454281817.2
27.09.2011,19601.55,5343065237.73
28.09.2011,19583.67,5138172763.83
29.09.2011,19587.83,5050619684.05
30.09.2011,19580.99,4990442378.11
03.10.2011,19417.29,4917828405.65
04.10.2011,19304.88,4877770516.55
05.10.2011,19318.62,4629345486.32
06.10.2011,19336.07,4514841388.96
07.10.2011,19366.51,4399142311.46
10.10.2011,19409.63,4351285319.98
11.10.2011,19427.23,4272686343.65
12.10.2011,19451.26,4249693993.16
13.10.2011,19451.28,4291114013.86
14.10.2011,19455.9,4285644184.02
17.10.2011,19463.6,4295389343.98
18.10.2011,19429.39,4257458805.7
19.10.2011,19460.65,4267025254.17
20.10.2011,19439.62,4260516690.53
21.10.2011,19481.98,4259314441.86
24.10.2011,19542.31,4267854059.67
25.10.2011,19579.77,4233296603.62
26.10.2011,19600.89,4176552121.27
27.10.2011,19704.15,4165886554.32
28.10.2011,19731.93,4190431444.34
31.10.2011,19697.5,4158259993.8
01.11.2011,19661.82,4169576140.65
02.11.2011,19693.08,4145827128.77
03.11.2011,19711.77,4178444658.08
07.11.2011,19728.54,4157148721.8
08.11.2011,19743.51,4146232999.43
09.11.2011,19687.56,4138730081.31
10.11.2011,19672.93,4110356509.84
11.11.2011,19723.79,4106790837.55
14.11.2011,19752.9,4091270038.26
15.11.2011,19679.33,4055411398.7
16.11.2011,19711.85,4056919428.58
17.11.2011,19720.01,4043362026.12
18.11.2011,19730.06,4013582358.91
21.11.2011,19735.12,4008680316.43
22.11.2011,19728.89,3998759780.41
23.11.2011,19674.93,4000745945.91
24.11.2011,19674.21,3995097262.29
25.11.2011,19661.91,4007625863.34
28.11.2011,19680.43,4026401481.56
29.11.2011,19655.04,4005801430.24
30.11.2011,19713.11,3990055202.56
01.12.2011,19717.88,3986741183.2
02.12.2011,19726.42,3975456047.35
05.12.2011,19742.88,3998848846.94
06.12.2011,19750.72,3947965992.95
07.12.2011,19761.06,3902835111.99
08.12.2011,19759.88,3856570999.46
09.12.2011,19760.37,3865183690.9
12.12.2011,19788.01,3893377301.17
13.12.2011,19788.01,3834416018.16
14.12.2011,19780.47,3825453345.89
15.12.2011,19782.82,3792344789.13
16.12.2011,19802.34,3808112381.93
19.12.2011,19811.27,3800256441.05
20.12.2011,19835.25,3786830281.14
21.12.2011,19859.89,3789518498.45
22.12.2011,19833.2,3792362780.47
23.12.2011,19829.81,3800439966.64
26.12.2011,19872.85,3814683438.74
27.12.2011,19873.3,3797517573.2
28.12.2011,19868.74,3777247708.92
29.12.2011,19868.06,3802258027.02
30.12.2011,19926.27,3835845137.89
10.01.2012,20047.82,3909649104.73
11.01.2012,20031.84,3906061712.77
12.01.2012,20030.78,3882135102.92
13.01.2012,20025.71,3901676348.85
16.01.2012,20037.08,3920134621.64
17.01.2012,20071.89,3978386313.95
18.01.2012,20094.8,4000930759.22
19.01.2012,20104.67,4015373334.76
20.01.2012,20132.46,4037315135.13
23.01.2012,20204.35,4077116590.52
24.01.2012,20217.31,4109624361.23
25.01.2012,20219.19,4109031793.89
26.01.2012,20232.25,4117418670.25
27.01.2012,20288.86,4144556190.98
30.01.2012,20299.68,4105710551.2
31.01.2012,20316.45,4109256405.56
01.02.2012,20327.21,4141146993.5
02.02.2012,20326.71,4131811906.9
03.02.2012,20362.44,4139071462.98
06.02.2012,20402.07,4149390992.97
07.02.2012,20431.19,4100113577.12
08.02.2012,20431.61,4081729868.93
09.02.2012,20390.47,4062848026.45
10.02.2012,20423.66,4060339208.4
13.02.2012,20443.3,4041567549.32
14.02.2012,20473.6,4080693504.64
15.02.2012,20491.13,4067041876.89
16.02.2012,20477.26,4071798910.89
17.02.2012,20538.33,4071180619.46
20.02.2012,20544.33,4071674043.76
21.02.2012,20527.33,4063761494.62
22.02.2012,20556.53,4062378850.8
24.02.2012,20604.22,4100610094.62
27.02.2012,20606.56,4104722494.83
28.02.2012,20604.42,4125283235.3
29.02.2012,20619.02,4125986028.95
01.03.2012,20619.62,4139656222.55
02.03.2012,20650.1,4147842598.38
05.03.2012,20676.4,4147590076.28
06.03.2012,20651.52,4138064331.24
07.03.2012,20676.59,4121196191.47
11.03.2012,20747.94,4133070637.63
12.03.2012,20719.59,4118044206.9
13.03.2012,20739.76,4147925571.74
14.03.2012,20776.77,4192178663.25
15.03.2012,20762.1,4200107693.68
16.03.2012,20795.21,4205823744.98
19.03.2012,20786.5,4205338473.24
20.03.2012,20772.5,4201542899.64
21.03.2012,20780.72,4208018419.06
22.03.2012,20757.4,4236566875.32
23.03.2012,20764.68,4242877583.62
26.03.2012,20798.45,4253192969.57
27.03.2012,20795.66,4238404760.89
28.03.2012,20766.81,4210910171.19
29.03.2012,20773.29,4254607750.87
30.03.2012,20790.65,4275628944.42
02.04.2012,20813.64,4308504950.29
03.04.2012,20822.44,4337836897.27
04.04.2012,20818.25,4326533019.59
05.04.2012,20817.14,4319629946.0
06.04.2012,20817.32,4344654314.54
09.04.2012,20818.59,4353477848.95
10.04.2012,20815.39,4359658850.96
11.04.2012,20811.03,4366596938.22
12.04.2012,20838.9,4362607192.29
13.04.2012,20822.31,4354075867.39
16.04.2012,20814.74,4349750435.93
17.04.2012,20849.22,4366426850.49
18.04.2012,20850.33,4377877145.26
19.04.2012,20851.1,4371031792.77
20.04.2012,20880.87,4387286094.91
23.04.2012,20856.93,4387686893.46
24.04.2012,20862.77,4398759434.97
25.04.2012,20876.72,4407665084.29
26.04.2012,20863.1,4406905394.31
27.04.2012,20865.0,4419226054.45
28.04.2012,20889.14,4421359492.33
02.05.2012,20895.87,4432114791.81
03.05.2012,20915.87,4410914606.87
04.05.2012,20911.55,4407717205.97
05.05.2012,20918.14,4436346923.38
10.05.2012,20913.99,4466883857.79
11.05.2012,20924.07,4478604503.82
12.05.2012,20923.91,4474488628.17
14.05.2012,20872.08,4466132558.93
15.05.2012,20852.12,4470029253.07
16.05.2012,20780.11,4497804392.88
17.05.2012,20726.03,4461345630.59
18.05.2012,20690.62,4456752162.26
21.05.2012,20726.45,4446941663.07
22.05.2012,20715.77,4308276111.1
23.05.2012,20718.01,4267862030.77
24.05.2012,20740.14,4246159863.35
25.05.2012,20731.41,4238654900.29
28.05.2012,20750.53,4228857962.48
29.05.2012,20763.88,4229986254.97
30.05.2012,20808.17,4217601604.44
31.05.2012,20883.35,4212275821.35
01.06.2012,20884.92,4223281681.22
04.06.2012,20928.67,4217608677.36
05.06.2012,20937.29,4239069578.2
06.06.2012,20943.14,4237832660.23
07.06.2012,20945.69,4231134642.22
08.06.2012,20880.78,4220529734.57
09.06.2012,20923.11,4223245106.31
13.06.2012,20941.16,4225199361.43
14.06.2012,20941.76,4213323562.16
15.06.2012,20952.98,4205753627.87
18.06.2012,20955.04,4214923633.78
19.06.2012,20941.02,4204811907.85
20.06.2012,20949.33,4189462077.71
21.06.2012,20937.2,4192779839.96
22.06.2012,20934.36,4177829534.89
25.06.2012,20958.39,4189429111.89
26.06.2012,20960.92,4189121108.22
27.06.2012,20968.22,4197774053.68
28.06.2012,20969.98,4203276527.28
29.06.2012,20981.81,4232168382.28
02.07.2012,21020.59,4219890024.79
03.07.2012,21032.33,4190145276.97
04.07.2012,21054.72,4191670734.11
05.07.2012,21035.39,4209359281.3
06.07.2012,21042.18,4206579847.21
09.07.2012,21072.59,4275734929.29
10.07.2012,21110.28,4284477087.2
11.07.2012,21111.71,4281792125.41
12.07.2012,21118.87,4273647593.19
13.07.2012,21128.62,4276447094.24
16.07.2012,21160.47,4288584279.67
17.07.2012,21175.68,4280363008.89
18.07.2012,21203.09,4282684522.76
19.07.2012,21224.39,4287176633.47
20.07.2012,21214.84,4294318370.18
23.07.2012,21173.49,4263692828.21
24.07.2012,21184.06,4259275709.75
25.07.2012,21200.92,4262777866.37
26.07.2012,21221.22,4274378720.61
27.07.2012,21204.76,4295304485.75
30.07.2012,21211.34,4260207580.41
31.07.2012,21225.29,4266060993.54
01.08.2012,21234.31,4291851961.29
02.08.2012,21239.19,4277849800.03
03.08.2012,21235.37,4265120068.8
06.08.2012,21229.52,4263877489.17
07.08.2012,21217.6,4240801060.49
08.08.2012,21212.94,4234636891.12
09.08.2012,21229.54,4225613768.7
10.08.2012,21233.22,4225730755.51
13.08.2012,21259.67,4244854397.32
14.08.2012,21261.45,4250121055.89
15.08.2012,21255.21,4251390222.51
16.08.2012,21258.19,4245608102.48
17.08.2012,21278.72,4232544180.76
20.08.2012,21286.42,4230181985.67
21.08.2012,21285.47,4231473782.95
22.08.2012,21303.86,4253643509.05
23.08.2012,21301.52,4235813283.86
24.08.2012,21296.79,4246735500.86
27.08.2012,21318.58,4255561708.62
28.08.2012,21330.63,4242716526.35
29.08.2012,21344.18,4237880750.49
30.08.2012,21366.1,4253350816.88
31.08.2012,21354.92,4256407887.8
03.09.2012,21357.17,4239169410.07
04.09.2012,21370.7,4221298155.46
05.09.2012,21380.69,4222602848.14
06.09.2012,21373.23,4210271532.28
07.09.2012,21365.75,4205091656.89
10.09.2012,21381.38,4217468581.73
11.09.2012,21378.01,4214292019.73
12.09.2012,21381.28,4202991757.88
13.09.2012,21373.36,4290014454.32
14.09.2012,21351.95,4262707760.34
17.09.2012,21360.52,4243092689.17
18.09.2012,21371.78,4172421382.26
19.09.2012,21369.33,4130698394.52
20.09.2012,21374.08,4117825982.8
21.09.2012,21379.83,4033461234.52
24.09.2012,21390.33,4059558779.54
25.09.2012,21394.82,4054288195.16
26.09.2012,21398.93,4044548965.78
27.09.2012,21425.41,4032930134.77
28.09.2012,21432.5,4031078445.27
01.10.2012,21442.79,4015200038.28
02.10.2012,21431.88,4042606747.12
03.10.2012,21430.57,4047413334.62
04.10.2012,21445.24,4054312275.89
05.10.2012,21458.86,4027583845.7
08.10.2012,21459.64,4031931568.99
09.10.2012,21465.07,4048414781.28
10.10.2012,21469.95,4071332316.34
11.10.2012,21473.07,4068668609.26
12.10.2012,21474.6,4079375870.73
15.10.2012,21488.74,4090618231.63
16.10.2012,21500.14,4076160023.0
17.10.2012,21524.42,4097827965.91
18.10.2012,21519.08,4097129897.73
19.10.2012,21556.69,4134181553.52
22.10.2012,21579.73,4172183886.8
23.10.2012,21540.6,4175362215.33
24.10.2012,21550.22,4188546085.45
25.10.2012,21565.68,4164620281.13
26.10.2012,21572.24,4175203955.04
29.10.2012,21582.46,4173219213.72
30.10.2012,21586.17,4176836371.9
31.10.2012,21594.26,4171519490.93
01.11.2012,21601.85,4213859236.69
02.11.2012,21556.76,4180096782.87
06.11.2012,21583.87,4190557577.08
07.11.2012,21586.86,4163962919.21
08.11.2012,21594.13,4199263428.16
09.11.2012,21604.3,4221022561.08
12.11.2012,21614.91,4249392391.87
13.11.2012,21617.99,4252076190.94
14.11.2012,21618.79,4245592920.83
15.11.2012,21625.05,4257363865.36
16.11.2012,21631.71,4246894009.15
19.11.2012,21682.06,4219611836.34
20.11.2012,21705.19,4294218803.28
21.11.2012,21764.53,4296150669.02
22.11.2012,21786.82,4215241205.68
23.11.2012,21789.23,4219665977.27
26.11.2012,21854.35,4231853393.2
27.11.2012,21875.7,4396177442.79
28.11.2012,21873.58,4436331285.86
29.11.2012,21955.5,4445908925.53
30.11.2012,21984.01,4485154700.87
03.12.2012,22021.17,4530270669.5
04.12.2012,22086.12,4549661204.98
05.12.2012,22092.54,4535803871.99
06.12.2012,22085.79,4554405609.27
07.12.2012,22093.91,4556516131.36
10.12.2012,22156.79,4498415346.13
11.12.2012,22195.77,4558670392.65
12.12.2012,22227.92,4573774716.07
13.12.2012,22180.19,4620660320.69
14.12.2012,22240.25,4674610938.39
17.12.2012,22241.71,4680149259.42
18.12.2012,22239.65,4672533318.64
19.12.2012,22249.14,4671503104.35
20.12.2012,22245.66,4723646491.63
21.12.2012,22227.77,4798482307.75
24.12.2012,22265.61,4846144656.99
25.12.2012,22268.0,4890273846.89
26.12.2012,22229.84,4892883321.07
27.12.2012,22299.13,4934151544.85
28.12.2012,22320.63,5004850412.71
29.12.2012,22323.24,5035601139.94
09.01.2013,22457.61,5051765772.04
10.01.2013,22572.73,5069979028.43
11.01.2013,22536.66,5086608334.59
14.01.2013,22571.21,5190412086.44
15.01.2013,22555.93,5226065604.88
16.01.2013,22529.14,5249898866.79
17.01.2013,22537.18,5247868208.6
18.01.2013,22574.88,5267206413.75
21.01.2013,22581.51,5319831446.42
22.01.2013,22578.18,5331519759.14
23.01.2013,22607.05,5413397241.39
24.01.2013,22651.8,5483334611.81
25.01.2013,22682.73,5503367741.2
28.01.2013,22683.6,5505873253.34
29.01.2013,22688.79,5542958477.26
30.01.2013,22699.04,5526956912.03
31.01.2013,22674.76,5602460060.35
01.02.2013,22675.29,5662820800.15
04.02.2013,22670.28,5701559007.83
05.02.2013,22657.02,5749722826.83
06.02.2013,22698.15,5761528386.72
07.02.2013,22689.26,5849446024.3
08.02.2013,22681.48,5911832550.64
11.02.2013,22694.57,5945366947.01
12.02.2013,22707.71,6061951529.41
13.02.2013,22756.53,6038137613.28
14.02.2013,22744.59,6072442161.57
15.02.2013,22745.73,5995243438.61
18.02.2013,22753.14,6031510563.91
19.02.2013,22760.86,6086081693.11
20.02.2013,22767.75,6147859680.13
21.02.2013,22765.03,6179128140.74
22.02.2013,22775.88,6195175989.04
25.02.2013,22795.75,6298097153.66
26.02.2013,22812.14,6331919538.23
27.02.2013,22839.29,6350346897.32
28.02.2013,22839.86,6389260026.88
01.03.2013,22850.8,6459471415.54
04.03.2013,22872.39,6503454274.98
05.03.2013,22880.64,6512258366.3
06.03.2013,22900.31,6553695084.01
07.03.2013,22907.39,6677625717.49
11.03.2013,22939.84,6708842643.52
12.03.2013,22939.54,6786211014.86
13.03.2013,22957.61,6837998771.11
14.03.2013,22953.23,6874558213.71
15.03.2013,22958.01,6879881259.39
18.03.2013,22957.34,6931300355.14
19.03.2013,22965.85,6965146929.34
20.03.2013,22975.09,6935450605.45
21.03.2013,23006.5,6970707241.81
22.03.2013,23014.57,7050932484.41
25.03.2013,23031.0,7057210639.87
26.03.2013,23025.6,7202099519.6
27.03.2013,23054.44,7262214553.31
28.03.2013,23054.84,7236275120.51
29.03.2013,23050.48,7254588385.94
01.04.2013,23082.38,7322823555.29
02.04.2013,23104.32,7371842031.57
03.04.2013,23137.07,7402536264.84
04.04.2013,23175.14,7422654344.27
05.04.2013,23187.09,7490821987.49
08.04.2013,23162.08,7510613876.36
09.04.2013,23177.03,7549991375.64
10.04.2013,23148.63,7580418513.43
11.04.2013,23155.62,7647775087.67
12.04.2013,23168.17,9499668420.73
15.04.2013,23172.51,9524867235.23
16.04.2013,23181.34,9562217162.38
17.04.2013,23172.14,9609858095.4
18.04.2013,23192.33,9714290226.07
19.04.2013,23152.17,9746164550.92
22.04.2013,23171.37,9829004348.89
23.04.2013,23175.21,9866915311.83
24.04.2013,23165.27,9888463093.72
25.04.2013,23102.69,9935181194.66
26.04.2013,23118.51,9992163587.51
29.04.2013,23066.21,9992062183.97
30.04.2013,23079.68,9982836717.93
06.05.2013,23126.64,9980210268.61
07.05.2013,23143.04,9979572722.96
08.05.2013,23149.7,9969542243.95
13.05.2013,23246.44,10060694280.73
14.05.2013,23266.52,10109440454.5
15.05.2013,23297.18,10136857233.63
16.05.2013,23322.68,10186353892.33
17.05.2013,23336.08,10221900783.25
20.05.2013,23322.75,10301763993.64
21.05.2013,23300.23,10346651147.59
22.05.2013,23299.83,10362079861.04
23.05.2013,23280.99,10424344609.98
24.05.2013,23303.3,10457970399.8
27.05.2013,23297.6,10505953088.27
28.05.2013,23303.28,10526386968.14
29.05.2013,23320.43,10585379739.18
30.05.2013,23344.77,10649414065.49
31.05.2013,23371.3,10728184876.34
03.06.2013,23374.59,10786702526.88
04.06.2013,23368.28,10833937656.74
05.06.2013,23354.27,10898650462.7
06.06.2013,23342.78,10919645027.07
07.06.2013,23360.3,10937621047.81
10.06.2013,23390.7,11015693492.89
11.06.2013,23398.23,11103091154.17
13.06.2013,23331.09,11119039389.54
14.06.2013,23346.76,11221081767.89
17.06.2013,23309.99,11245200244.39
18.06.2013,23324.78,11320738349.23
19.06.2013,23343.12,11368555716.0
20.06.2013,23377.12,11412523318.61
21.06.2013,23390.95,11493168730.08
24.06.2013,23386.22,11559093143.69
25.06.2013,23296.56,11565171913.56
26.06.2013,23264.22,11581625346.66
27.06.2013,23264.44,11658560755.19
28.06.2013,23288.1,11671149605.71
01.07.2013,23290.49,11678216320.91
02.07.2013,23291.33,11716918156.9
03.07.2013,23272.17,11721156127.64
04.07.2013,23301.41,11762385192.44
05.07.2013,23281.46,11779670206.97
08.07.2013,23287.6,11806439661.26
09.07.2013,23300.01,11813294484.28
10.07.2013,23293.88,11815183377.01
11.07.2013,23319.67,11895104328.78
12.07.2013,23318.08,11907265783.17
15.07.2013,23378.74,11939111158.42
16.07.2013,23417.63,11980100700.9
17.07.2013,23421.14,12112606564.59
18.07.2013,23425.21,12114707764.26
19.07.2013,23446.63,12171281053.9
22.07.2013,23474.64,12129156444.19
23.07.2013,23476.51,12108731558.9
24.07.2013,23457.52,12250386444.27
25.07.2013,23446.42,12269979748.3
26.07.2013,23468.22,12324103193.79
29.07.2013,23484.64,12306413485.14
30.07.2013,23525.84,12334167969.44
31.07.2013,23509.51,12354106551.03
01.08.2013,23516.42,12353261898.66
02.08.2013,23470.52,12319846419.3
05.08.2013,23476.66,12309862642.06
06.08.2013,23449.55,12428380987.91
07.08.2013,23437.03,12436822290.82
08.08.2013,23456.41,12470945150.17
09.08.2013,23438.69,12442335815.3
12.08.2013,23462.47,12417908414.55
13.08.2013,23472.98,12428147609.19
14.08.2013,23495.46,12375224268.07
15.08.2013,23491.2,12387166693.27
16.08.2013,23498.76,12466728501.55
19.08.2013,23492.11,12467391550.75
20.08.2013,23482.38,12432019269.2
21.08.2013,23467.89,12377715082.84
22.08.2013,23466.06,12407445949.03
23.08.2013,23493.41,12441539072.87
26.08.2013,23498.05,12407932362.11
27.08.2013,23328.02,12348378770.61
28.08.2013,23120.15,12303759377.7
29.08.2013,23112.57,12280724168.97
30.08.2013,23256.45,12365984470.66
02.09.2013,23195.19,12154613083.57
03.09.2013,23243.12,12201382140.86
04.09.2013,23119.02,11961700942.6
05.09.2013,23161.32,11935144176.97
06.09.2013,23195.72,11432953069.84
09.09.2013,23222.32,11444020036.25
10.09.2013,23167.75,11285862123.11
11.09.2013,23178.16,11289336996.59
12.09.2013,23183.15,11290713327.24
13.09.2013,23202.72,11296366021.99
16.09.2013,23228.88,11215725921.09
17.09.2013,23134.5,11152969662.82
18.09.2013,23131.18,11146474194.62
19.09.2013,23154.36,11164921239.0
20.09.2013,23128.22,11125614042.43
23.09.2013,23149.44,11114289142.37
24.09.2013,23166.24,11102899916.46
25.09.2013,22868.82,10972092650.1
26.09.2013,22815.88,10908429867.77
27.09.2013,22792.61,10869881168.01
30.09.2013,22697.7,10812160478.36
01.10.2013,22670.12,10739073565.85
02.10.2013,22608.82,10676963228.17
03.10.2013,22584.6,10625970806.59
04.10.2013,22541.35,10387013989.99
07.10.2013,22452.0,10304416997.91
08.10.2013,22415.44,10225667535.93
09.10.2013,22385.71,10150235826.41
10.10.2013,22353.38,10074583531.55
11.10.2013,22322.79,10058691182.2
14.10.2013,22248.65,9999361713.4
15.10.2013,22215.41,9934690683.94
16.10.2013,22168.94,9947900562.77
17.10.2013,22106.36,9879361991.5
18.10.2013,22095.68,9938924832.06
21.10.2013,22091.25,10010397322.93
22.10.2013,22064.27,10000300461.19
23.10.2013,22130.9,9969054907.62
24.10.2013,23430.34,10588041577.82
25.10.2013,23372.4,10552838053.2
28.10.2013,23405.54,10537480911.39
29.10.2013,23436.69,10507755953.37
30.10.2013,23416.76,10466543199.31
31.10.2013,23449.03,10644040459.11
01.11.2013,23487.71,10651473728.08
05.11.2013,23307.36,9922015014.99
06.11.2013,23230.81,9860089776.61
07.11.2013,23222.1,9848302995.59
08.11.2013,23253.99,9831154998.86
11.11.2013,23276.87,9762216671.18
12.11.2013,23135.94,9677551805.16
13.11.2013,23152.48,9666985909.87
14.11.2013,23196.65,9665196165.71
15.11.2013,23169.64,9628610765.94
18.11.2013,23184.69,9547197734.1
19.11.2013,23377.74,9597078162.71
20.11.2013,23442.2,9583270554.39
21.11.2013,23483.98,9559352913.11
22.11.2013,23497.88,9545322580.62
25.11.2013,23500.89,9520580571.45
26.11.2013,23561.82,9481344163.46
27.11.2013,23584.5,9503551441.96
28.11.2013,23599.13,9463404884.67
29.11.2013,23607.87,9445134474.45
02.12.2013,23600.52,9421410222.39
03.12.2013,23557.8,9392667955.59
04.12.2013,23523.52,9321970287.16
05.12.2013,23555.14,9297342676.13
06.12.2013,23563.78,9319578054.19
09.12.2013,23547.24,9536175988.22
10.12.2013,23520.54,9491689801.57
11.12.2013,23524.11,9489720970.96
12.12.2013,23488.11,9449208292.14
13.12.2013,23528.82,9448860562.58
16.12.2013,23560.27,9436763295.49
17.12.2013,23588.68,9403187029.73
18.12.2013,23564.63,9354693900.96
19.12.2013,23524.99,9314866683.12
20.12.2013,23501.62,9308455192.74
23.12.2013,23578.69,9310385026.96
24.12.2013,23418.19,9199103232.38
25.12.2013,23410.39,9196125224.46
26.12.2013,23351.7,9167472344.62
27.12.2013,23375.99,9163678239.63
30.12.2013,23449.95,9167767577.52
31.12.2013,23455.99,9146946289.37
09.01.2014,23602.74,9183601982.15
10.01.2014,23621.03,9194081082.64
13.01.2014,23586.01,9158916024.62
14.01.2014,23637.74,9139474582.82
15.01.2014,23919.7,9213054796.36
16.01.2014,23976.84,9200647612.94
17.01.2014,23960.93,9221322435.96
20.01.2014,23964.47,9211737553.31
21.01.2014,23966.66,9169028260.55
22.01.2014,23959.84,9100077846.24
23.01.2014,23944.77,9057532242.72
24.01.2014,23904.66,9022236521.51
27.01.2014,23907.75,9011544977.38
28.01.2014,23927.79,8986840588.39
29.01.2014,23848.74,8948008249.56
30.01.2014,23837.0,8941576933.54
31.01.2014,23863.67,8940962627.06
03.02.2014,23908.51,8949503177.62
04.02.2014,23934.13,8916002048.81
05.02.2014,23973.26,8888385280.04
06.02.2014,23999.38,8877437469.44
07.02.2014,23992.93,8853764430.49
10.02.2014,24004.31,8831888032.57
11.02.2014,24005.43,8804400434.26
12.02.2014,24056.48,8826683927.35
13.02.2014,24034.5,8793526786.01
14.02.2014,24046.0,8745257141.85
17.02.2014,24102.98,8769005692.77
18.02.2014,24095.57,8716168850.46
19.02.2014,24058.0,8711773299.62
20.02.2014,24030.72,8680893839.06
21.02.2014,24050.07,8687611416.25
24.02.2014,24068.7,8680071342.78
25.02.2014,24062.26,8649451192.63
26.02.2014,24036.88,8611071798.32
27.02.2014,24042.95,8613137340.34
28.02.2014,24114.97,8635006972.9
03.03.2014,24046.76,8602561524.55
04.03.2014,24057.6,8594593411.87
05.03.2014,24039.52,8575808756.16
06.03.2014,24000.88,8520381580.78
07.03.2014,23904.7,8407321656.54
11.03.2014,23865.29,8383118000.0
12.03.2014,23637.59,8274116676.03
13.03.2014,23647.61,8231829783.96
14.03.2014,23434.15,8091849771.4
17.03.2014,23585.88,8081155345.49
18.03.2014,23663.75,8018807059.85
19.03.2014,23660.52,7933383680.21
20.03.2014,23549.38,7840037022.98
21.03.2014,23559.28,7823824412.83
24.03.2014,23639.69,7834589615.06
25.03.2014,23693.33,7801853134.02
26.03.2014,23788.3,7803274773.31
27.03.2014,23588.88,7716094594.86
28.03.2014,23320.08,7623380844.63
31.03.2014,23628.07,7708185472.41
01.04.2014,23582.72,7706475309.46
02.04.2014,23526.91,7676549974.03
03.04.2014,23537.94,7669138033.95
04.04.2014,23610.28,7658200516.36
07.04.2014,23456.85,7588251697.45
08.04.2014,23502.36,7592812192.88
09.04.2014,23524.15,7560064132.45
10.04.2014,23546.33,7553091487.2
11.04.2014,23646.92,7559479534.88
14.04.2014,23536.44,7506963127.08
15.04.2014,23523.74,7477928640.2
16.04.2014,23504.37,7454868975.89
17.04.2014,23487.43,7410438431.45
18.04.2014,23509.43,7391662214.34
21.04.2014,23526.78,7371204527.04
22.04.2014,23529.03,7341460697.18
23.04.2014,23519.17,7314815209.31
24.04.2014,23512.27,7297130874.02
25.04.2014,23510.87,7273970357.33
28.04.2014,23550.45,7279685561.42
29.04.2014,23526.43,7331141492.11
30.04.2014,23510.73,7343586533.13
05.05.2014,23534.71,7332424376.11
06.05.2014,23505.42,7300939728.03
07.05.2014,23446.61,7289966451.18
08.05.2014,23469.54,7284122754.35
12.05.2014,23505.79,7275114302.82
13.05.2014,23530.61,7266895824.37
14.05.2014,23525.6,7247461758.7
15.05.2014,23527.49,7441863065.28
16.05.2014,23524.55,7418696008.02
19.05.2014,23562.02,7452781412.59
20.05.2014,23561.69,7397688541.75
21.05.2014,23557.87,7351706911.54
22.05.2014,23560.68,7361478794.33
23.05.2014,23559.06,7331489034.87
26.05.2014,23567.87,7350494355.28
27.05.2014,23565.71,7318958680.29
28.05.2014,23584.67,7309563201.25
29.05.2014,23657.87,7314029844.73
30.05.2014,23750.51,7321331844.86
02.06.2014,23765.09,7277835104.94
03.06.2014,23779.69,7261796794.32
04.06.2014,23788.44,7274560978.67
05.06.2014,23759.63,7235026210.12
06.06.2014,23717.45,7211252409.64
09.06.2014,23706.81,7195943138.72
10.06.2014,23712.74,7169325393.69
11.06.2014,23716.47,7147853175.92
16.06.2014,23748.59,7139353892.22
17.06.2014,23776.5,7140611496.11
18.06.2014,23758.35,7100936259.22
19.06.2014,23698.11,7059772059.99
20.06.2014,23708.82,7051909469.59
23.06.2014,23737.72,7030761681.24
24.06.2014,23697.66,6982785234.21
25.06.2014,23688.03,6937225434.74
26.06.2014,23658.7,6915157764.38
27.06.2014,23727.09,6917309774.41
30.06.2014,23774.31,6916522101.08
01.07.2014,23834.64,6913145290.43
02.07.2014,23812.34,6880187259.48
03.07.2014,23811.22,6862954950.41
04.07.2014,23873.88,6858855968.29
07.07.2014,23895.16,6832159018.25
08.07.2014,23892.16,6803579360.0
09.07.2014,23900.65,6793245754.63
10.07.2014,23907.7,6780164526.66
11.07.2014,23869.36,6755400535.97
14.07.2014,23883.36,6736857035.43
15.07.2014,23921.29,6730865936.11
16.07.2014,23927.25,6688254147.25
17.07.2014,24038.98,6686129330.59
18.07.2014,24068.22,6673984069.07
21.07.2014,24079.57,6658704627.1
22.07.2014,24083.72,6706433574.47
23.07.2014,24082.32,6693739363.05
24.07.2014,24088.14,6695173111.84
25.07.2014,24057.12,6667948295.63
28.07.2014,24052.0,6640108056.16
29.07.2014,24061.73,6636603110.07
30.07.2014,24065.78,6611363535.99
31.07.2014,24162.28,6610780274.72
01.08.2014,24163.39,6573341618.15
04.08.2014,24146.17,6548278208.5
05.08.2014,24134.28,6531521800.84
06.08.2014,24162.37,6518515302.88
07.08.2014,24115.12,6484379370.75
08.08.2014,24103.53,6479568176.11
11.08.2014,24089.01,6458636040.08
12.08.2014,24118.35,6447303191.75
13.08.2014,24139.1,6425898385.35
14.08.2014,24049.2,6382800779.74
15.08.2014,24198.96,6411987451.6
18.08.2014,24196.94,6388933017.63
19.08.2014,24146.48,6346278065.59
20.08.2014,24149.02,6335017683.5
21.08.2014,24156.38,6315510735.32
22.08.2014,24172.62,6295503439.77
25.08.2014,24203.72,6295803721.47
26.08.2014,24207.71,6290560736.47
27.08.2014,24209.21,6205323419.51
28.08.2014,24099.09,6160344441.33
29.08.2014,24349.17,6212896924.73
01.09.2014,24336.75,6196751979.69
02.09.2014,24351.02,6187759084.83
03.09.2014,24338.88,6166766136.0
04.09.2014,24348.06,6154521085.66
05.09.2014,24346.85,6143735608.81
08.09.2014,24342.82,6118282177.69
09.09.2014,24273.26,6075038006.31
10.09.2014,24258.76,6060125330.46
11.09.2014,24244.4,6039275629.74
12.09.2014,24295.35,6040737728.74
15.09.2014,24234.84,6005953589.92
16.09.2014,24249.59,6001951261.93
17.09.2014,24312.01,6016337434.77
18.09.2014,24310.22,6009504764.02
19.09.2014,24278.25,5973933134.82
22.09.2014,24301.58,5962256656.68
23.09.2014,24366.37,5960682180.29
24.09.2014,24373.76,5946452578.76
25.09.2014,24430.14,5953702002.18
26.09.2014,24400.82,5937279801.56
29.09.2014,24395.68,5920130996.04
30.09.2014,24435.23,5911759360.85
01.10.2014,24405.57,5897958615.66
02.10.2014,24379.4,5870678753.1
03.10.2014,24319.14,5850710299.61
06.10.2014,24388.46,5857066466.07
07.10.2014,24380.03,5821400786.32
08.10.2014,24336.8,5796360034.87
09.10.2014,24351.61,5790926024.6
10.10.2014,24290.31,5769090898.99
13.10.2014,24315.08,5762856125.37
14.10.2014,24174.16,5716831582.03
15.10.2014,24314.83,5741154660.04
16.10.2014,24208.25,5709315907.3
17.10.2014,24238.43,5639890890.52
20.10.2014,24209.82,5622365549.36
21.10.2014,24252.54,5567254117.65
22.10.2014,24250.78,5550429058.9
23.10.2014,24213.88,5483269898.11
24.10.2014,24202.64,5475104994.79
27.10.2014,24200.34,5451906984.95
28.10.2014,24156.13,5418056200.8
29.10.2014,24086.18,5385918738.17
30.10.2014,24120.54,5378639644.44
31.10.2014,24104.74,5366145847.96
05.11.2014,24097.03,5331883205.11
06.11.2014,24038.08,5342298814.93
07.11.2014,23901.38,5307545350.29
10.11.2014,24026.35,5321299048.16
11.11.2014,23939.45,5289350523.88
12.11.2014,23960.06,5280374227.69
13.11.2014,23915.89,5244575172.93
14.11.2014,23898.83,5244112252.22
17.11.2014,23875.46,5208249474.55
18.11.2014,23898.31,5187519411.39
19.11.2014,23896.94,5170095491.95
20.11.2014,23921.81,5154032270.77
21.11.2014,23931.97,5145329736.67
24.11.2014,23953.59,5132843369.13
25.11.2014,23917.01,5072757759.39
26.11.2014,23822.56,5037267450.04
27.11.2014,23817.84,5009249434.6
28.11.2014,23783.22,4987302189.55
01.12.2014,23712.83,4948375062.39
02.12.2014,23641.02,4733395634.87
03.12.2014,23562.5,4668621108.09
04.12.2014,23319.98,4369691316.02
05.12.2014,22963.77,4264179107.1
08.12.2014,22687.37,4157827521.88
09.12.2014,22490.4,4097856445.7
10.12.2014,22568.38,4090166315.41
11.12.2014,22755.91,4097113493.58
12.12.2014,22197.23,3954653839.72
15.12.2014,22150.6,3897231104.19
16.12.2014,20734.8,3633592708.75
17.12.2014,20687.13,3591356502.14
18.12.2014,20555.38,3530993679.36
19.12.2014,20327.71,3515647574.85
22.12.2014,19883.46,3409903930.17
23.12.2014,19862.2,3400420317.46
24.12.2014,19223.43,3280980763.04
25.12.2014,18985.55,3193223738.98
26.12.2014,18686.17,2734702507.79
29.12.2014,18637.55,2714178142.76
30.12.2014,18437.41,2651109887.98
31.12.2014,18499.14,2662792959.78
12.01.2015,18527.74,2658368250.08
13.01.2015,18589.29,2664483937.51
14.01.2015,18556.99,2658769827.93
15.01.2015,18642.79,2664211080.32
16.01.2015,18821.53,2684485906.07
19.01.2015,19170.73,2726450171.74
20.01.2015,19262.21,2734300654.41
21.01.2015,19404.12,2669951098.29
22.01.2015,19561.24,2701325290.81
23.01.2015,19851.73,2758551322.27
26.01.2015,19852.44,2793264797.65
27.01.2015,19818.07,2814268211.22
28.01.2015,19756.82,2811764605.36
29.01.2015,19786.66,2833125016.98
30.01.2015,19907.18,2841381022.77
02.02.2015,20003.43,2846208001.36
03.02.2015,20137.6,2896137584.5
04.02.2015,20150.02,2926756386.75
05.02.2015,20148.83,3036731172.56
06.02.2015,20316.83,2965934851.09
09.02.2015,20497.27,3087123318.25
10.02.2015,20516.9,3024664104.94
11.02.2015,20384.39,3053622572.0
12.02.2015,20436.66,3064158493.29
13.02.2015,20595.53,3144299966.1
16.02.2015,20689.59,3230045642.64
17.02.2015,20770.87,3250029827.72
18.02.2015,20807.18,3259177849.22
19.02.2015,20858.24,3344580077.66
20.02.2015,20817.84,3409568877.91
24.02.2015,20723.73,3457817214.43
25.02.2015,20707.55,3416429759.28
26.02.2015,20895.59,3510583625.06
27.02.2015,20928.01,3516128560.3
02.03.2015,20841.01,3324792555.26
03.03.2015,20831.87,3359555856.29
04.03.2015,20964.77,3469135299.32
05.03.2015,20898.54,3649378124.09
06.03.2015,20992.48,3665872613.12
10.03.2015,20943.93,3718445583.85
11.03.2015,20969.72,3556475834.92
12.03.2015,21009.87,3479110865.35
13.03.2015,21041.71,3602120633.06
16.03.2015,21043.88,3570171701.18
17.03.2015,21000.0,3580756536.34
18.03.2015,21041.93,3675794681.09
19.03.2015,21112.42,3709931536.69
20.03.2015,21112.18,3764311382.05
23.03.2015,21225.11,3774734486.77
24.03.2015,21244.44,3888950805.72
25.03.2015,21420.0,3917187406.15
26.03.2015,21537.98,3965059132.57
27.03.2015,21563.74,3945596205.32
30.03.2015,21552.29,3828169181.23
31.03.2015,21580.88,3834190069.16
01.04.2015,21613.76,4296483530.65
02.04.2015,21656.26,4173565668.52
03.04.2015,21655.66,4414024057.2
06.04.2015,21720.76,4430866214.23
07.04.2015,21706.33,4378443953.4
08.04.2015,21735.59,4452394899.46
09.04.2015,21893.08,4477521308.73
10.04.2015,21988.54,4530592050.08
13.04.2015,22025.36,4565521815.92
14.04.2015,22044.76,4170026870.56
15.04.2015,22236.1,4384027091.66
16.04.2015,22343.76,4444334013.97
17.04.2015,22374.83,4589128615.94
20.04.2015,22362.65,4633049003.99
21.04.2015,22369.75,4503725779.67
22.04.2015,22385.47,4457795023.06
23.04.2015,22445.76,4702614247.57
24.04.2015,22578.22,4737137644.29
27.04.2015,22599.96,4777513226.71
28.04.2015,22659.44,4710933851.88
29.04.2015,22706.08,4673069679.99
30.04.2015,22833.19,4861336620.36
05.05.2015,22883.55,4917270295.3
06.05.2015,22971.84,4915206225.51
07.05.2015,22983.98,4996131160.26
08.05.2015,23010.51,4897872131.11
12.05.2015,23009.69,4981469908.78
13.05.2015,23051.62,4992738591.11
14.05.2015,23063.95,5086941478.52
15.05.2015,23060.9,5094951326.4
18.05.2015,23096.7,5145328144.62
19.05.2015,23132.97,5164319869.08
20.05.2015,23103.53,5181941626.58
21.05.2015,23137.86,5000486905.12
22.05.2015,23156.64,5101583869.97
25.05.2015,23168.35,5198727673.58
26.05.2015,23178.4,5127360082.73
27.05.2015,23158.2,5107125896.44
28.05.2015,23130.32,5017653412.32
29.05.2015,23153.41,4928063783.47
01.06.2015,23175.8,4940111218.81
02.06.2015,23186.45,5051569446.29
03.06.2015,23183.27,4850477616.03
04.06.2015,23144.27,5066465092.82
05.06.2015,23133.27,4834393921.39
08.06.2015,23155.52,4715983305.72
09.06.2015,23172.3,4778271384.29
10.06.2015,23213.68,4723436427.2
11.06.2015,23212.24,4863236495.98
15.06.2015,23262.8,4852349499.63
16.06.2015,23246.99,4641272298.9
17.06.2015,23263.34,4722095415.47
18.06.2015,23301.7,4731239593.77
19.06.2015,23307.17,4725164628.33
22.06.2015,23338.03,4716633447.62
23.06.2015,23353.85,4697418597.49
24.06.2015,23386.68,4646896597.55
25.06.2015,23415.54,4787636169.45
26.06.2015,23413.36,4643393506.0
29.06.2015,23435.66,4675726997.98
30.06.2015,23433.11,4685249713.1
01.07.2015,23485.31,4703168960.42
02.07.2015,23450.9,4815562510.54
03.07.2015,23487.3,4725757295.66
06.07.2015,23520.5,4857998221.88
07.07.2015,23517.28,4746925239.65
08.07.2015,23535.01,4618951368.03
09.07.2015,23532.57,4721649489.38
10.07.2015,23515.41,4691626734.2
13.07.2015,23467.16,4658029429.77
14.07.2015,23465.36,4661356888.54
15.07.2015,23477.65,4675703962.15
16.07.2015,23452.58,4655960201.53
17.07.2015,23592.42,4585640811.01
20.07.2015,23642.29,4567064156.87
21.07.2015,24052.05,4614873048.94
22.07.2015,24075.3,4592344694.57
23.07.2015,24080.67,4598713282.02
24.07.2015,24102.22,4539131253.47
27.07.2015,24138.5,4473023082.72
28.07.2015,24124.86,4465904392.56
29.07.2015,24116.29,4386664476.52
30.07.2015,24108.95,4439804738.66
31.07.2015,24139.35,4553317864.26
03.08.2015,24162.54,4524375048.38
04.08.2015,24169.13,4512212946.96
05.08.2015,24187.57,4680107428.87
06.08.2015,24183.87,4662716098.96
07.08.2015,24200.68,4658794892.24
10.08.2015,24250.82,4587942069.41
11.08.2015,24246.61,4541741922.8
12.08.2015,24287.12,4538778190.31
13.08.2015,24281.37,4551171593.09
14.08.2015,24292.37,4530018790.27
17.08.2015,24299.37,4522435801.5
18.08.2015,24368.4,4653366507.4
19.08.2015,24368.54,4581293635.39
20.08.2015,24364.02,4578705744.6
21.08.2015,24349.73,4528132705.16
24.08.2015,24330.93,4471277021.1
25.08.2015,24337.63,4445535726.61
26.08.2015,24340.04,4420165227.74
27.08.2015,24314.02,4358317036.93
28.08.2015,24321.4,4228382750.59
31.08.2015,24357.07,4175088932.89
01.09.2015,24353.67,4203711116.83
02.09.2015,24372.14,4194105023.85
03.09.2015,24389.08,4211362934.77
04.09.2015,24407.89,4195026659.56
07.09.2015,24406.05,4187032390.83
08.09.2015,24414.55,4211969719.75
09.09.2015,24424.19,4227132723.61
10.09.2015,24419.16,4431484915.21
11.09.2015,24421.32,4432870212.09
14.09.2015,24452.85,4409550271.68
15.09.2015,24457.67,4397451898.39
16.09.2015,24456.67,4379253878.61
17.09.2015,24449.54,4377327085.42
18.09.2015,24459.66,4380045225.53
21.09.2015,24460.32,4393620785.75
22.09.2015,24521.49,4400720932.06
23.09.2015,24538.82,4316104061.56
24.09.2015,24548.65,4320038567.91
25.09.2015,24564.83,4322657935.37
28.09.2015,24587.7,4253120827.46
29.09.2015,24594.9,4276052516.9
30.09.2015,24604.84,4257830527.05
01.10.2015,24605.67,4203142602.85
02.10.2015,24624.97,4175838850.77
05.10.2015,24630.52,4182382724.87
06.10.2015,24648.92,4191319573.44
07.10.2015,24598.18,4167502278.92
08.10.2015,24586.69,4170679373.58
09.10.2015,24610.58,4171033176.27
12.10.2015,24652.28,4175031151.44
13.10.2015,24650.45,4169116079.48
14.10.2015,24597.86,4152260000.0
15.10.2015,24513.67,4285073392.59
16.10.2015,24569.28,4365444259.36
19.10.2015,24660.5,4390296654.74
20.10.2015,24655.43,4383349000.62
21.10.2015,24686.15,4164061653.53
22.10.2015,24691.98,4164764594.92
23.10.2015,24791.64,4180809359.75
26.10.2015,24991.88,4213840127.4
27.10.2015,24987.06,4212042496.39
28.10.2015,24976.2,4196777056.26
29.10.2015,24967.71,4180013994.52
30.10.2015,24940.46,4155535817.47
02.11.2015,24965.59,4212066644.94
03.11.2015,24948.97,4250621677.69
05.11.2015,24958.49,4253116826.43
06.11.2015,24939.96,4250324874.28
09.11.2015,24953.19,4251063952.33
10.11.2015,24965.8,4255631540.45
11.11.2015,24988.37,4250560040.27
12.11.2015,24985.84,4249151376.44
13.11.2015,25008.66,4235344433.78
16.11.2015,25031.08,4232130073.67
17.11.2015,25066.11,4228513752.25
18.11.2015,25069.67,4232223128.21
19.11.2015,25069.81,3861189187.24
20.11.2015,25107.56,3872277492.71
23.11.2015,25094.7,4702746209.27
24.11.2015,25104.37,4707695941.62
25.11.2015,25105.59,4704428057.58
26.11.2015,25073.75,4682767348.86
27.11.2015,25079.71,4665140735.15
30.11.2015,25086.42,4632519497.8
01.12.2015,25052.88,4583023717.97
02.12.2015,25035.13,4528390020.12
03.12.2015,25050.74,4541699959.07
04.12.2015,25070.7,4517217300.52
07.12.2015,25079.76,4508980000.0
08.12.2015,25087.19,4494587960.18
09.12.2015,25058.79,4456008598.04
10.12.2015,25102.52,4466393131.0
11.12.2015,25093.8,4435567887.09
14.12.2015,25124.36,4441963612.95
15.12.2015,25128.13,4410158663.1
16.12.2015,25123.84,4378283028.47
17.12.2015,24940.38,4329225197.73
18.12.2015,24914.59,4341108920.52
21.12.2015,24937.21,4334374968.54
22.12.2015,24877.22,4312878094.32
23.12.2015,24919.16,4280216256.16
24.12.2015,25002.67,4286843594.39
25.12.2015,25010.99,4301530015.16
28.12.2015,24919.14,4274203908.38
29.12.2015,24878.38,4269648028.0
30.12.2015,24907.72,4269348968.49
31.12.2015,24912.61,4274889440.69
11.01.2016,25048.98,4292703394.04
12.01.2016,25048.83,4284506505.34
13.01.2016,25045.62,4284371774.55
14.01.2016,25050.87,4256422942.01
15.01.2016,25092.86,4265048630.49
18.01.2016,25290.33,4286056301.53
19.01.2016,25289.32,4376084581.62
20.01.2016,25263.28,4287613471.23
21.01.2016,25275.4,4310422263.94
22.01.2016,25241.78,4360228986.65
25.01.2016,25291.29,4354913858.43
26.01.2016,25361.64,4368514182.35
27.01.2016,25341.33,4500205401.62
28.01.2016,25430.45,4506135570.79
29.01.2016,25256.35,4475557947.08
01.02.2016,25237.2,4556872751.57
02.02.2016,25311.31,4562103277.03
03.02.2016,25375.43,4509675829.84
04.02.2016,25429.49,4572034688.6
05.02.2016,25400.14,4521971392.38
08.02.2016,25383.39,4487894543.0
09.02.2016,25264.3,4413623441.57
10.02.2016,25315.58,4496940485.91
11.02.2016,25468.42,4529709886.25
12.02.2016,25421.12,4443563132.71
15.02.2016,25425.13,4434579977.41
16.02.2016,25414.14,4395163924.35
17.02.2016,25422.97,4419104232.74
18.02.2016,25437.92,4416874279.14
19.02.2016,25457.78,4408231807.48
20.02.2016,25464.48,4408196438.36
24.02.2016,25404.02,4404044752.92
25.02.2016,25459.35,4413909001.64
26.02.2016,25577.91,4437451938.54
29.02.2016,25615.96,4486700056.66
01.03.2016,25656.04,4491329042.48
02.03.2016,25673.51,4470545353.76
03.03.2016,25680.62,4490000419.81
04.03.2016,25699.46,4515255849.81
09.03.2016,25726.19,4536107299.89
10.03.2016,25742.51,4509828754.68
11.03.2016,25746.52,4553262102.84
14.03.2016,25814.54,4675350991.05
15.03.2016,25814.46,4693736143.52
16.03.2016,25819.45,4731421443.73
17.03.2016,25819.42,4681450238.91
18.03.2016,25824.45,4696022244.95
21.03.2016,25843.96,4719105021.45
22.03.2016,25853.96,4729579879.56
23.03.2016,25858.65,4706412745.44
24.03.2016,25862.66,4728760933.04
25.03.2016,25890.35,4694746742.94
28.03.2016,25920.64,4667011129.68
29.03.2016,25919.33,4647022281.08
30.03.2016,25926.67,4625247989.31
31.03.2016,25932.02,4644820727.9
01.04.2016,25946.46,4675027197.3
04.04.2016,25820.75,4727841355.27
05.04.2016,25981.11,4764479703.75
06.04.2016,25999.03,4741196998.84
07.04.2016,26001.83,4727699364.8
08.04.2016,26029.76,4736072496.48
11.04.2016,26054.98,4736787057.42
12.04.2016,26068.44,4772405597.31
13.04.2016,26070.11,4790296075.42
14.04.2016,26086.14,4699775095.5
15.04.2016,26109.25,4685315060.75
18.04.2016,26115.78,4684689121.98
19.04.2016,26100.22,4646025534.55
20.04.2016,26118.18,4772596560.99
21.04.2016,26134.95,4778214100.14
22.04.2016,26128.09,4784946042.31
25.04.2016,26146.94,4924328376.25
26.04.2016,26141.13,4928958895.04
27.04.2016,26157.53,4921448050.56
28.04.2016,26199.91,4927354225.59
29.04.2016,26206.14,4932458743.34
04.05.2016,26232.45,4940589197.23
05.05.2016,26280.92,4961941846.31
06.05.2016,26329.2,4952399439.91
10.05.2016,26332.76,4921832462.39
11.05.2016,26352.03,4864283961.41
12.05.2016,26376.22,4870919375.19
13.05.2016,26400.79,4797479061.47
16.05.2016,26431.95,4801161984.58
17.05.2016,26437.26,4814778200.11
18.05.2016,26471.61,4812790626.47
19.05.2016,26479.82,4825846053.68
20.05.2016,26492.22,4789410635.75
23.05.2016,26486.43,4792652586.84
24.05.2016,26483.34,4820174171.34
25.05.2016,26488.3,4821371638.91
26.05.2016,26513.08,4849975127.38
27.05.2016,26620.62,4817325148.2
30.05.2016,26629.39,4789875543.06
31.05.2016,26661.46,4797153162.92
01.06.2016,26704.91,4810218807.32
02.06.2016,26707.54,4889802872.17
03.06.2016,26686.08,4897418236.04
06.06.2016,26709.82,4912053108.45
07.06.2016,26698.1,4892975731.48
08.06.2016,26683.16,5106127446.07
09.06.2016,26700.65,5013978138.18
10.06.2016,26738.63,4910092129.89
14.06.2016,26790.39,4945986616.32
15.06.2016,26774.55,5148478329.56
16.06.2016,26803.48,5167618256.98
17.06.2016,26815.07,5172802706.68
20.06.2016,26818.27,5080471628.41
21.06.2016,26826.86,5082348769.28
22.06.2016,26893.31,5100267855.12
23.06.2016,26876.2,4974528881.71
24.06.2016,26882.27,4972814870.7
27.06.2016,26885.85,4981285593.9
28.06.2016,26859.53,4981419979.14
29.06.2016,26877.01,4982170935.76
30.06.2016,26892.61,5076071454.94
01.07.2016,26891.56,4980009657.45
04.07.2016,26906.63,4999467991.19
05.07.2016,26955.29,5020876044.04
06.07.2016,26953.45,5025825918.32
07.07.2016,26976.53,5034583104.9
08.07.2016,27005.42,5044765241.54
11.07.2016,27016.58,5051650990.21
12.07.2016,27008.99,5055908128.24
13.07.2016,27026.75,5069741486.89
14.07.2016,27007.32,5062629488.67
15.07.2016,27028.25,5067114128.35
18.07.2016,27025.86,5089641061.54
19.07.2016,27051.28,5094154164.93
20.07.2016,27066.46,5106395502.85
21.07.2016,27064.27,5121912946.09
22.07.2016,27095.58,5253498497.19
25.07.2016,27131.37,5281617700.36
26.07.2016,27166.66,5297966742.09
27.07.2016,27172.56,5324375489.4
28.07.2016,27187.62,5358086419.55
29.07.2016,27186.39,5352495147.93
01.08.2016,27209.48,5401534802.28
02.08.2016,27198.73,5419633761.7
03.08.2016,27229.85,5439740512.12
04.08.2016,27231.49,5456621185.45
05.08.2016,27249.95,5471692808.0
08.08.2016,27249.43,5423112184.9
09.08.2016,27269.26,5435504993.37
10.08.2016,27229.08,5438017238.06
11.08.2016,27280.1,5460390273.55
12.08.2016,27296.24,5471507560.2
15.08.2016,27301.09,5480432930.99
16.08.2016,27298.38,5457766210.68
17.08.2016,27302.21,5468604927.68
18.08.2016,27338.71,5489131578.06
19.08.2016,27346.92,5540538436.63
22.08.2016,27399.86,5563675572.72
23.08.2016,27409.44,5564716204.63
24.08.2016,27429.29,5530661472.47
25.08.2016,27404.59,5524112610.82
26.08.2016,27418.24,5498012701.42
29.08.2016,27448.84,5503930553.53
30.08.2016,27468.06,5502517208.93
31.08.2016,27469.97,5490639196.85
01.09.2016,27488.64,5492064149.41
02.09.2016,27490.31,5479477042.93
05.09.2016,27501.0,5455187735.21
06.09.2016,27499.99,5531767792.61
07.09.2016,27490.86,5516613715.84
08.09.2016,27496.9,5540432633.62
09.09.2016,27532.45,5537132628.3
12.09.2016,27541.22,5558570176.78
13.09.2016,27562.37,5487666757.01
14.09.2016,27562.67,5504204383.58
15.09.2016,27577.51,5612566351.24
16.09.2016,27591.49,5622766602.5
19.09.2016,27602.76,5619755156.98
20.09.2016,27606.41,5602721316.39
21.09.2016,27590.59,5608174213.26
22.09.2016,27611.5,5615417533.51
23.09.2016,27634.53,5614692100.74
26.09.2016,27653.11,5498358029.96
27.09.2016,27634.05,5489955465.52
28.09.2016,27628.06,5541461454.97
29.09.2016,27647.29,5574487729.21
30.09.2016,27643.6,5555531382.31
03.10.2016,27648.48,5551368972.5
04.10.2016,27664.03,5552315893.66
05.10.2016,27671.3,5530054356.19
06.10.2016,27672.62,5574165400.5
07.10.2016,27679.1,5532135388.75
10.10.2016,27709.31,5540300282.14
11.10.2016,27738.97,5555850333.66
12.10.2016,27757.77,5609645515.57
13.10.2016,27749.08,5511700484.72
14.10.2016,27750.91,5516477071.82
17.10.2016,27777.88,5505822179.21
18.10.2016,27778.71,5495192157.0
19.10.2016,27778.82,5507921410.51
20.10.2016,27780.39,5502911573.39
21.10.2016,27761.27,5445448371.19
24.10.2016,27756.33,5478372992.09
25.10.2016,27768.51,5479563465.89
26.10.2016,27796.53,5490557693.65
27.10.2016,27799.43,5464468690.18
28.10.2016,27813.79,5465606404.02
31.10.2016,27844.52,5469942323.65
01.11.2016,27851.07,5460825707.99
02.11.2016,27860.14,5446897834.67
03.11.2016,27854.32,5454011799.87
07.11.2016,27888.3,5467902613.54
08.11.2016,27912.77,5503720458.29
09.11.2016,27924.05,5506734175.34
10.11.2016,27950.81,5514517163.75
11.11.2016,27956.54,5509675927.2
14.11.2016,27969.76,5512917713.23
15.11.2016,27934.99,5515137383.05
16.11.2016,27965.52,5519353053.11
17.11.2016,27963.27,5671716151.59
18.11.2016,27973.24,5688488818.67
21.11.2016,27971.2,5697409128.82
22.11.2016,27984.8,5691447888.34
23.11.2016,28004.38,5696427037.07
24.11.2016,28003.34,5538045528.79
25.11.2016,28024.68,5734329488.19
28.11.2016,28033.82,5627418972.78
29.11.2016,28043.35,5645333461.27
30.11.2016,28021.26,5514332834.15
01.12.2016,28033.03,5576610905.7
02.12.2016,28043.89,5571206230.23
05.12.2016,28063.68,5584127759.55
06.12.2016,28079.91,5576925840.59
07.12.2016,28068.53,5574849227.87
08.12.2016,28066.89,5568251878.69
09.12.2016,28053.74,5576681711.21
12.12.2016,28012.31,5541491161.78
13.12.2016,28037.91,5539366364.96
14.12.2016,28075.21,5548832038.39
15.12.2016,28088.57,5536924864.24
16.12.2016,28100.1,5534287528.74
19.12.2016,28144.3,5534969651.2
20.12.2016,28145.72,5533956313.35
21.12.2016,28118.57,5493510922.81
22.12.2016,28111.3,5488415476.52
23.12.2016,28135.38,5496199529.14
26.12.2016,28174.71,5525469560.41
27.12.2016,28182.77,5554085548.59
28.12.2016,28187.77,5558954595.65
29.12.2016,28221.19,5568445539.86
30.12.2016,28232.65,5591534166.13
09.01.2017,28310.46,5493393112.15
10.01.2017,28312.46,5494972299.28
11.01.2017,28344.7,5495953146.35
12.01.2017,28329.99,5478384630.45
13.01.2017,28344.4,5506595346.82
16.01.2017,28376.22,5514068282.1
17.01.2017,28391.93,5592914521.92
18.01.2017,28400.49,5521983818.02
19.01.2017,28426.17,5539204602.04
20.01.2017,28412.26,5550412113.61
23.01.2017,28443.35,5561148663.09
24.01.2017,28451.32,5736469068.97
25.01.2017,28450.23,5736900217.49
26.01.2017,28485.44,5741054269.85
27.01.2017,28477.16,5743586839.07
30.01.2017,28510.69,5759603491.02
31.01.2017,28501.33,5748875169.19
01.02.2017,28501.26,5753128903.18
02.02.2017,28495.11,5602340226.12
03.02.2017,28500.54,5603625378.84
06.02.2017,28520.24,5623979866.74
07.02.2017,28538.84,5631801419.1
08.02.2017,28540.0,5654940764.71
09.02.2017,28557.69,5687244268.16
10.02.2017,28554.25,5699394003.32
13.02.2017,28562.39,5713931436.01
14.02.2017,28540.53,5729498092.35
15.02.2017,28546.72,5756409687.73
16.02.2017,28566.75,5917779187.04
17.02.2017,28598.95,5930931686.39
20.02.2017,28625.83,5905832331.4
21.02.2017,28682.11,5852028421.88
22.02.2017,28701.62,5875731497.52
27.02.2017,28730.22,6025304883.76
28.02.2017,28745.67,6061037790.31
01.03.2017,28747.93,6084303096.25
02.03.2017,28769.19,6093411167.84
03.03.2017,28779.51,6103163742.34
06.03.2017,28809.28,6110384066.67
07.03.2017,28834.28,6054954141.21
09.03.2017,28880.9,6105175781.57
10.03.2017,28874.31,6236121712.62
13.03.2017,28899.2,6196598181.37
14.03.2017,28915.15,6212312605.49
15.03.2017,28914.93,6208788158.03
16.03.2017,28900.9,6234073747.08
17.03.2017,28908.99,6227155050.98
20.03.2017,28933.95,6251381006.65
21.03.2017,28956.68,6222002769.07
22.03.2017,28998.81,6244356917.17
23.03.2017,29000.98,6236593224.88
24.03.2017,28995.04,6253720406.97
27.03.2017,29024.16,6284699300.16
28.03.2017,29045.37,6348452938.88
29.03.2017,29049.84,6357256280.91
30.03.2017,29045.95,6369453920.43
31.03.2017,29087.47,6443586030.68
03.04.2017,29101.75,6433549458.65
04.04.2017,29117.21,6577200577.84
05.04.2017,29134.35,6591349244.88
06.04.2017,29147.46,6646766776.59
07.04.2017,29169.94,6691178630.76
10.04.2017,29207.33,6710351646.89
11.04.2017,29203.52,6758483555.2
12.04.2017,29198.14,6790648696.94
13.04.2017,29193.29,6786569018.81
14.04.2017,29207.58,6812997914.06
17.04.2017,29231.46,6835933887.49
18.04.2017,29234.5,6854108199.39
19.04.2017,29251.76,7055372021.89
20.04.2017,29251.02,6901359174.59
21.04.2017,29281.45,6943160573.33
24.04.2017,29299.22,7010432371.98
25.04.2017,29311.52,7131699096.45
26.04.2017,29350.44,7178870784.08
27.04.2017,29359.06,7231621407.19
28.04.2017,29379.61,7279442305.64
02.05.2017,29418.66,7329666482.67
03.05.2017,29408.93,7364275838.43
04.05.2017,29421.21,7425153693.65
05.05.2017,29429.91,7412002944.92
10.05.2017,29457.65,7429223434.04
11.05.2017,29490.06,7727302579.66
12.05.2017,29489.36,7611199930.68
15.05.2017,29491.88,7502303583.48
16.05.2017,29497.13,7538398156.1
17.05.2017,29504.13,7623245552.68
18.05.2017,29548.9,7676802678.56
19.05.2017,29545.05,7695361632.41
22.05.2017,29554.44,7721612767.67
23.05.2017,29552.19,7735023994.89
24.05.2017,29570.57,7738066020.16
25.05.2017,29591.72,7753456204.43
26.05.2017,29632.47,7769506418.4
29.05.2017,29651.98,7779826820.98
30.05.2017,29672.84,7809641514.69
31.05.2017,29672.63,7814100237.26
01.06.2017,29668.21,7823836463.73
02.06.2017,29677.03,7857953594.65
05.06.2017,29695.93,7872831206.9
06.06.2017,29709.13,7847635211.39
07.06.2017,29714.51,7869587470.57
08.06.2017,29744.83,7895806297.68
09.06.2017,29753.36,7912004512.21
13.06.2017,29799.88,7942041857.13
14.06.2017,29805.05,7962422161.62
15.06.2017,29840.04,7982518693.05
16.06.2017,29846.5,7986047253.76
19.06.2017,29870.66,8080724372.05
20.06.2017,29905.8,8115073377.64
21.06.2017,29913.37,8137424926.91
22.06.2017,29918.82,8164460912.92
23.06.2017,29908.32,8173827087.71
26.06.2017,29931.56,8253380530.43
27.06.2017,29927.67,8282413862.25
28.06.2017,29944.96,8296171300.23
29.06.2017,29910.91,8304995903.54
30.06.2017,29910.24,8343721273.92
03.07.2017,29950.33,8393175363.71
04.07.2017,29965.15,8396968425.42
05.07.2017,29998.0,8495698604.92
06.07.2017,29994.27,8505788270.27
07.07.2017,30014.01,8530792759.75
10.07.2017,30024.81,8589644394.22
11.07.2017,30041.1,8633409464.57
12.07.2017,30041.66,8650122051.81
13.07.2017,30042.2,8663801001.38
14.07.2017,30045.93,8744549155.02
17.07.2017,30073.01,8755856520.96
18.07.2017,30066.07,8759871970.7
19.07.2017,30071.82,8775245626.78
20.07.2017,30075.39,8812461649.81
21.07.2017,30082.93,8933471027.66
24.07.2017,30112.89,8952576163.08
25.07.2017,30122.55,8907145262.13
26.07.2017,30123.9,8912538046.44
27.07.2017,30132.99,8956825077.07
28.07.2017,30138.15,9059518101.48
31.07.2017,30172.22,9069519166.32
01.08.2017,30180.27,9085952431.44
02.08.2017,30185.69,9116658964.39
03.08.2017,30188.33,9076532620.67
04.08.2017,30198.48,9080752005.38
07.08.2017,30224.75,9086595175.77
08.08.2017,30225.4,9138265645.39
09.08.2017,30238.18,9122206252.66
10.08.2017,30266.15,9154041359.28
11.08.2017,30284.82,9168097200.33
14.08.2017,30300.69,9169232714.97
15.08.2017,30310.03,9179488054.61
16.08.2017,30308.62,9201065914.35
17.08.2017,30314.33,9228882105.42
18.08.2017,30319.97,9239741981.07
21.08.2017,30341.02,9274022456.54
22.08.2017,30347.93,9272518594.36
23.08.2017,30344.19,9298337830.77
24.08.2017,30360.2,9315590762.17
25.08.2017,30357.76,9334242770.99
28.08.2017,30373.23,9354869237.37
29.08.2017,30393.36,9379853142.31
30.08.2017,30394.72,9410878796.83
31.08.2017,30390.55,9416897388.83
01.09.2017,30388.35,9450380989.06
04.09.2017,30404.5,9460610396.58
05.09.2017,30393.69,9497879491.14
06.09.2017,30406.38,9629529297.07
07.09.2017,30428.54,9694886438.4
08.09.2017,30453.14,9701906354.17
11.09.2017,30479.8,9812862740.77
12.09.2017,30490.26,9817866868.34
13.09.2017,30502.16,9836745192.52
14.09.2017,30498.52,9893231038.6
15.09.2017,30520.61,9919879032.67
18.09.2017,30548.17,9964672855.44
19.09.2017,30563.02,10001793124.24
20.09.2017,30600.49,10025213154.47
21.09.2017,30611.88,10053097981.41
22.09.2017,30612.37,10092189734.55
25.09.2017,30653.72,10119859696.65
26.09.2017,30673.72,10146036981.92
27.09.2017,30686.26,10205147250.76
28.09.2017,30674.31,10230274663.9
29.09.2017,30682.72,10209934009.52
02.10.2017,30699.0,10241653541.03
03.10.2017,30724.89,10309900653.83
04.10.2017,30711.08,10320329331.74
05.10.2017,30709.48,10354602093.24
06.10.2017,30713.61,10402939825.26
09.10.2017,30726.75,10435163104.11
10.10.2017,30740.1,10452102866.57
11.10.2017,30752.47,10467701471.61
12.10.2017,30742.7,10487823775.8
13.10.2017,30745.66,10505396498.41
16.10.2017,30773.71,10536041689.51
17.10.2017,30781.12,10576727114.49
18.10.2017,30798.41,10602568479.92
19.10.2017,30798.71,10659552635.46
20.10.2017,30791.94,10684868622.88
23.10.2017,30829.24,10717855572.87
24.10.2017,30858.37,10763861588.55
25.10.2017,30867.69,10866504334.02
26.10.2017,30880.13,10907129984.13
27.10.2017,30900.36,10944957543.62
30.10.2017,30905.24,10995048072.13
31.10.2017,30927.88,11189089283.39
01.11.2017,30948.67,11186654049.17
02.11.2017,30971.5,11204597030.3
03.11.2017,30998.58,11222884436.82
07.11.2017,31031.28,11233832949.12
08.11.2017,31047.99,11259338577.67
09.11.2017,31047.14,11288735152.01
10.11.2017,31061.55,11292597733.3
13.11.2017,31090.6,11451353607.35
14.11.2017,31083.73,11479941129.69
15.11.2017,31083.74,11514699075.22
16.11.2017,31099.13,11534393167.54
17.11.2017,31099.53,11593580629.92
20.11.2017,31111.31,11603532749.69
21.11.2017,31106.54,11742830236.67
22.11.2017,31103.58,11931061718.68
23.11.2017,31118.91,11937061671.4
24.11.2017,31124.89,11962853679.21
27.11.2017,31158.63,11842204083.98
28.11.2017,31174.65,11748845813.73
29.11.2017,31180.02,11762227345.38
30.11.2017,31195.48,11814691317.39
01.12.2017,31222.25,11859223106.0
04.12.2017,31240.93,11977913352.77
05.12.2017,31231.67,11996547150.21
06.12.2017,31249.54,12022985169.38
07.12.2017,31267.65,11969269603.05
08.12.2017,31267.57,11998645064.41
11.12.2017,31296.31,12036600163.64
12.12.2017,31301.2,12048494774.96
13.12.2017,31299.11,12111732244.8
14.12.2017,31297.21,12222860985.58
15.12.2017,31312.67,12279981293.4
18.12.2017,31340.24,12311654833.3
19.12.2017,31345.73,12232364341.99
20.12.2017,31353.16,12258900679.45
21.12.2017,31362.44,12281901637.41
22.12.2017,31376.73,12366168932.59
25.12.2017,31398.14,12421293785.54
26.12.2017,31404.72,12495088894.08
27.12.2017,31408.29,12539813351.98
28.12.2017,31468.66,12609649315.72
29.12.2017,31520.86,12704611192.05
09.01.2018,31666.32,12807437671.63
10.01.2018,31657.5,12900912509.13
11.01.2018,31666.99,13048457727.31
12.01.2018,31492.42,13139182480.61
15.01.2018,31618.61,12948048251.6
16.01.2018,31608.01,12943987845.52
17.01.2018,31639.0,12960231865.12
18.01.2018,31642.17,13018017994.05
19.01.2018,31565.82,13014619152.98
22.01.2018,31675.31,13070780188.61
23.01.2018,31679.07,13140455017.71
24.01.2018,31676.63,13144640136.11
25.01.2018,31691.04,13184553763.0
26.01.2018,31718.33,13159219865.24
29.01.2018,31746.28,13204059768.83
30.01.2018,31716.73,13298253519.75
31.01.2018,31762.46,13327221981.24
01.02.2018,31786.15,13394056865.68
02.02.2018,31813.0,13430078102.7
05.02.2018,31755.48,13607001369.36
06.02.2018,31858.91,13718578726.02
07.02.2018,31871.81,13722663625.57
08.02.2018,31926.79,13819313876.81
09.02.2018,31925.52,13831933853.56
12.02.2018,31967.84,13896198620.94
13.02.2018,31952.94,13980785006.18
14.02.2018,32001.13,14050996376.16
15.02.2018,32023.62,14123982887.33
16.02.2018,32027.22,14381046478.87
19.02.2018,32066.45,14406647715.79
20.02.2018,32079.37,14460243484.3
21.02.2018,32000.19,14446103133.89
22.02.2018,32108.71,14664059433.22
26.02.2018,32128.59,14731516175.16
27.02.2018,32101.68,14799766643.38
28.02.2018,32080.53,14816092238.05
01.03.2018,32141.02,14893710070.22
02.03.2018,32116.23,14903416470.62
05.03.2018,32145.61,14912925228.55
06.03.2018,32131.24,14943847826.57
07.03.2018,32163.25,14994951181.63
12.03.2018,32190.56,15059892939.03
13.03.2018,32157.78,15081012752.24
14.03.2018,32145.66,15108600497.55
15.03.2018,32165.96,15163311973.27
16.03.2018,32140.32,15294594023.68
19.03.2018,32120.92,15295323876.75
20.03.2018,32209.69,15347829541.3
21.03.2018,32205.44,15384506359.59
22.03.2018,32218.7,15456420157.95
23.03.2018,32160.01,15422582901.38
26.03.2018,32244.9,15541620436.18
27.03.2018,32220.78,15554784042.26
28.03.2018,32257.71,15538658742.24
29.03.2018,32210.95,15582697012.47
30.03.2018,32292.17,15759249559.3
02.04.2018,32316.81,15874419578.9
03.04.2018,32317.04,15941866894.18
04.04.2018,32305.96,15974058915.32
05.04.2018,32318.85,16044064284.4
06.04.2018,32342.47,16090775311.16
09.04.2018,32249.42,16074658312.63
10.04.2018,32126.18,16079709651.48
11.04.2018,32055.34,16041014554.31
12.04.2018,32107.19,16129394801.22
13.04.2018,32119.76,16166254035.46
16.04.2018,32075.23,16149129369.04
17.04.2018,32111.21,16413604475.73
18.04.2018,32089.35,16725358411.94
19.04.2018,32157.58,16878172797.13
20.04.2018,32117.48,16876630420.54
23.04.2018,32138.11,16884888675.45
24.04.2018,32164.71,16949690281.02
25.04.2018,32154.02,16828011076.36
26.04.2018,32181.18,16924343862.99
27.04.2018,32178.08,17095205184.99
28.04.2018,32225.77,17145672192.26
03.05.2018,32257.81,17254799839.09
04.05.2018,32259.77,17316918406.19
07.05.2018,32252.71,17384595268.95
08.05.2018,32260.98,17462756399.0
10.05.2018,32264.14,17539589799.38
11.05.2018,32270.44,17664524011.59
14.05.2018,32316.27,17769979213.96
15.05.2018,32280.84,17825692186.55
16.05.2018,32256.27,17646573468.22
17.05.2018,32283.69,17730976354.22
18.05.2018,32258.89,17788439683.05
21.05.2018,32263.54,17871967805.08
22.05.2018,32253.91,17908057554.32
23.05.2018,32263.56,18060038429.3
24.05.2018,32268.3,18176854731.67
25.05.2018,32284.82,18203396230.23
28.05.2018,32302.61,18250552308.86
29.05.2018,32277.19,18270892414.73
30.05.2018,32317.08,18323846331.84
31.05.2018,32336.65,18463357426.93
01.06.2018,32336.58,18567059919.34
04.06.2018,32366.33,18648396604.38
05.06.2018,32378.51,18800936419.57
06.06.2018,32380.35,18861449175.82
07.06.2018,32347.91,18884163553.58
08.06.2018,32354.28,18943456701.25
09.06.2018,32355.53,18980767730.74
13.06.2018,32381.28,19017122790.01
14.06.2018,32386.31,19072029910.35
15.06.2018,32350.72,19117023046.8
18.06.2018,32288.56,19143483277.22
19.06.2018,32234.81,19164577408.35
20.06.2018,32281.25,19248164504.73
21.06.2018,32261.9,19186474149.01
22.06.2018,32245.17,19220186515.49
25.06.2018,32284.04,19237538968.63
26.06.2018,32280.77,19285507945.81
27.06.2018,32230.07,19363971540.19
28.06.2018,32251.89,19399826061.8
29.06.2018,32272.67,19409942488.4
02.07.2018,32284.45,19398506308.82
03.07.2018,32288.3,19386221390.84
04.07.2018,32271.04,19340253063.86
05.07.2018,32288.26,19346742507.02
06.07.2018,32330.19,19235114382.91
09.07.2018,32342.28,19258764334.49
10.07.2018,32390.9,19268160864.82
11.07.2018,32410.85,19329203878.29
12.07.2018,32420.34,19363427304.73
13.07.2018,32405.81,19339892880.55
16.07.2018,32439.41,19377400312.05
17.07.2018,32433.37,19399753967.15
18.07.2018,32374.37,19383573745.48
19.07.2018,32384.14,19390516361.35
20.07.2018,32381.93,19384359794.63
23.07.2018,32410.9,19388236583.07
24.07.2018,32398.97,19376088579.8
25.07.2018,32359.63,19352802144.96
26.07.2018,32374.89,19374828379.34
27.07.2018,32384.57,19408487874.4
30.07.2018,32378.14,19365839871.97
31.07.2018,32431.27,19452576288.58
01.08.2018,32386.91,19421717636.77
02.08.2018,32352.14,19444796845.96
03.08.2018,32329.43,19420056160.68
06.08.2018,32343.74,19428534431.63
07.08.2018,32307.74,19426907063.48
08.08.2018,32236.39,19342467510.8
09.08.2018,32112.33,19191446511.57
10.08.2018,32044.16,19004935562.61
13.08.2018,31984.06,18945521949.14
14.08.2018,31939.28,18840245004.22
15.08.2018,31871.07,18693966253.54
16.08.2018,31816.06,18542610816.74
17.08.2018,31720.48,18393796674.24
20.08.2018,31754.7,18378372098.39
21.08.2018,31774.36,18273640980.19
22.08.2018,31682.0,18115872204.36
23.08.2018,31669.54,18099052352.89
24.08.2018,31718.88,18288263933.11
27.08.2018,31751.38,18108935221.54
28.08.2018,31709.47,18322215021.54
29.08.2018,31694.82,18265318155.35
30.08.2018,31724.37,18247175615.74
31.08.2018,31725.55,18114718151.98
03.09.2018,31692.69,18073430642.26
04.09.2018,31697.9,18015149638.26
05.09.2018,31625.5,17927578729.28
06.09.2018,31528.82,17789924261.1
07.09.2018,31424.64,17682521518.27
10.09.2018,31412.31,17643591233.52
11.09.2018,31490.04,17477212056.82
12.09.2018,31588.41,17442034543.6
13.09.2018,31668.75,17424727802.88
14.09.2018,31643.0,17362403352.34
17.09.2018,31659.73,17453481694.82
18.09.2018,31683.86,17474253395.09
19.09.2018,31751.37,17359886579.41
20.09.2018,31813.56,17361082663.63
21.09.2018,31844.54,17324025253.29
24.09.2018,31890.52,17231208678.5
25.09.2018,31888.68,17226924785.45
26.09.2018,31917.02,17206769120.17
27.09.2018,31941.1,17243733855.49
28.09.2018,31964.35,17227955984.89
01.10.2018,32042.52,17244225458.69
02.10.2018,32078.45,17254699214.22
03.10.2018,32064.6,17221797553.59
04.10.2018,32024.46,17170377877.7
05.10.2018,31990.22,17140332094.42
08.10.2018,31821.7,17010044523.82
09.10.2018,31890.38,17052236625.46
10.10.2018,31899.73,17036832696.0
11.10.2018,31895.97,17021454810.77
12.10.2018,31966.84,17058455717.86
15.10.2018,31955.65,17062875037.48
16.10.2018,32082.75,17155566980.3
17.10.2018,32102.1,17122659366.31
18.10.2018,32099.64,17113957337.23
19.10.2018,32075.81,17077968197.57
22.10.2018,32111.5,17078013772.37
23.10.2018,32096.08,17043462482.0
24.10.2018,32102.72,16998925251.19
25.10.2018,32080.67,16989871493.72
26.10.2018,32076.64,16974165763.08
29.10.2018,32090.16,16990220758.91
30.10.2018,32119.31,16948865587.37
31.10.2018,32096.88,16908367598.53
01.11.2018,32126.85,16926890535.38
02.11.2018,32143.43,16954845499.96
06.11.2018,32167.34,16941309266.17
07.11.2018,32113.09,16886208602.07
08.11.2018,32077.15,16846932763.17
09.11.2018,32002.65,16756000510.88
12.11.2018,31951.84,16705092982.18
13.11.2018,31901.62,16636615145.53
14.11.2018,31971.98,16625341389.95
15.11.2018,32087.48,16648934303.71
16.11.2018,32094.03,16635989481.43
19.11.2018,32105.42,16729697278.38
20.11.2018,32070.33,16639345452.22
21.11.2018,32079.49,16564743450.11
22.11.2018,32105.13,16332277489.68
23.11.2018,32091.16,16130343856.5
26.11.2018,31986.65,15876027525.5
27.11.2018,32046.0,15758345634.4
28.11.2018,32048.77,15720140801.98
29.11.2018,32143.98,15707791870.31
30.11.2018,32136.92,15662381649.27
03.12.2018,32217.98,15641816126.36
04.12.2018,32230.18,15618561185.45
05.12.2018,32184.72,15567994436.09
06.12.2018,32189.4,15675318519.41
07.12.2018,32207.01,15613232589.44
10.12.2018,32246.95,15637607746.48
11.12.2018,32231.14,15604881039.89
12.12.2018,32229.41,15558705870.64
13.12.2018,32234.65,15415742099.11
14.12.2018,32252.46,15370735476.05
17.12.2018,32254.2,15310880716.62
18.12.2018,32238.64,15264613789.31
19.12.2018,32206.9,15229481189.95
20.12.2018,32222.25,15188458538.51
21.12.2018,32223.82,15166170643.0
24.12.2018,32254.11,15150280585.92
25.12.2018,32234.23,15049429695.03
26.12.2018,32245.55,15044905618.08
27.12.2018,32280.85,15042570629.25
28.12.2018,32305.64,14882503181.92
29.12.2018,32361.31,14880204467.29
09.01.2019,32614.99,14979904292.11
10.01.2019,32654.28,14996073735.55
11.01.2019,32785.94,15039671642.78
14.01.2019,32726.39,15191888609.95
15.01.2019,32758.22,15165484789.24
16.01.2019,32806.09,15168051764.36
17.01.2019,32807.97,15152772610.1
18.01.2019,32825.66,15164936065.35
21.01.2019,32848.46,15091792055.96
22.01.2019,32836.83,15043165912.37
23.01.2019,32834.13,15007786999.15
24.01.2019,32850.93,15112169913.86
25.01.2019,32857.51,15115196010.81
28.01.2019,32876.57,15094360182.77
29.01.2019,32834.71,15057388242.27
30.01.2019,32858.56,14990656667.77
31.01.2019,32954.71,15023447638.09
01.02.2019,32947.81,15012579447.71
04.02.2019,32961.97,15013088962.65
05.02.2019,32980.52,15006854270.05
06.02.2019,32985.12,15233246969.18
07.02.2019,32986.13,15200820242.54
08.02.2019,32980.5,15169690465.05
11.02.2019,33006.27,15182069154.08
12.02.2019,33000.68,15144681655.55
13.02.2019,33015.15,15114975915.13
14.02.2019,32957.51,15071807508.29
15.02.2019,32936.03,14860150131.42
18.02.2019,32995.2,14843220179.08
19.02.2019,32939.63,14824092352.91
20.02.2019,32946.55,14971418836.85
21.02.2019,32952.45,14936994287.55
22.02.2019,32939.88,14840636944.73
25.02.2019,33009.38,14923987465.73
26.02.2019,32985.48,14885464611.44
27.02.2019,32978.79,14814856166.68
28.02.2019,33008.15,14800255298.51
01.03.2019,33039.17,14717056071.37
04.03.2019,33068.16,14714942151.08
05.03.2019,33062.22,14609603019.88
06.03.2019,33065.91,14638483117.24
07.03.2019,33071.13,14728541737.05
11.03.2019,33097.04,14730695075.27
12.03.2019,33098.26,14659139314.91
13.03.2019,33107.48,14643260782.09
14.03.2019,33119.33,14611381424.75
15.03.2019,33148.2,14609674402.77
18.03.2019,33217.58,14639203807.15
19.03.2019,33269.23,14614196249.1
20.03.2019,33286.06,14609005687.01
21.03.2019,33340.87,14626157256.33
22.03.2019,33319.58,14574865880.54
25.03.2019,33342.9,14481423337.25
26.03.2019,33358.84,14471281084.87
27.03.2019,33354.19,14464031530.1
28.03.2019,33317.35,14394860518.14
29.03.2019,33374.52,14405295970.14
01.04.2019,33364.79,14383327082.82
02.04.2019,33376.42,14309484312.22
03.04.2019,33370.76,14286934063.3
04.04.2019,33371.87,14270178678.29
05.04.2019,33403.22,14271049429.07
08.04.2019,33429.45,14223166109.1
09.04.2019,33437.39,14180298518.49
10.04.2019,33456.31,14139736751.77
11.04.2019,33472.67,14146351324.29
12.04.2019,33498.78,14109390330.06
15.04.2019,33532.2,14109037221.03
16.04.2019,33529.11,14078470681.34
17.04.2019,33541.76,14119042871.59
18.04.2019,33540.5,14088876662.14
19.04.2019,33536.96,14038391343.43
22.04.2019,33536.73,13949064039.88
23.04.2019,33546.45,13943729707.39
24.04.2019,33544.82,13923536534.46
25.04.2019,33534.77,13862806053.88
26.04.2019,33552.09,13838527878.04
29.04.2019,33582.05,13852003997.22
30.04.2019,33646.83,13870832305.4
06.05.2019,33662.72,13861291585.47
07.05.2019,33677.99,13842664387.94
08.05.2019,33700.54,13858108647.81
13.05.2019,33736.88,13864873450.38
14.05.2019,33745.48,13858147757.68
15.05.2019,33752.33,13833093704.85
16.05.2019,33783.02,13849373600.62
17.05.2019,33811.42,13785262278.29
20.05.2019,33855.66,14075215518.1
21.05.2019,33882.57,14026783199.17
22.05.2019,33953.04,14056329443.67
23.05.2019,33959.88,14063904083.8
24.05.2019,33984.4,14073419153.15
27.05.2019,34017.71,14088911380.65
28.05.2019,34008.57,14061643115.89
29.05.2019,34007.4,14037363900.13
30.05.2019,34017.63,14014523862.42
31.05.2019,34031.71,14010656056.76
03.06.2019,34052.86,14009694549.72
04.06.2019,34072.53,13995885137.96
05.06.2019,34095.73,13990561164.42
06.06.2019,34145.14,13988460259.91
07.06.2019,34180.65,14000189438.51
10.06.2019,34245.28,13977728994.11
11.06.2019,34273.28,13988606501.83
13.06.2019,34299.78,14005862408.66
14.06.2019,34321.55,13968502305.9
17.06.2019,34396.66,13985996088.97
18.06.2019,34413.94,13904341633.53
19.06.2019,34439.94,13923118169.88
20.06.2019,34512.99,13934427875.96
21.06.2019,34515.85,13997350266.64
24.06.2019,34551.8,14015517724.1
25.06.2019,34549.7,14080202384.38
26.06.2019,34558.95,14070386687.54
27.06.2019,34550.56,14075549489.87
28.06.2019,34581.2,14022495796.06
01.07.2019,34600.3,14029099947.63
02.07.2019,34625.21,14032297252.01
03.07.2019,34645.21,14110399758.54
04.07.2019,34644.62,14405420870.47
05.07.2019,34660.48,14407851659.62
08.07.2019,34665.05,14395615540.25
09.07.2019,34713.22,14418873808.82
10.07.2019,34707.03,14421435310.95
11.07.2019,34725.84,14434060624.69
12.07.2019,34711.48,14439703602.65
15.07.2019,34676.99,14434398477.81
16.07.2019,34652.42,14423294152.13
17.07.2019,34616.23,14403063018.16
18.07.2019,34675.25,14430152735.38
19.07.2019,34693.31,14432364602.05
22.07.2019,34746.12,14470728211.61
23.07.2019,34750.03,14476435195.27
24.07.2019,34839.61,14533762440.53
25.07.2019,34838.56,14533632741.87
26.07.2019,34853.79,14555746267.39
29.07.2019,34849.9,14543079152.93
30.07.2019,34870.52,14529168060.26
31.07.2019,34877.92,14464575302.99
01.08.2019,34885.16,14448214968.98
02.08.2019,34860.21,14505788620.68
05.08.2019,34847.89,14490995287.57
06.08.2019,34883.9,14511373585.2
07.08.2019,34856.21,14429839133.0
08.08.2019,34848.52,14456337569.13
09.08.2019,34840.15,14443919563.23
12.08.2019,34826.44,14434457743.47
13.08.2019,34945.49,14462460706.59
14.08.2019,34939.51,14468789015.62
15.08.2019,34881.54,14356694124.68
16.08.2019,34951.79,14353756014.36
19.08.2019,34966.51,14357761563.35
20.08.2019,34985.85,14388109708.32
21.08.2019,35025.15,14421413157.48
22.08.2019,35070.26,14607969221.21
23.08.2019,35070.23,14686302175.92
26.08.2019,35080.57,14683119843.08
27.08.2019,35078.34,14656674590.81
28.08.2019,35092.77,14598208547.88
29.08.2019,35078.54,14275770257.81
30.08.2019,35077.51,14167860293.34
02.09.2019,35120.82,14190461383.36
03.09.2019,35109.47,14165823490.5
04.09.2019,35165.91,14181908753.45
05.09.2019,35276.92,14232607576.76
06.09.2019,35309.41,14260490477.24
09.09.2019,35386.27,14253962779.75
10.09.2019,35409.65,14275634150.25
11.09.2019,35415.2,14282027475.44
12.09.2019,35445.39,14324883925.95
13.09.2019,35616.48,14363059717.13
16.09.2019,35493.46,14297332199.83
17.09.2019,35435.14,14269422695.71
18.09.2019,35445.91,14254411077.19
19.09.2019,35473.66,14229005434.02
20.09.2019,35450.41,14196109947.2
23.09.2019,35512.64,14221022383.21
24.09.2019,35553.36,14241916431.99
25.09.2019,35521.9,14226130224.29
26.09.2019,35535.02,14224795264.33
27.09.2019,35562.38,14428323238.61
30.09.2019,35565.43,14440649641.14
01.10.2019,35601.9,14439687364.92
02.10.2019,35614.21,14427062431.79
03.10.2019,35626.76,14442213346.21
04.10.2019,35635.63,14436975268.57
07.10.2019,35667.91,14452838878.8
08.10.2019,35704.01,14512203966.62
09.10.2019,35706.06,14509871959.23
10.10.2019,35740.73,14510362891.82
11.10.2019,35798.57,14524474715.82
14.10.2019,35880.52,14547949060.85
15.10.2019,35879.12,14535214406.95
16.10.2019,35880.95,14471269787.36
17.10.2019,35901.28,14485261000.09
18.10.2019,35951.61,14528845200.31
21.10.2019,36046.88,14557511876.97
22.10.2019,36059.8,14615888103.06
23.10.2019,36137.65,14666653337.31
24.10.2019,36103.03,14649042502.03
25.10.2019,36150.15,14725571976.42
28.10.2019,36214.8,14747804664.9
29.10.2019,36245.54,14760459452.45
30.10.2019,36223.12,14722584222.21
31.10.2019,36257.86,14765869378.25
01.11.2019,36261.88,14800464142.04
05.11.2019,36266.63,14807370417.21
06.11.2019,36277.46,14868362936.16
07.11.2019,36320.23,14885956649.21
08.11.2019,36333.16,14896992965.03
11.11.2019,36317.83,14891563920.74
12.11.2019,36273.92,14841126285.91
13.11.2019,36312.79,14871451819.13
14.11.2019,36314.41,14900901282.18
15.11.2019,36365.29,14934724489.72
18.11.2019,36369.49,14963734074.65
19.11.2019,36395.17,14969495786.77
20.11.2019,36419.13,14950212407.89
21.11.2019,36407.16,14953807849.65
22.11.2019,36417.93,14941304881.37
25.11.2019,36408.81,14941680582.15
26.11.2019,36476.09,14625110448.55
27.11.2019,36478.72,14635335686.72
28.11.2019,36427.9,14617333696.71
29.11.2019,36453.84,14537232692.24
02.12.2019,36485.94,14568990588.59
03.12.2019,36442.15,14562516787.83
04.12.2019,36502.01,14590263668.43
05.12.2019,36531.36,14650916405.34
06.12.2019,36547.99,14660179606.7
09.12.2019,36589.74,14671185608.36
10.12.2019,36574.3,14665886945.1
11.12.2019,36591.49,14670323521.57
12.12.2019,36627.68,14691072680.54
13.12.2019,36646.6,14715113122.8
16.12.2019,36678.44,14757040125.62
17.12.2019,36693.4,14789539791.13
18.12.2019,36693.47,14737526778.33
19.12.2019,36715.58,14786561223.87
20.12.2019,36723.6,14776827569.54
23.12.2019,36770.87,14816738268.93
24.12.2019,36764.98,14862862944.85
25.12.2019,36752.94,14857089597.81
26.12.2019,36814.32,14913189537.36
27.12.2019,36861.06,14972070252.45
30.12.2019,36922.0,14785350756.08
31.12.2019,36927.53,14837801492.42
09.01.2020,37022.52,14871088925.51
10.01.2020,37050.77,15170574063.55
13.01.2020,37048.17,15170527480.5
14.01.2020,37068.64,15208536283.24
15.01.2020,37160.34,15300858772.42
16.01.2020,37164.18,15320746221.54
17.01.2020,37205.29,15354250268.36
20.01.2020,37210.3,15281716883.42
21.01.2020,37228.4,15289471372.73
22.01.2020,37237.03,15265201541.12
23.01.2020,37269.48,15278271697.66
24.01.2020,37272.81,15291380172.37
27.01.2020,37242.52,15331636441.36
28.01.2020,37235.27,15364579563.11
29.01.2020,37256.35,15483329205.37
30.01.2020,37271.94,15512772462.7
31.01.2020,37293.51,15122987410.26
03.02.2020,37398.39,15142532924.4
04.02.2020,37297.15,15105132405.15
05.02.2020,37305.09,15150202009.11
06.02.2020,37326.54,15430978411.67
07.02.2020,37378.86,15449251258.76
10.02.2020,37425.2,15540343571.71
11.02.2020,37475.36,15582656610.94
12.02.2020,37516.04,15662403188.53
13.02.2020,37529.05,15714773549.73
14.02.2020,37556.29,15738801246.06
17.02.2020,37600.87,15827193691.13
18.02.2020,37586.41,15797051506.53
19.02.2020,37622.0,15848870813.29
20.02.2020,37667.56,15926280094.53
21.02.2020,37686.33,15959898205.89
25.02.2020,37677.87,15962868452.52
26.02.2020,37650.72,16045738626.36
27.02.2020,37605.2,16092909507.95
28.02.2020,37275.42,16022321639.59
02.03.2020,37425.99,16156645595.24
03.03.2020,37406.48,16300592993.09
04.03.2020,37572.78,16374105702.65
05.03.2020,37587.24,16373564076.16
06.03.2020,37446.06,16207473169.92
10.03.2020,36891.79,16097750329.2
11.03.2020,37032.89,16161109107.73
12.03.2020,36406.25,15509036578.87
13.03.2020,36367.51,15418133925.47
16.03.2020,36087.29,15159474876.84
17.03.2020,35978.03,14953552042.75
18.03.2020,35494.9,14565516969.33
19.03.2020,35300.92,14300046646.69
20.03.2020,36024.35,14432144965.15
23.03.2020,36055.98,14340343337.22
24.03.2020,36419.66,14307821364.25
25.03.2020,36589.53,14222563192.24
26.03.2020,36436.87,14235522278.31
27.03.2020,36540.17,14253765805.78
30.03.2020,36552.32,14141047167.66
31.03.2020,36737.73,14195313725.39
01.04.2020,36714.45,14160780018.82
02.04.2020,36800.24,14167857522.01
03.04.2020,36828.77,14176315816.74
06.04.2020,36932.3,14220418467.5
07.04.2020,37077.92,14539578124.11
08.04.2020,37111.38,14323221867.76
09.04.2020,37172.41,14338699708.1
10.04.2020,37196.0,14358614836.04
13.04.2020,37233.93,14432556890.57
14.04.2020,37319.38,14266850507.58
15.04.2020,37283.32,14213953308.33
16.04.2020,37253.98,14172304638.74
17.04.2020,37363.87,14082255531.31
20.04.2020,37565.85,14471536386.45
21.04.2020,37466.92,14085820304.06
22.04.2020,37593.08,14095188228.28
23.04.2020,37757.97,14198677329.35
24.04.2020,37784.96,14234343456.1
27.04.2020,37963.96,14307878985.82
28.04.2020,37995.41,14337320246.14
29.04.2020,37998.27,14357065841.4
30.04.2020,38085.03,14485856606.64
06.05.2020,38157.89,14445835366.57
07.05.2020,38172.86,14865825826.47
08.05.2020,38213.68,14787455989.92
12.05.2020,38262.92,14829488798.19
13.05.2020,38266.38,14825522742.18
14.05.2020,38291.47,14820796337.76
15.05.2020,38353.83,14826631771.55
18.05.2020,38393.22,14874379775.59
19.05.2020,38438.6,15324015018.75
20.05.2020,38561.67,15360522064.67
21.05.2020,38574.6,15405098336.39
22.05.2020,38582.7,15318287470.81
25.05.2020,38671.56,14961703164.54
26.05.2020,38725.07,15057172108.23
27.05.2020,38721.93,15092108453.65
28.05.2020,38748.19,15148192418.11
29.05.2020,38763.95,15199044078.73
01.06.2020,38766.37,15232586483.32
02.06.2020,38783.9,15686466920.86
03.06.2020,38801.59,15922494222.34
04.06.2020,38730.87,15915442923.28
05.06.2020,38782.13,16018639381.48
08.06.2020,38762.82,15641184620.88
09.06.2020,38720.25,15718081888.54
10.06.2020,38760.92,15710101725.82
11.06.2020,38829.86,15605969246.55
15.06.2020,38728.8,15565712201.64
16.06.2020,38752.75,16043534138.26
17.06.2020,38835.22,16107988799.85
18.06.2020,38863.86,16130862184.46
19.06.2020,38935.77,15781810263.83
22.06.2020,38961.83,15812592325.62
23.06.2020,38907.32,15755643269.6
25.06.2020,38894.06,15793024946.22
26.06.2020,38937.46,15797543966.88
29.06.2020,38866.28,15779044955.17
30.06.2020,38897.1,15823202504.72
02.07.2020,38901.3,16216044877.64
03.07.2020,38927.24,16255334284.93
06.07.2020,38799.97,16242633697.84
07.07.2020,38853.59,15887379905.0
08.07.2020,38863.34,15853262355.86
09.07.2020,38951.42,15872018508.74
10.07.2020,38941.66,15870338797.32
13.07.2020,38978.17,15861125491.29
14.07.2020,39040.51,15884355917.77
15.07.2020,39007.75,15893673561.39
16.07.2020,39011.84,16292638960.06
17.07.2020,39001.94,16293522240.53
20.07.2020,39079.11,16313248934.96
21.07.2020,39093.72,15942057851.12
22.07.2020,39098.43,15958418212.36
23.07.2020,39098.52,15980296796.19
24.07.2020,39103.7,15996572612.9
27.07.2020,39132.69,16004198747.18
28.07.2020,39109.07,16012235373.94
29.07.2020,39127.18,15982107829.3
30.07.2020,39093.29,15940843269.62
31.07.2020,39095.36,16065781248.98
03.08.2020,39146.49,16089986331.29
04.08.2020,39190.3,16096001707.16
05.08.2020,39168.37,16091737632.51
06.08.2020,39163.38,16113625352.39
07.08.2020,39160.59,16085033828.86
10.08.2020,39289.45,16126183266.21
11.08.2020,39227.84,16125901276.96
12.08.2020,39226.07,16109632904.97
13.08.2020,39199.58,16275928246.94
14.08.2020,39176.75,16142549873.64
17.08.2020,39130.57,16121872993.34
18.08.2020,39125.6,16124143848.44
19.08.2020,39138.13,16214906424.03
20.08.2020,39066.73,16237568757.01
21.08.2020,39096.7,16265447081.37
24.08.2020,39130.76,16313190863.91
25.08.2020,39104.1,16300394494.57
26.08.2020,39090.86,16296324845.85
27.08.2020,39106.29,16338370312.76
28.08.2020,39147.04,16350353474.21
31.08.2020,39156.17,16329485518.55
01.09.2020,39186.64,16502940511.53
02.09.2020,39157.05,16484853547.59
03.09.2020,39118.33,16463724123.77
04.09.2020,39135.08,16345162360.1
07.09.2020,39073.02,16326194309.14
08.09.2020,39098.23,16410484244.4
09.09.2020,39097.33,16394843143.93
10.09.2020,39188.43,16462890610.01
11.09.2020,39225.22,16438237822.89
14.09.2020,39255.57,16479197265.73
15.09.2020,39278.6,16554388096.69
16.09.2020,39285.43,16569163336.45
17.09.2020,39206.45,16580221093.69
18.09.2020,39228.32,16588579328.69
21.09.2020,39212.09,16586410012.59
22.09.2020,39200.43,16604950219.16
23.09.2020,39280.24,16688257546.94
24.09.2020,39279.17,16685259746.76
25.09.2020,39271.22,16870072476.03
28.09.2020,39263.79,16883093893.86
29.09.2020,39231.14,16676634912.14
30.09.2020,39244.68,16635493283.22
01.10.2020,39299.51,16663144862.25
02.10.2020,39290.93,16669241698.56
05.10.2020,39374.87,16710221662.97
06.10.2020,39398.76,16751651683.69
07.10.2020,39399.22,16755418749.73
08.10.2020,39459.22,16756586781.49
09.10.2020,39476.61,16760463593.01
12.10.2020,39501.8,16754105399.74
13.10.2020,39499.65,16778016500.18
14.10.2020,39505.61,16744337114.08
15.10.2020,39455.96,16732138981.55
16.10.2020,39478.01,16724268343.2
19.10.2020,39506.23,16734022232.24
20.10.2020,39473.59,16720228327.56
21.10.2020,39521.22,16704173005.57
22.10.2020,39518.95,16701251336.91
23.10.2020,39546.34,16708010106.06
26.10.2020,39520.62,16922458470.05
27.10.2020,39517.24,16876776835.88
28.10.2020,39606.17,16949877292.14
29.10.2020,39447.66,16907476300.58
30.10.2020,39438.46,16623939996.84
02.11.2020,39394.09,16662809195.87
03.11.2020,39429.64,16903840533.1
05.11.2020,39535.42,16924182381.76
06.11.2020,39602.05,16750453171.2
09.11.2020,39674.97,16783492159.91
10.11.2020,39679.39,16691983625.11
11.11.2020,39652.56,16685516651.47
12.11.2020,39677.48,16690203679.36
13.11.2020,39701.34,16671831026.93
16.11.2020,39724.5,16704170595.6
17.11.2020,39732.28,16702379696.92
18.11.2020,39757.4,16703959174.87
19.11.2020,39765.58,16717187374.31
20.11.2020,39775.96,16801978261.39
23.11.2020,39795.38,16841388254.82
24.11.2020,39811.96,16777150883.35
25.11.2020,39824.55,16800710921.86
26.11.2020,39830.4,16766849170.4
27.11.2020,39825.84,16755291978.09
30.11.2020,39861.92,16785686995.61
01.12.2020,39830.96,16802108718.86
02.12.2020,39841.07,16823853570.71
03.12.2020,39845.46,16806036212.87
04.12.2020,39848.91,16803718347.92
07.12.2020,39870.32,16801366127.65
08.12.2020,39861.77,16770653392.91
09.12.2020,39885.91,16813755243.7
10.12.2020,39881.91,16840125380.75
11.12.2020,39891.81,16886742160.05
14.12.2020,39901.51,16848312715.96
15.12.2020,39886.27,16917451204.9
16.12.2020,39906.79,17193454061.56
17.12.2020,39928.89,17263911264.61
18.12.2020,39942.74,17159049832.09
21.12.2020,39931.3,17008972339.91
22.12.2020,39926.62,17014947292.13
23.12.2020,39900.32,17068626246.37
24.12.2020,39886.71,17083519597.97
25.12.2020,39900.07,17113118695.81
28.12.2020,39958.49,17168888507.56
29.12.2020,39830.86,17150031799.26
30.12.2020,40012.88,17263845088.33
31.12.2020,40017.33,17303372486.38
11.01.2021,40099.95,17349534325.73
12.01.2021,40097.58,17439744411.17
13.01.2021,40087.93,17421818220.8
14.01.2021,40077.09,17471222109.0
15.01.2021,40037.65,17472163600.89
18.01.2021,40003.98,17507232755.01
19.01.2021,40015.05,17642671697.2
20.01.2021,40053.92,17719424728.92
21.01.2021,40034.82,17717547342.03
22.01.2021,39975.94,17730766591.18
25.01.2021,40006.11,17745547381.94
26.01.2021,39995.64,17686797500.44
27.01.2021,39994.89,17654203848.62
28.01.2021,39990.51,17664245221.7
29.01.2021,39975.78,17679930618.18
01.02.2021,40019.22,17754855086.21
02.02.2021,40018.25,17861795969.91
03.02.2021,39972.33,17905090841.83
04.02.2021,40016.03,17942216935.41
05.02.2021,40030.02,17885569062.72
08.02.2021,40089.77,17899528891.22
09.02.2021,40082.69,17827053941.4
10.02.2021,40052.82,17753173927.29
11.02.2021,40003.82,17631904367.28
12.02.2021,39962.68,17621592952.53
15.02.2021,39956.29,17653701602.1
16.02.2021,39876.04,17606906495.06
17.02.2021,39851.4,17595564389.85
18.02.2021,39847.98,17563472056.38
19.02.2021,39799.24,17544877747.68
20.02.2021,39845.37,17560868852.47
24.02.2021,39859.98,17568430515.79
25.02.2021,39859.86,17509401074.55
26.02.2021,39799.01,17458233699.47
01.03.2021,39804.58,17441355444.57
02.03.2021,39862.41,17474979351.26
03.03.2021,39873.09,17462910969.91
04.03.2021,39866.53,17441318128.67
05.03.2021,39838.73,17439385089.13
09.03.2021,39885.36,17451086037.64
10.03.2021,39843.6,17392691026.77
11.03.2021,39811.34,17316740834.19
12.03.2021,39824.31,17286912503.88
15.03.2021,39815.16,17251192252.62
16.03.2021,39793.07,17195195523.03
17.03.2021,39763.64,17158238242.44
18.03.2021,39695.57,17087039242.78
19.03.2021,39602.32,16978344758.88
22.03.2021,39529.65,16937309767.74
23.03.2021,39407.29,16843346290.92
24.03.2021,39390.78,16789558496.94
25.03.2021,39414.54,16762344263.48
26.03.2021,39547.11,16817920665.63
29.03.2021,39615.76,16797838538.79
30.03.2021,39612.97,16747845904.03
31.03.2021,39600.98,16723112896.81
01.04.2021,39595.34,16720758609.39
02.04.2021,39611.08,16687216621.05
05.04.2021,39607.7,16782239143.19
06.04.2021,39637.45,16690976811.71
07.04.2021,39440.69,16611013396.65
08.04.2021,39420.7,16544381560.12
09.04.2021,39376.02,16493148988.11
12.04.2021,39368.67,16486287446.78
13.04.2021,39419.69,16460870308.05
14.04.2021,39494.64,16444951510.16
15.04.2021,39413.21,16344780167.85
16.04.2021,39623.84,16403161822.67
19.04.2021,39617.48,16375218799.36
20.04.2021,39626.72,16354967460.05
21.04.2021,39589.03,16244171943.98
22.04.2021,39629.27,16230349612.22
23.04.2021,39615.38,16165525817.54
26.04.2021,39688.9,16169540561.67
27.04.2021,39679.0,16122760504.29
28.04.2021,39660.45,16068663981.37
29.04.2021,39693.89,16019772523.98
30.04.2021,39729.4,16139943570.58
04.05.2021,39724.94,16114454688.0
05.05.2021,39826.88,16139962691.83
06.05.2021,39762.24,16205219447.58
07.05.2021,39789.77,16215593509.1
11.05.2021,39778.49,16247536881.1
12.05.2021,39791.77,16264897659.66
13.05.2021,39692.18,16136704363.61
14.05.2021,39739.84,16153612913.02
17.05.2021,39740.43,16132185867.39
18.05.2021,39757.58,15944405083.24
19.05.2021,39760.51,15932124368.73
20.05.2021,39714.81,15886050326.29
21.05.2021,39728.44,15849597469.66
24.05.2021,39745.07,15845887065.92
25.05.2021,39740.69,15816001138.47
26.05.2021,39763.59,15805267544.09
27.05.2021,39760.55,15796725408.2
28.05.2021,39732.84,15732662083.4
31.05.2021,39768.85,15704286527.89
01.06.2021,39772.31,15668584795.91
02.06.2021,39787.59,15656826366.27
03.06.2021,39792.69,15597542165.05
04.06.2021,39752.39,15509618826.18
07.06.2021,39713.23,15467422392.58
08.06.2021,39608.22,15375058805.92
09.06.2021,39570.27,15267698169.06
10.06.2021,39557.51,15212316500.04
11.06.2021,39680.09,15229547695.49
15.06.2021,39662.94,15156711351.28
16.06.2021,39651.4,15109355547.65
17.06.2021,39661.26,15097544606.58
18.06.2021,39727.27,15095659674.8
21.06.2021,39695.85,15031499383.43
22.06.2021,39737.62,14992029840.74
23.06.2021,39764.91,14968088955.39
24.06.2021,39805.12,14942844906.58
25.06.2021,39762.18,14888337013.17
28.06.2021,39773.57,14864688061.97
29.06.2021,39738.08,14817321794.53
30.06.2021,39734.28,14781429180.25
01.07.2021,39716.7,14735945781.09
02.07.2021,39750.1,14729673473.66
05.07.2021,39772.79,14715725073.31
06.07.2021,39761.69,14702981622.94
07.07.2021,39748.12,14670953715.6
08.07.2021,39711.42,14758441553.42
09.07.2021,39714.61,14533135863.17
12.07.2021,39699.98,14466655288.71
13.07.2021,39693.74,14409926453.59
14.07.2021,39670.42,14362400948.12
15.07.2021,39695.74,14436994449.56
16.07.2021,39689.69,14347543457.24
19.07.2021,39682.68,14315306376.9
20.07.2021,39695.38,14296537919.88
21.07.2021,39737.61,14370651300.31
22.07.2021,39870.6,14430372444.07
23.07.2021,39903.0,14405371369.77
26.07.2021,39962.6,14385795669.56
27.07.2021,40008.9,14367799122.72
28.07.2021,39997.6,14342177338.91
29.07.2021,40064.12,14293261665.53
30.07.2021,40098.68,14295776989.08
02.08.2021,40112.37,14268670532.96
03.08.2021,40119.47,14228546964.32
04.08.2021,40101.1,14215269954.34
05.08.2021,40169.54,14231762743.42
06.08.2021,40172.69,14220416621.89
09.08.2021,40171.32,14216376378.58
10.08.2021,40177.4,14199876166.46
11.08.2021,40155.29,14164497292.22
12.08.2021,40147.6,14151569641.25
13.08.2021,40174.66,14133221877.84
16.08.2021,40214.32,14135971101.64
17.08.2021,40240.9,14110042374.27
18.08.2021,40252.11,14118959420.21
19.08.2021,40206.77,14083410257.91
20.08.2021,40213.89,14072417042.59
23.08.2021,40218.32,14079217865.44
24.08.2021,40215.33,14077197904.26
25.08.2021,40230.88,14056054996.01
26.08.2021,40206.55,14057757280.1
27.08.2021,40224.76,14068893756.2
30.08.2021,40256.34,14037728171.58
31.08.2021,40259.89,14006911405.02
01.09.2021,40294.2,14023593754.42
02.09.2021,40245.77,14010003391.95
03.09.2021,40276.14,13998764667.83
06.09.2021,40278.99,13985764808.68
07.09.2021,40265.66,13969880187.41
08.09.2021,40275.56,13911970583.97
09.09.2021,40276.12,13891177791.02
10.09.2021,40312.58,13876792652.83
13.09.2021,40318.71,13867833199.31
14.09.2021,40320.99,13854124812.99
15.09.2021,40297.65,13810903238.32
16.09.2021,40308.52,13794991674.09
17.09.2021,40290.18,13745681377.64
20.09.2021,40297.69,13697062362.75
21.09.2021,40275.63,13681952105.2
22.09.2021,40308.62,13669020470.87
23.09.2021,40247.23,13633960245.26
24.09.2021,40186.26,13077113266.91
27.09.2021,40138.94,13047590236.28
28.09.2021,40137.76,13222042984.76
29.09.2021,40174.36,13207865228.63
30.09.2021,40142.69,13151409851.29
01.10.2021,40124.44,13142867270.92
04.10.2021,40084.91,13086367772.48
05.10.2021,39966.58,12994096560.47
06.10.2021,39882.58,12951333135.65
07.10.2021,39936.08,12934056095.08
08.10.2021,40043.56,12965289895.67
11.10.2021,40025.47,12907666620.12
12.10.2021,39992.28,12833451530.3
13.10.2021,40004.03,12822532312.86
14.10.2021,40026.88,12803243024.28
15.10.2021,40068.42,12754374799.85
18.10.2021,40016.7,12713861036.37
19.10.2021,40000.07,12637231930.09
20.10.2021,39986.86,12604751323.8
21.10.2021,39927.75,12538871397.12
22.10.2021,39800.16,12428235873.11
25.10.2021,39729.82,12345470778.71
26.10.2021,39634.59,12202315002.5
27.10.2021,39581.17,12169800374.8
28.10.2021,39455.99,12055697181.28
29.10.2021,39441.76,12003750977.74
01.11.2021,39406.83,11968924354.58
02.11.2021,39333.37,11763926706.14
03.11.2021,39419.13,11768603965.69
08.11.2021,39493.3,11786062699.86
09.11.2021,39565.49,11730782712.55
10.11.2021,39567.83,11714678541.65
11.11.2021,39591.7,11699822610.58
12.11.2021,39578.6,11592254472.64
15.11.2021,39507.84,11550415987.65
16.11.2021,39480.0,11500220038.3
17.11.2021,39431.67,11484260576.51
18.11.2021,39383.61,11447888441.81
19.11.2021,39301.25,11392844446.39
22.11.2021,38989.75,11245901704.9
23.11.2021,38862.98,11116106862.34
24.11.2021,38942.02,11127462426.33
25.11.2021,39040.68,11114583396.17
26.11.2021,38919.24,11070581199.73
29.11.2021,39049.61,11080460772.95
30.11.2021,38933.83,11016574776.41
01.12.2021,38944.96,10988980212.14
02.12.2021,38864.91,10934769106.71
03.12.2021,39051.84,10967434558.53
06.12.2021,38915.67,10897080469.86
07.12.2021,38816.05,10818007202.93
08.12.2021,38798.05,10783555401.22
09.12.2021,38847.58,10751823055.64
10.12.2021,38831.05,10726426008.56
13.12.2021,38795.34,10708569462.19
14.12.2021,38609.84,10621494263.75
15.12.2021,38581.8,10612370387.86
16.12.2021,38654.83,10593511390.45
17.12.2021,38748.19,10586499795.88
20.12.2021,38954.91,10623099282.47
21.12.2021,39026.95,10639968527.15
22.12.2021,39115.31,10628808929.11
23.12.2021,39173.58,10675171557.09
24.12.2021,39221.35,10677694964.05
27.12.2021,39383.87,10700943208.26
28.12.2021,39427.01,10715716091.49
29.12.2021,39503.56,10730800358.3
30.12.2021,39455.32,10719997481.49
10.01.2022,39719.79,10795196693.74
11.01.2022,39631.67,10759354232.29
12.01.2022,39570.7,10721822044.47
13.01.2022,39350.48,10660911517.49
14.01.2022,38961.38,10535383753.5
17.01.2022,38896.02,10512686904.03
18.01.2022,38537.78,10382654922.31
19.01.2022,38641.88,10387321303.94
20.01.2022,38797.03,10427966588.35
21.01.2022,38734.88,10374588748.43
24.01.2022,38388.34,10273186641.25
25.01.2022,38256.95,10216208278.07
26.01.2022,38163.0,10187282504.45
27.01.2022,38266.86,10211390750.88
28.01.2022,38473.17,10243979849.53
31.01.2022,38531.43,10244410298.43
01.02.2022,38633.77,10331987343.03
02.02.2022,38659.68,10336483072.29
03.02.2022,38626.43,10310382596.07
04.02.2022,38616.81,10315725640.11
07.02.2022,38553.92,10298690886.0
08.02.2022,38452.18,10267352195.12
09.02.2022,38406.38,10181221910.91
10.02.2022,38451.9,10189611013.16
11.02.2022,38192.51,10107380665.95
14.02.2022,37942.43,10015958285.51
15.02.2022,38014.02,10048234700.33
16.02.2022,38150.29,10073522452.84
17.02.2022,38100.27,10015169512.31
18.02.2022,37922.94,9945799656.6
21.02.2022,37407.65,9807282768.17
22.02.2022,35436.66,9255385924.8
24.02.2022,30966.82,8056779891.65
25.02.2022,32256.88,8376468595.79
01.04.2022,32844.18,8544233531.06
04.04.2022,32985.85,8517335712.63
05.04.2022,32819.41,8462916278.19
06.04.2022,32636.11,8418966239.95
07.04.2022,32419.53,8375945409.91
08.04.2022,33105.73,8555622450.59
11.04.2022,33987.61,8766418257.77
12.04.2022,33992.1,8754368502.51
13.04.2022,33914.2,8729175403.2
14.04.2022,34242.44,8818147263.88
15.04.2022,34116.23,8790653478.7
18.04.2022,34276.76,8831134645.36
19.04.2022,34587.71,8901745328.84
20.04.2022,34856.05,8935582697.1
21.04.2022,35591.07,9120150021.78
22.04.2022,35740.6,9164672049.24
25.04.2022,35342.41,9064049818.13
26.04.2022,35460.89,9115009244.31
27.04.2022,35660.69,9212445333.49
28.04.2022,35988.97,9298700783.23
29.04.2022,36042.76,9331621433.77
04.05.2022,35931.45,9561706822.87
05.05.2022,35947.34,9562357106.06
06.05.2022,35746.75,9232250388.11
11.05.2022,35677.38,9195159222.73
12.05.2022,35578.78,9158698430.03
13.05.2022,35589.29,9148331963.74
16.05.2022,35705.39,9165122852.58
17.05.2022,35686.5,9141272385.91
18.05.2022,35458.63,9078165229.53
19.05.2022,35627.15,9117934200.19
20.05.2022,35701.36,9137018568.78
23.05.2022,35632.11,9128064633.22
24.05.2022,35712.71,8980364221.33
25.05.2022,36380.96,9141762543.56
26.05.2022,37172.1,9325506440.76
27.05.2022,37020.06,9266217919.79
30.05.2022,37138.99,9298698554.12
31.05.2022,37505.23,9388787822.62
01.06.2022,37748.16,9860161499.61
02.06.2022,38169.45,9980176937.38
03.06.2022,38457.54,10073154370.49
06.06.2022,38549.42,9745754808.26
07.06.2022,38798.08,9835293821.15
08.06.2022,39129.19,9944205950.4
09.06.2022,39405.54,10098281154.26
10.06.2022,39690.17,10190656752.74
14.06.2022,39517.18,10571343382.75
15.06.2022,39603.99,10577401670.57
16.06.2022,39630.23,10197140747.83
17.06.2022,39708.27,10204179174.4
20.06.2022,39706.05,10191337740.66
21.06.2022,39775.81,10159432829.93
22.06.2022,39777.99,10120578154.05
23.06.2022,39891.8,10113183393.51
24.06.2022,39987.26,10124780575.32
27.06.2022,40076.96,10169464164.08
28.06.2022,40082.54,10176217962.25
29.06.2022,40056.61,10164597915.84
30.06.2022,39968.97,10131939614.88
01.07.2022,39969.86,10132344962.84
04.07.2022,39947.7,10129932986.24
05.07.2022,39883.67,10087125323.28
06.07.2022,39774.29,10062509666.57
07.07.2022,39798.16,10228429643.68
08.07.2022,39778.42,10223255867.36
11.07.2022,39816.54,10208191603.33
12.07.2022,39881.77,10225129253.22
13.07.2022,39888.95,10038527548.38
14.07.2022,39868.86,10029411354.04
15.07.2022,39872.71,10023005902.55
18.07.2022,39952.85,10021407408.89
19.07.2022,39953.17,9995384508.66
20.07.2022,39947.8,9995657734.43
21.07.2022,40055.77,10003620233.99
22.07.2022,40325.91,10065191291.71
25.07.2022,40528.15,10117244632.79
26.07.2022,40516.72,10103265946.01
27.07.2022,40536.49,10072661391.5
28.07.2022,40583.94,10064652846.41
29.07.2022,40601.54,10009504309.25
01.08.2022,40673.9,10015647431.8
02.08.2022,40644.01,9965546292.42
03.08.2022,40623.27,9936245458.15
04.08.2022,40573.12,9910498143.03
05.08.2022,40577.8,9914304022.54
08.08.2022,40908.31,9984903281.28
09.08.2022,40743.31,9949885051.5
10.08.2022,40767.18,9969475943.66
11.08.2022,40799.17,9980283017.1
12.08.2022,40866.25,10008389572.67
15.08.2022,40877.83,9995625213.4
16.08.2022,40888.82,9983756345.09
17.08.2022,40895.29,9920409968.76
18.08.2022,40951.24,9908313044.51
19.08.2022,41002.61,9913363485.26
22.08.2022,41000.16,10113570162.2
23.08.2022,40977.34,10103029973.0
24.08.2022,40922.32,9878894756.21
25.08.2022,41036.01,9887781557.51
26.08.2022,41016.09,9841455883.8
29.08.2022,41017.08,9818746760.48
30.08.2022,41112.31,9821338949.79
31.08.2022,41058.17,9808375338.62
01.09.2022,41112.18,9813519344.02
02.09.2022,41183.23,9819548662.67
05.09.2022,41211.57,9823759829.28
06.09.2022,41226.47,9818829033.01
07.09.2022,41347.73,9834911885.0
08.09.2022,41443.4,9851026930.81
09.09.2022,41538.7,10285640131.55
12.09.2022,41648.81,10310344872.83
13.09.2022,41730.14,9915446846.49
14.09.2022,41717.12,9930091748.51
15.09.2022,41840.32,9959466727.13
16.09.2022,42009.37,14583228478.58
19.09.2022,41940.84,14557263948.19
20.09.2022,41755.96,14461970339.6
21.09.2022,40592.56,14037590229.01
22.09.2022,41004.48,14392001609.05
23.09.2022,40488.77,14195262118.24
26.09.2022,39204.73,13694657443.68
27.09.2022,39596.23,13660119620.98
28.09.2022,40082.75,13770770882.2
29.09.2022,39959.74,13802108206.81
30.09.2022,39910.59,13766361590.2
03.10.2022,40311.68,13880166030.61
04.10.2022,40491.2,13920970133.14
05.10.2022,40608.96,13593395134.77
06.10.2022,40864.43,14003200464.8
07.10.2022,40727.21,13978152515.9
10.10.2022,40647.73,13940846962.13
11.10.2022,40909.89,13970091218.2
12.10.2022,40930.5,13580638280.97
13.10.2022,40932.51,13555999743.75
14.10.2022,40963.11,13544318477.78
17.10.2022,40982.98,13531944845.87
18.10.2022,41079.93,13548108941.48
19.10.2022,41205.05,13568335120.83
20.10.2022,41325.62,13587401718.67
21.10.2022,41348.82,13551674721.47
24.10.2022,41412.89,13574358075.17
25.10.2022,41461.1,13550772635.35
26.10.2022,41528.98,13555805483.5
27.10.2022,41568.29,13547747961.06
28.10.2022,41602.76,13523675866.27
31.10.2022,41688.17,13536710847.42
01.11.2022,41681.03,13516011208.6
02.11.2022,41661.08,13482196284.75
03.11.2022,41751.62,13472749485.52
07.11.2022,41719.57,13822195664.79
08.11.2022,41694.16,13392603583.44
09.11.2022,41665.5,13374061826.53
10.11.2022,41708.13,13359316471.32
11.11.2022,41728.92,13329892534.43
14.11.2022,41794.41,13358947370.72
15.11.2022,41780.39,13301491346.49
16.11.2022,41803.05,13277438349.66
17.11.2022,41819.06,13252296021.32
18.11.2022,41878.13,13223127249.33
21.11.2022,41946.47,13224579475.73
22.11.2022,41950.44,13185649650.96
23.11.2022,41967.97,13177176497.22
24.11.2022,41933.64,13160815259.14
25.11.2022,41917.83,13150310776.16
28.11.2022,41929.59,13241402868.64
29.11.2022,41972.94,13227062801.12
30.11.2022,42004.49,13223132820.21
01.12.2022,41975.8,13185671292.72
02.12.2022,42054.94,13174292392.71
05.12.2022,42062.48,13149340176.98
06.12.2022,41983.15,13094734216.78
07.12.2022,40407.25,12566822372.78
08.12.2022,40257.46,12523510486.46
09.12.2022,40163.92,12486295150.22
12.12.2022,40097.25,12453843225.05
13.12.2022,40293.87,12490269035.93
14.12.2022,40194.44,12435697217.11
15.12.2022,40282.6,12452500017.93
16.12.2022,40184.37,12609103724.78
19.12.2022,40209.48,12777509793.75
20.12.2022,40170.87,12783644967.48
21.12.2022,40131.95,12735028828.85
22.12.2022,40125.69,12335566332.83
23.12.2022,40103.82,12315275023.36
26.12.2022,40180.68,12339928588.47
27.12.2022,40232.58,12345257885.65
28.12.2022,40257.37,12359928499.13
29.12.2022,40325.26,12373431029.08
30.12.2022,40206.47,12332240103.9
09.01.2023,40447.52,12405503182.85
10.01.2023,40469.85,12398238762.45
11.01.2023,40466.68,12385909381.25
12.01.2023,40474.7,12376924035.46
13.01.2023,40480.14,12353865617.78
16.01.2023,40540.64,12351023992.26
17.01.2023,40527.12,12282211399.65
18.01.2023,40510.83,12248838235.67
19.01.2023,40505.96,12103702932.62
20.01.2023,40545.72,12108007256.37
23.01.2023,40595.35,12102986725.46
24.01.2023,40634.08,12086442669.26
25.01.2023,40600.0,12050739654.9
26.01.2023,40687.25,12066303742.41
27.01.2023,40786.51,12065639334.01
30.01.2023,40835.67,12061812432.71
31.01.2023,40882.32,12039186932.89
01.02.2023,40953.16,12048335497.55
02.02.2023,40973.38,12024749285.85
03.02.2023,41034.57,11984417365.77
06.02.2023,41005.69,11960637334.25
07.02.2023,40901.47,11928826065.3
08.02.2023,41336.36,12043499458.09
09.02.2023,41019.61,11927996459.76
10.02.2023,41098.24,11888566627.76
13.02.2023,41324.82,11941159437.2
14.02.2023,41314.01,11929206689.96
15.02.2023,41146.48,11854209341.8
16.02.2023,41223.13,11852756381.28
17.02.2023,41261.27,11837070493.87
20.02.2023,41254.18,11561927395.21
21.02.2023,41306.47,11569746889.39
22.02.2023,41313.69,11563852687.29
27.02.2023,41452.32,11579762316.99
28.02.2023,41412.86,11563141268.23
01.03.2023,41450.27,11555433326.17
02.03.2023,41462.85,11529506725.9
03.03.2023,41463.85,11466665181.22
06.03.2023,41459.3,11444454115.79
07.03.2023,41543.87,11413215122.78
09.03.2023,41508.47,11408540283.42
10.03.2023,41553.56,11382733206.94
13.03.2023,41549.72,11366054404.65
14.03.2023,41585.12,11373156059.48
15.03.2023,41600.14,11367059712.11
16.03.2023,41587.7,11350667704.06
17.03.2023,41609.36,11322648937.1
20.03.2023,41708.76,11334211835.11
21.03.2023,41803.18,11323037966.25
22.03.2023,41840.51,11327799611.76
23.03.2023,41909.66,11337732672.76
24.03.2023,42031.79,11362086106.46
27.03.2023,42143.07,11379830595.23
28.03.2023,42135.12,11374448378.82
29.03.2023,42128.82,11347054341.7
30.03.2023,42325.04,11401207699.29
31.03.2023,42016.48,11306517576.12
03.04.2023,42408.04,11397695170.03
04.04.2023,42450.26,11370539937.48
05.04.2023,42564.29,11366475759.04
06.04.2023,42599.18,11373268680.19
07.04.2023,42508.06,11340433659.26
10.04.2023,42554.96,11331507842.39
11.04.2023,42564.86,11311980113.35
12.04.2023,42595.42,11306828632.04
13.04.2023,42623.65,11312069131.67
14.04.2023,42626.61,11313756209.14
17.04.2023,42625.37,11272719055.52
18.04.2023,42730.9,11291367654.36
19.04.2023,42747.26,11268603971.66
20.04.2023,42785.59,11242012064.04
21.04.2023,42813.39,11201434568.83
24.04.2023,42845.62,11174051212.27
25.04.2023,42863.9,11152709189.99
26.04.2023,42875.56,11158566660.22
27.04.2023,42852.06,11138998418.77
28.04.2023,42910.15,11155732899.79
02.05.2023,42965.79,11171645336.85
03.05.2023,42988.05,11170004206.16
04.05.2023,42999.52,11620344943.54
05.05.2023,43039.97,11653093539.69
10.05.2023,43108.41,11649987131.24
11.05.2023,43129.63,11645523834.29
12.05.2023,43124.95,11161867836.51
15.05.2023,43161.23,11162657301.42
16.05.2023,43224.09,11168456604.96
17.05.2023,43228.74,11159589021.67
18.05.2023,43257.01,11135211630.94
19.05.2023,43302.62,11148646433.89
22.05.2023,43327.47,11146500920.55
23.05.2023,43373.63,11142961097.42
24.05.2023,43370.62,11129397070.34
25.05.2023,43398.09,11107395100.18
26.05.2023,43453.32,11121540918.97
29.05.2023,43504.36,11434016249.86
30.05.2023,43559.55,11420066986.85
31.05.2023,43573.18,11413827173.6
01.06.2023,43204.92,11328004950.64
02.06.2023,43210.72,11331743128.31
05.06.2023,43268.92,11314093373.31
06.06.2023,43321.69,11286135344.47
07.06.2023,43290.38,11266133929.97
08.06.2023,43285.33,11243749733.3
09.06.2023,43262.44,11219146961.21
13.06.2023,43438.33,11259479355.45
14.06.2023,43449.51,11263418470.02
15.06.2023,43509.08,11260570657.64
16.06.2023,43559.26,11225135468.11
19.06.2023,43583.81,11209972755.14
20.06.2023,43608.6,11175767344.53
21.06.2023,43540.17,11145406300.19
22.06.2023,43600.01,11169815406.2
23.06.2023,43642.99,11188846145.99
26.06.2023,43601.56,11173584158.89
27.06.2023,43626.96,11178626535.29
28.06.2023,43638.81,11177141037.87
29.06.2023,43624.32,11165075130.47
30.06.2023,43546.36,11147889510.67
03.07.2023,43655.66,11173394383.87
04.07.2023,43563.36,11140488462.77
05.07.2023,43633.03,11158543693.53
06.07.2023,43559.92,11122144856.6
07.07.2023,43594.38,11120297385.78
10.07.2023,43617.99,11097597459.94
11.07.2023,43651.43,11064222199.46
12.07.2023,43604.48,11041803072.29
13.07.2023,43616.85,11025053636.63
14.07.2023,43668.8,11018345688.89
17.07.2023,43581.86,10981044343.92
18.07.2023,43556.93,10934135843.91
19.07.2023,43530.52,10896268556.76
20.07.2023,43676.05,10922587822.82
21.07.2023,43666.76,10911765419.16
24.07.2023,43720.56,10915814817.46
25.07.2023,43760.86,10912237158.89
26.07.2023,43834.62,10908039504.32
27.07.2023,43958.72,10937677091.36
28.07.2023,44097.94,10942669566.86
31.07.2023,44212.63,10943101032.39
01.08.2023,44204.07,10926101397.76
02.08.2023,44269.78,10914572344.41
03.08.2023,44208.72,10913712847.9
04.08.2023,44267.0,10927174223.79
07.08.2023,44318.13,10889015599.19
08.08.2023,44268.38,10864090571.71
09.08.2023,44253.85,10880127387.92
10.08.2023,44213.57,10846732258.15
11.08.2023,44185.21,10842382625.37
14.08.2023,44103.49,10796722565.96
15.08.2023,43671.73,10676358014.58
16.08.2023,43799.24,10707937561.52
17.08.2023,43810.58,10701565785.29
18.08.2023,43936.77,10727524808.93
21.08.2023,43939.48,10715592367.82
22.08.2023,43993.61,10648160567.95
23.08.2023,43931.2,10647972364.56
24.08.2023,43887.09,10652682276.8
25.08.2023,43926.72,10657962111.68
28.08.2023,43919.72,10647035891.14
29.08.2023,43869.87,10616549047.51
30.08.2023,43796.94,10574278349.12
31.08.2023,43792.38,10558750599.32
01.09.2023,43801.03,10586663893.27
04.09.2023,43746.05,10571528706.96
05.09.2023,43740.73,10559992321.3
06.09.2023,43641.66,10499948655.63
07.09.2023,43393.76,10415462580.7
08.09.2023,43320.46,10377108187.81
11.09.2023,43360.25,10381844076.38
12.09.2023,43466.97,10384760622.01
13.09.2023,43594.3,10384185174.36
14.09.2023,43538.83,10355633064.58
15.09.2023,43529.66,10332037150.22
18.09.2023,43559.3,10323234288.03
19.09.2023,43560.19,10312900100.03
20.09.2023,43589.57,10294279355.45
21.09.2023,43606.06,10301073699.66
22.09.2023,43585.12,10295663299.54
25.09.2023,43594.73,10336922883.23
26.09.2023,43603.79,10336486727.04
27.09.2023,43580.76,10302593531.6
28.09.2023,43553.45,10293208504.66
29.09.2023,43524.23,10287242196.25
02.10.2023,43299.02,10218561360.75
03.10.2023,43307.73,10219845314.79
04.10.2023,43283.76,10187724318.98
05.10.2023,43091.94,10134594558.83
06.10.2023,43120.53,10107842923.77
09.10.2023,43087.84,10074577945.43
10.10.2023,43094.33,10041127894.77
11.10.2023,43128.58,10036387721.31
12.10.2023,43158.01,10006215477.5
13.10.2023,43294.9,10027431145.72
16.10.2023,43420.11,10041209441.47
17.10.2023,43471.1,10030977032.6
18.10.2023,43443.14,10005990466.42
19.10.2023,43368.94,9991352795.76
20.10.2023,43301.37,9943359381.23
23.10.2023,43342.76,9948836371.43
24.10.2023,43329.06,9917975818.59
25.10.2023,43357.73,9915225510.15
26.10.2023,43422.75,9934366241.44
27.10.2023,43363.92,9999134002.92
30.10.2023,43299.61,9975885667.81
31.10.2023,43351.24,9971156707.03
01.11.2023,43410.15,9954059294.19
02.11.2023,43470.24,9969984085.61
03.11.2023,43594.47,9990539596.43
07.11.2023,43814.8,10080302418.36
08.11.2023,43891.03,10049538696.46
09.11.2023,43912.1,10021389986.85
10.11.2023,43975.14,10060485060.16
13.11.2023,43947.15,10090484842.29
14.11.2023,43844.52,10078140158.93
15.11.2023,43844.55,10045897162.64
16.11.2023,43860.02,10056511731.68
17.11.2023,43835.04,10259494251.33
20.11.2023,43901.51,10267689854.45
21.11.2023,43844.4,10252014455.83
22.11.2023,43855.34,10235286574.88
23.11.2023,43937.24,10263758843.94
24.11.2023,43913.87,10249142025.7
27.11.2023,43903.64,10321072721.14
28.11.2023,43913.76,10311311383.99
29.11.2023,43895.7,10320412836.76
30.11.2023,43916.51,10331767895.18
01.12.2023,43999.94,10348077837.67
04.12.2023,43954.66,10325052220.84
05.12.2023,43912.97,10330882072.79
06.12.2023,43876.87,10346059871.19
07.12.2023,43804.13,10340731598.44
08.12.2023,43789.54,10307034899.44
11.12.2023,43800.88,10306054978.63
12.12.2023,43754.08,10264629313.82
13.12.2023,43750.04,10215508614.7
14.12.2023,43834.03,10252705272.44
15.12.2023,43886.51,10253589612.82
18.12.2023,44165.82,10340481571.74
19.12.2023,44308.3,10339144846.0
20.12.2023,44401.81,10379122506.18
21.12.2023,44364.76,10343184471.44
22.12.2023,44433.01,10348497002.3
25.12.2023,44498.15,10378862524.71
26.12.2023,44486.43,10361308258.46
27.12.2023,44538.86,10384718251.07
28.12.2023,44298.41,10335937657.42
29.12.2023,44027.26,10273769388.62
09.01.2024,44643.88,10429728233.73
10.01.2024,44686.19,10425977218.7
11.01.2024,44762.54,10436584638.06
12.01.2024,44724.87,10412615846.58
15.01.2024,44703.36,10414538175.92
16.01.2024,44917.63,10452450358.47
17.01.2024,44997.38,10470100135.04
18.01.2024,45038.8,10499271723.42
19.01.2024,45083.11,10491383023.04
22.01.2024,45093.0,10506926412.15
23.01.2024,45143.51,11083838090.96
24.01.2024,45122.49,11125154062.35
25.01.2024,45120.74,11113497256.19
26.01.2024,45156.99,11132891489.59
29.01.2024,45178.14,11145139648.74
30.01.2024,45188.55,11137814555.93
31.01.2024,45187.38,11135767662.78
01.02.2024,45170.63,11119022526.16
02.02.2024,45197.54,11098739140.98
05.02.2024,45248.51,11110947740.01
06.02.2024,45249.73,10703895320.45
07.02.2024,45306.35,10544576717.12
08.02.2024,45303.7,10559686279.83
09.02.2024,45248.1,10529365740.69
12.02.2024,45265.91,10509522057.16
13.02.2024,45301.22,10495384856.26
14.02.2024,45344.72,10506479934.89
15.02.2024,45273.04,10479192632.45
16.02.2024,45316.7,10486847012.2
19.02.2024,45344.57,10497755067.56
20.02.2024,45310.12,10485649260.02
21.02.2024,45280.68,10494337748.31
22.02.2024,45309.48,10494910205.79
26.02.2024,45310.84,10500233052.07
27.02.2024,45360.3,10489854099.16
28.02.2024,45354.54,10473520403.62
29.02.2024,45397.6,10476272736.4
01.03.2024,45452.96,10488308744.51
04.03.2024,45442.39,10480719233.83
05.03.2024,45409.52,10398172655.2
06.03.2024,45377.98,10369057121.43
07.03.2024,45351.14,10390773875.07
11.03.2024,45280.13,10376064107.18
12.03.2024,45352.94,10377389532.53
13.03.2024,45349.29,10366966187.44
14.03.2024,45292.58,10380900782.81
15.03.2024,45223.63,10381163338.49
18.03.2024,45172.95,10399843211.17
19.03.2024,45205.48,10430558779.65
20.03.2024,45174.94,10460365002.24
21.03.2024,45248.85,10457742190.93
22.03.2024,45277.17,10474542716.36
25.03.2024,45274.79,10455400669.86
26.03.2024,45304.92,10476962311.25
27.03.2024,45288.02,10453398363.53
28.03.2024,45340.32,10422290551.92
29.03.2024,45391.91,10416556341.92
01.04.2024,45407.66,10195867376.53
02.04.2024,45389.77,10039711726.9
03.04.2024,45390.56,10040287503.54
04.04.2024,45351.77,9970911924.64
05.04.2024,45389.72,9922903213.26
08.04.2024,45360.4,9951646491.17
09.04.2024,45385.02,9940856293.77
10.04.2024,45379.46,9916139125.51
11.04.2024,45405.85,9941769467.3
12.04.2024,45460.93,9943904758.56
15.04.2024,45464.24,9953710789.43
16.04.2024,45505.34,9926338511.27
17.04.2024,45533.83,9924694453.15
18.04.2024,45536.76,9990221238.89
19.04.2024,45569.93,9991073398.84
22.04.2024,45589.08,9978508669.52
23.04.2024,45588.87,9971239353.59
24.04.2024,45613.38,9994532822.56
25.04.2024,45595.11,9994823110.64
26.04.2024,45634.79,10008559635.01
27.04.2024,45671.56,10012561233.04
02.05.2024,45718.52,10018131154.53
03.05.2024,45763.76,10008362889.66
06.05.2024,45829.61,10022233665.05
07.05.2024,45808.85,10004025440.27
08.05.2024,45879.14,10014377225.51
13.05.2024,45914.81,10023020870.61
14.05.2024,45912.12,10016588700.29
15.05.2024,45856.72,10010156709.52
16.05.2024,45890.99,9932331481.32
17.05.2024,45904.78,9926151215.14
20.05.2024,45903.64,9933678666.04
21.05.2024,45926.81,9902983451.03
22.05.2024,45922.01,9922714192.38
23.05.2024,45899.22,9915275249.43
24.05.2024,45840.68,9894205605.37
27.05.2024,45748.55,9873149886.23
28.05.2024,45718.3,9850604646.87
29.05.2024,45734.32,9846276108.86
30.05.2024,45784.22,9861208872.86
31.05.2024,45724.82,9835966360.18
03.06.2024,45722.96,9729001986.48
04.06.2024,45769.54,9617202609.16
05.06.2024,45839.45,9656382529.11
06.06.2024,45847.33,9645374815.62
07.06.2024,45830.34,9625924997.56
10.06.2024,45916.36,9623248676.2
11.06.2024,45921.51,9563163558.72
13.06.2024,45948.77,9536990040.57
14.06.2024,45965.8,9548942926.1
17.06.2024,45905.26,9546596443.79
18.06.2024,45924.87,9523767782.26
19.06.2024,45798.95,9477830932.29
20.06.2024,45652.75,9444223628.39
21.06.2024,45676.55,9466774608.25
24.06.2024,45764.18,9476513417.97
25.06.2024,45756.8,9388225922.83
26.06.2024,45776.94,9382557252.94
27.06.2024,45815.47,9380259093.79
28.06.2024,45849.86,9382521680.39
01.07.2024,45927.54,9382059965.87
02.07.2024,45966.9,9379312683.13
03.07.2024,45939.59,9332239661.47
04.07.2024,45963.29,9322219493.42
05.07.2024,45994.47,9328715330.09
08.07.2024,45967.82,9318657038.24
09.07.2024,46001.21,9330382374.09
10.07.2024,46019.19,9332657188.21
11.07.2024,46012.6,9325839943.12
12.07.2024,46015.53,9362400486.59
15.07.2024,46084.34,9380887950.01
16.07.2024,46067.82,9373868545.44
17.07.2024,46067.74,9382719209.51
18.07.2024,46167.44,9401426371.05
19.07.2024,46157.78,9394600404.78
22.07.2024,46302.76,9369372107.1
23.07.2024,46213.39,9301396134.75
24.07.2024,46220.16,9304570884.35
25.07.2024,46252.77,9339740809.05
26.07.2024,46280.81,9325741704.23
29.07.2024,46350.33,9335046722.4
30.07.2024,46373.86,9363814858.51
31.07.2024,46409.25,9391865849.9
01.08.2024,46477.56,9417569608.52
02.08.2024,46504.61,9404395282.52
05.08.2024,46561.11,9427654455.28
06.08.2024,46594.62,9471903093.34
07.08.2024,46603.61,9493172455.04
08.08.2024,46641.52,9475387494.31
09.08.2024,46668.47,9486870401.55
12.08.2024,46761.39,9500820281.9
13.08.2024,46770.25,9506980228.62
14.08.2024,46776.55,9503358882.34
15.08.2024,46779.67,9498574242.93
16.08.2024,46775.24,9490478666.39
19.08.2024,46816.37,9452531941.08
20.08.2024,46807.77,9990936591.79
21.08.2024,46789.83,9974692477.02
22.08.2024,46821.0,10016120916.14
23.08.2024,46830.99,10014839054.72
26.08.2024,46861.67,10015800042.6
27.08.2024,46886.91,10077077330.37
28.08.2024,46885.37,10069913781.12
29.08.2024,46870.45,10050347095.05
30.08.2024,46838.46,10042628884.77
02.09.2024,46803.28,10093654404.81
03.09.2024,46735.47,10079041540.92
04.09.2024,46713.9,10077065981.76
05.09.2024,46738.69,10073788529.15
06.09.2024,46737.61,10054812717.31
09.09.2024,46835.08,10063870867.57
10.09.2024,46822.98,10016092630.04
11.09.2024,46794.25,9996611532.47
12.09.2024,46769.66,9987866867.09
13.09.2024,46821.87,9981942103.74
16.09.2024,46829.08,9975949445.92
17.09.2024,46899.74,9980891325.62
18.09.2024,46943.92,9522461393.49
19.09.2024,46900.75,9433630919.56
20.09.2024,46900.76,9413932790.17
23.09.2024,46935.41,9309329377.91
24.09.2024,46900.71,9282543260.09
25.09.2024,46978.22,9264358422.15
26.09.2024,47054.92,9273519998.61
27.09.2024,47015.43,9227667724.35
30.09.2024,47097.45,9242022560.38
01.10.2024,47129.19,9238509796.63
02.10.2024,47163.36,9251512291.54
03.10.2024,47169.52,9243542729.06
04.10.2024,47171.77,9802926569.87
07.10.2024,47179.69,9795287269.84
08.10.2024,47179.37,9771411513.18
09.10.2024,47194.22,9755235260.28
10.10.2024,47187.36,9764415653.41
11.10.2024,47187.73,9747385898.68
14.10.2024,47254.6,9767482230.96
15.10.2024,47210.67,9765183355.63
16.10.2024,47151.94,9799335775.27
17.10.2024,47162.49,9813958889.56
18.10.2024,47182.39,9823251051.33
21.10.2024,47208.14,9847700003.65
22.10.2024,47140.33,9873624618.02
23.10.2024,47147.27,9891009368.93
24.10.2024,47196.34,9844293331.36
25.10.2024,47212.07,9914348393.75
28.10.2024,47197.14,9959103938.34
29.10.2024,46979.2,9953005771.67
30.10.2024,46852.95,9939594653.68
31.10.2024,46716.69,9961721475.55
01.11.2024,46728.96,9976361653.52
02.11.2024,46723.71,9999190210.42
05.11.2024,46471.1,9945331580.55
06.11.2024,46533.15,9992991807.61
07.11.2024,46414.9,9975804346.02
08.11.2024,46374.38,9963599598.05
11.11.2024,46524.22,9987419598.94
12.11.2024,46711.35,9558214000.6
13.11.2024,46664.12,9530517081.67
14.11.2024,46654.24,9648584038.71
15.11.2024,46689.8,9674099987.27
18.11.2024,46818.72,10179587404.6
19.11.2024,46850.19,10107329112.4
20.11.2024,46881.32,9925483617.1
21.11.2024,46859.92,9919737046.83
22.11.2024,46816.22,9900784321.36
25.11.2024,46842.62,9952170759.05
26.11.2024,46755.18,9914011468.09
27.11.2024,46585.62,9881422139.96
28.11.2024,46614.62,9846607286.75
29.11.2024,46637.32,9885273108.08
02.12.2024,46644.75,9876684529.0
03.12.2024,46665.84,9793305399.89
04.12.2024,46647.93,9765507926.43
05.12.2024,46682.41,9910523266.94
06.12.2024,46785.34,9943879329.7
09.12.2024,46785.83,9990032963.74
10.12.2024,46583.32,9932231852.11
11.12.2024,46608.94,9931228622.94
12.12.2024,46509.97,9901015162.94
13.12.2024,46397.81,9884045124.27
16.12.2024,46487.98,9908075704.17
17.12.2024,46365.02,9880565936.71
18.12.2024,46374.38,9893882659.95
19.12.2024,46421.94,9923173367.95
20.12.2024,46804.55,10007058447.11
23.12.2024,47423.36,10149107604.65
24.12.2024,47564.26,9707001705.36
25.12.2024,47805.96,9773577301.67
26.12.2024,47864.54,9789812303.5
27.12.2024,47962.53,9825929127.24
28.12.2024,48093.89,9863651656.72
09.01.2025,48724.68,10017563070.43
10.01.2025,48751.76,10000951146.87
13.01.2025,48875.73,10030795074.71
14.01.2025,48854.51,10012960993.36
15.01.2025,48866.61,10090644271.94
16.01.2025,48907.44,10112323785.8
17.01.2025,49023.95,10139634549.92
20.01.2025,49021.62,10188173316.69
21.01.2025,49116.1,10250520576.54
22.01.2025,49184.6,10311839051.51
23.01.2025,49135.02,10384085230.29
24.01.2025,49182.3,10438330841.52
27.01.2025,49202.72,10468739443.28
28.01.2025,49206.47,10524933755.24
29.01.2025,49238.7,10577350806.18
30.01.2025,49328.76,10688131296.38
31.01.2025,49380.52,10768881470.61
03.02.2025,49435.67,10837256637.38
04.02.2025,49430.14,10934064072.6
05.02.2025,49376.79,10965812251.02
06.02.2025,49370.31,11522805019.59
07.02.2025,49423.09,11473998948.45
10.02.2025,49466.86,11583536202.28
11.02.2025,49538.8,11634866262.65
12.02.2025,49724.64,11729896037.24
13.02.2025,50226.77,11637026603.84
14.02.2025,50615.11,11644254323.57
17.02.2025,50470.41,11677065977.1
18.02.2025,50515.72,11818610129.76
19.02.2025,50563.56,11905681954.28
20.02.2025,50623.09,12069406556.65
21.02.2025,50688.28,12254981459.41
24.02.2025,50755.71,12342284689.08
25.02.2025,50686.13,12410266084.23
26.02.2025,50720.21,12456577831.45
27.02.2025,50919.55,12532671081.57
28.02.2025,50985.0,12637935146.0
03.03.2025,51089.68,12844688629.19
04.03.2025,51230.31,13157493069.37
05.03.2025,51374.17,13419939560.25
06.03.2025,51591.77,13558281563.85
07.03.2025,51934.07,13830979060.47
10.03.2025,52122.04,14068868259.01
11.03.2025,52056.8,14287898923.99
12.03.2025,52123.01,14515137150.05
13.03.2025,52118.94,14767064211.61
14.03.2025,52237.68,14941467254.1
17.03.2025,52474.45,15151402609.83
18.03.2025,52561.91,15341951829.38
19.03.2025,52675.96,15646217979.32
20.03.2025,52665.95,16018675341.66
21.03.2025,52695.4,16296343177.55
24.03.2025,52724.19,16480683932.64
25.03.2025,52729.34,16689099642.88
26.03.2025,52728.39,16881679587.69
27.03.2025,52638.56,17039573985.63
28.03.2025,52646.12,17140757256.97
31.03.2025,52602.05,17217744697.09
01.04.2025,52679.44,17426880653.72
02.04.2025,52684.1,17648720082.57
03.04.2025,52675.79,17962933218.94
04.04.2025,52537.96,18076114718.29
07.04.2025,52165.52,18116875940.49
08.04.2025,52412.57,18425803011.25
09.04.2025,52272.87,18429515623.16
10.04.2025,52481.15,18522185611.4
11.04.2025,52695.63,18721153268.53
14.04.2025,52844.96,18954150044.32
15.04.2025,52809.54,19103552314.1
16.04.2025,52846.83,19303976652.47
17.04.2025,52979.66,19554919550.81
18.04.2025,52885.52,19695006432.21
21.04.2025,53081.71,19984259902.19
22.04.2025,53164.29,20255842434.13
23.04.2025,53191.52,20599381240.63
24.04.2025,53319.27,21052988995.31
25.04.2025,53437.87,21395471327.32
28.04.2025,53523.02,21835847142.51
29.04.2025,53472.56,22228123964.52
30.04.2025,53516.18,22392926010.45
05.05.2025,53543.82,23287509284.33
06.05.2025,53577.8,23720440159.07
07.05.2025,53650.6,24064155096.49
12.05.2025,54071.27,24552685751.0
13.05.2025,53985.38,24893976487.67
14.05.2025,54025.14,25839161264.48
15.05.2025,54010.76,26682590325.76
16.05.2025,54055.03,27998798996.35
19.05.2025,54143.34,29523549635.06
20.05.2025,54123.7,30828732362.61
21.05.2025,54120.28,31822660785.71
22.05.2025,54100.63,33077932422.2
23.05.2025,54174.01,34388727799.63
26.05.2025,54172.75,35253067284.82
27.05.2025,54196.67,36271896718.86
28.05.2025,54340.58,37070906326.86
29.05.2025,54564.69,38426229542.84
30.05.2025,54951.44,39479477846.24
02.06.2025,55234.17,40592664116.8
03.06.2025,55360.52,42139888619.98
04.06.2025,55660.87,43882244452.45
05.06.2025,55784.51,45572456009.54
06.06.2025,55795.89,47741054225.05
09.06.2025,55819.91,49726479909.33
10.06.2025,55987.72,52214811733.62
11.06.2025,56088.53,54219003521.25
16.06.2025,56220.1,56053450530.85
17.06.2025,56200.53,57900955929.78
18.06.2025,56267.09,59598925248.11
19.06.2025,56419.99,61747996368.13
20.06.2025,56500.92,63380197491.22
23.06.2025,56508.56,65023325854.42
24.06.2025,56550.87,67058754794.87
25.06.2025,56681.22,69063312725.78
26.06.2025,56787.19,70613296449.46
27.06.2025,56947.68,72207309526.95
30.06.2025,57165.84,73875282899.48
01.07.2025,57214.47,76884957850.2
02.07.2025,57333.68,79757733504.06
03.07.2025,57456.33,82509501623.3
04.07.2025,57453.14,85185680801.17
07.07.2025,57518.75,87317049064.08
08.07.2025,57551.58,90464546501.86
09.07.2025,57506.27,92701337592.22
10.07.2025,57569.85,95858504158.49
11.07.2025,57650.85,98883358278.65
14.07.2025,57750.64,101658806453.69
15.07.2025,58108.23,104929924123.34
16.07.2025,58453.27,107973156714.26
17.07.2025,58677.32,110924402359.25
18.07.2025,58792.34,114349388408.46
21.07.2025,58957.98,118140859776.16
22.07.2025,58847.27,121654053418.12
23.07.2025,58965.79,126214441594.01
24.07.2025,59089.42,130347976308.64
25.07.2025,59194.41,134425308936.62
28.07.2025,59386.15,137598373906.67
29.07.2025,59252.75,139708208293.09
30.07.2025,59351.46,142086702397.89
31.07.2025,59393.12,144363882229.61
01.08.2025,59320.75,147310372197.33
04.08.2025,59380.35,150058826425.68
05.08.2025,59439.95,152611232956.01
06.08.2025,59478.87,154757086069.91
07.08.2025,59710.13,157254668895.23
08.08.2025,59857.19,159882694362.87
11.08.2025,60163.24,162423537136.06
12.08.2025,60241.03,164437132147.49
13.08.2025,60231.07,166852661025.75
14.08.2025,60260.97,169104086064.43
15.08.2025,60455.13,171132393715.83
18.08.2025,60581.36,173374694603.7
19.08.2025,60782.07,175911754701.92
20.08.2025,60634.4,177996214407.4
21.08.2025,60438.66,180651366271.52
22.08.2025,60483.22,183543014927.86
25.08.2025,60525.48,186081635503.86
26.08.2025,60472.15,187608407801.65
27.08.2025,60452.76,189332272095.77
28.08.2025,60430.0,190375993683.26
29.08.2025,60368.03,191820945686.26
01.09.2025,60556.5,194012847387.06
02.09.2025,60529.55,195119845832.47
03.09.2025,60614.61,196343312223.52
04.09.2025,60921.39,199080758502.18
05.09.2025,60944.03,200288439552.88
08.09.2025,61118.64,202730094022.59
09.09.2025,61021.27,205177199698.4
10.09.2025,60927.27,207039837749.27
11.09.2025,60866.9,209020782588.81
12.09.2025,60710.61,210268047149.6
15.09.2025,60626.02,211917029293.32
16.09.2025,60528.34,212960672604.84
17.09.2025,60526.15,213495489733.02
18.09.2025,60520.32,213073928313.42
19.09.2025,60302.38,212253558037.15
22.09.2025,60293.63,212009741956.6
23.09.2025,60289.48,211091833446.6
24.09.2025,60190.34,208991255847.66
25.09.2025,59989.76,207646287798.46
26.09.2025,60040.07,206381973939.28
29.09.2025,60018.56,204689579095.37
30.09.2025,59841.53,201611063625.21
01.10.2025,60011.46,201631288258.92
02.10.2025,59823.04,200019792872.41
03.10.2025,59863.08,198878745991.19
06.10.2025,59946.65,198248213307.4
07.10.2025,59967.17,197614631001.8
08.10.2025,59851.82,196399568713.06
09.10.2025,59647.65,195608997944.51
10.10.2025,59741.79,194897631027.09
13.10.2025,59831.92,194107622257.26
14.10.2025,59815.24,192400167343.88
15.10.2025,59835.77,191858735827.64
16.10.2025,60275.26,193038179116.07
17.10.2025,60853.27,194772370157.78
20.10.2025,60856.43,194003141758.14
21.10.2025,60708.7,193470868192.55
22.10.2025,60578.87,192867220182.19
23.10.2025,60353.79,192106494549.25
24.10.2025,60437.07,191874583029.38
27.10.2025,60234.9,191240674931.27
28.10.2025,60406.0,191219491510.07
29.10.2025,60515.51,192864203720.02
30.10.2025,60985.73,194297887820.89
31.10.2025,60954.85,194014986255.48
01.11.2025,61056.52,194426561944.57
05.11.2025,61248.85,195178157552.24
06.11.2025,61268.15,195102601038.17
07.11.2025,61311.7,195398998118.33
10.11.2025,61538.32,196382460664.41
11.11.2025,61707.15,197773942768.87
12.11.2025,61940.92,198962089183.75
13.11.2025,62049.96,199528208831.58
14.11.2025,61948.45,200049472487.0
17.11.2025,62036.9,200892746761.82
18.11.2025,62044.58,201205491504.87
19.11.2025,62066.3,202015438788.69
20.11.2025,62186.87,203115134148.3
21.11.2025,62296.7,204067859646.9
24.11.2025,62321.4,204769037382.72
25.11.2025,62269.36,205637302605.75
26.11.2025,62096.63,206562235976.73
27.11.2025,62024.7,207528372911.98
28.11.2025,62024.45,208870348261.71
01.12.2025,62152.4,210064259796.78
02.12.2025,62147.88,210840895998.2
03.12.2025,62148.22,211550891048.6
04.12.2025,62426.86,212940229974.74
05.12.2025,62543.6,214004093632.81
08.12.2025,62599.35,214871916510.98
09.12.2025,62477.7,215481584618.87
10.12.2025,62507.19,216598287619.11
11.12.2025,62673.54,218191418407.1
12.12.2025,62789.13,219639169784.66
15.12.2025,62776.23,220498979698.18
16.12.2025,62773.61,221232149917.15
17.12.2025,62797.1,222117915973.69
18.12.2025,62911.92,223422796325.72
19.12.2025,62816.17,224157314491.71
22.12.2025,62662.18,224352080295.64
23.12.2025,62544.24,224678939758.01
24.12.2025,62514.36,224974325407.39
25.12.2025,62332.81,224843951060.94
26.12.2025,62360.28,225339297492.23
29.12.2025,62587.13,226493005414.02
30.12.2025,62624.49,227022301686.21
12.01.2026,63010.81,228617726334.49
13.01.2026,62802.67,228344854203.09
14.01.2026,62816.62,228543373654.33
15.01.2026,62724.47,228400202769.92
16.01.2026,62834.83,228913964376.76
19.01.2026,62911.46,229634920205.44
20.01.2026,62853.25,229829388182.86
21.01.2026,62871.22,229910818096.2
22.01.2026,62926.43,230493458559.04
23.01.2026,62969.76,230542567845.76
26.01.2026,62933.91,230954567731.89
27.01.2026,62947.4,230847144029.0
28.01.2026,62973.88,231010898724.77
29.01.2026,63088.05,231822637630.16
30.01.2026,63126.75,232192332602.51
02.02.2026,63158.09,232463572754.88
03.02.2026,63184.14,232539276456.15
04.02.2026,63197.41,232713791167.54
05.02.2026,63137.9,232686877972.15
06.02.2026,63051.08,233123730543.86
09.02.2026,63069.93,233301438163.5
10.02.2026,62922.44,232526996207.44
11.02.2026,62941.51,232896837814.0
12.02.2026,63264.72,233908076031.21
13.02.2026,63709.16,235685292268.02
16.02.2026,64064.11,236916800095.63
17.02.2026,64063.54,236806437504.74
18.02.2026,64176.03,237405873148.55
19.02.2026,64313.73,238155683052.37
20.02.2026,64217.69,238489037413.67
24.02.2026,64286.67,239290309804.6
25.02.2026,64259.7,239619256671.28
26.02.2026,64192.99,240267889102.05
27.02.2026,64231.91,241533008359.35
02.03.2026,64302.71,242569914248.14
03.03.2026,64312.22,243224352030.05
04.03.2026,64279.66,243553803530.59
05.03.2026,64307.94,244393209716.72
06.03.2026,64321.67,245323124759.05
10.03.2026,64470.98,246589413760.75
11.03.2026,64441.98,246907056985.76
12.03.2026,64676.18,248212223204.91
13.03.2026,64954.58,250255071295.46
16.03.2026,65153.29,251999997457.29
17.03.2026,65061.87,252675799032.3
18.03.2026,65054.13,253607323112.06
19.03.2026,64986.55,254710669712.87
20.03.2026,65099.72,256598199698.75
23.03.2026,65087.58,257878592947.93
24.03.2026,65110.02,258689211635.62
25.03.2026,65154.06,259259945520.31
26.03.2026,65113.34,259671517642.61
27.03.2026,65111.62,260954366693.22
30.03.2026,65235.99,262556400861.76
31.03.2026,65255.42,263083878156.28
01.04.2026,65279.14,263845308282.86
02.04.2026,65276.1,264738536603.86
03.04.2026,65215.14,265037333042.3
06.04.2026,65269.78,266754234191.66
07.04.2026,65221.83,267447548809.27
08.04.2026,65216.34,268152086838.64
09.04.2026,65169.22,269168893602.74
10.04.2026,65340.51,270860321934.32
13.04.2026,65448.32,272683245709.25
14.04.2026,65389.36,273339706233.27
15.04.2026,65529.97,275132808118.25
16.04.2026,65904.75,277934157341.7
17.04.2026,65925.99,279152309477.41
20.04.2026,66069.81,282055054592.9
21.04.2026,66089.65,284404384750.8
22.04.2026,66302.62,287227801037.32
23.04.2026,66414.85,289752445309.28
24.04.2026,66161.88,290978992044.19
27.04.2026,66085.64,293201606677.78
28.04.2026,66014.09,295716036859.06
29.04.2026,66107.9,298816377991.34
30.04.2026,66223.48,300986586256.67
04.05.2026,66313.73,303325151724.54
05.05.2026,66268.66,304581074158.66
06.05.2026,66244.72,305973241914.23
07.05.2026,66253.36,307259485958.87
08.05.2026,66226.6,308265139605.52
12.05.2026,66378.61,310163894173.66
13.05.2026,66393.68,311745431166.05
14.05.2026,66367.76,312890189871.47
15.05.2026,66404.29,314249291984.26
18.05.2026,66419.46,316091327324.25
19.05.2026,66411.64,317428021980.18
20.05.2026,66415.39,318843912951.8
21.05.2026,66473.37,321010230891.09
22.05.2026,66498.16,321894104727.79
25.05.2026,66522.67,323389732240.97
26.05.2026,66428.12,324332997786.84
27.05.2026,66461.74,325369647066.02
28.05.2026,66528.45,327113534772.02
29.05.2026,66503.29,328166676475.39
01.06.2026,66495.78,328900588204.66
02.06.2026,66571.77,330736612207.41
03.06.2026,66702.72,331763232994.92
04.06.2026,66751.33,332808588582.1
05.06.2026,66794.13,333643637563.93
08.06.2026,66625.33,333653412595.88
09.06.2026,66542.29,333869342353.07
10.06.2026,66593.43,334780914648.69
11.06.2026,66603.24,335442004802.84
15.06.2026,66738.66,337100419352.71
16.06.2026,66704.29,337328306471.44
17.06.2026,66655.66,337486433304.5
18.06.2026,66618.21,337945450172.41
19.06.2026,66366.02,337138031573.37
22.06.2026,65666.81,334120504176.9
23.06.2026,65550.2,332501109497.17
24.06.2026,65521.53,331145496728.94
25.06.2026,64807.36,326375144377.57
26.06.2026,64171.19,321809298092.67
29.06.2026,64600.01,322076576401.55
30.06.2026,64632.14,317289526324.41
01.07.2026,64297.63,313572182621.74
02.07.2026,64084.25,311575904809.08
03.07.2026,63716.34,308779717480.1
06.07.2026,63723.05,307378198406.55
07.07.2026,63357.51,302570450910.48
08.07.2026,64185.95,303106423176.87
09.07.2026,64488.94,301011512153.79
10.07.2026,64468.12,298413106612.34
13.07.2026,64223.36,296842611474.91
14.07.2026,64193.36,295521992560.47
15.07.2026,63889.83,293247273034.79
16.07.2026,63469.13,290472871240.82
17.07.2026,63267.16,288594822068.89
20.07.2026,63292.07,287385465057.63
21.07.2026,63952.31,287505566156.04
22.07.2026,64249.67,287659342082.69
23.07.2026,64323.58,285916352901.12
24.07.2026,65078.06,288720556341.29
27.07.2026,65574.25,290457692859.9
28.07.2026,65578.75,289958614868.09
29.07.2026,65952.85,290450946528.27
30.07.2026,66248.56,291016195932.37
31.07.2026,66003.5,289548348590.84
03.08.2026,66007.42,289091217295.12
04.08.2026,65955.55,287913837758.32
05.08.2026,66094.16,287938427341.14
06.08.2026,66144.75,286871783033.51
07.08.2026,66148.7,286304942709.21
10.08.2026,66230.35,286387254347.54
11.08.2026,66314.29,286340877206.12
12.08.2026,66424.04,286283894668.19
13.08.2026,66086.06,284121773530.02
14.08.2026,65650.31,281863026961.84
17.08.2026,65214.28,279691157807.28
18.08.2026,65412.23,279006928451.45
19.08.2026,65295.0,277341876729.89
20.08.2026,65424.08,276678576743.98
21.08.2026,65334.81,275563637401.6
24.08.2026,65151.85,274150477724.38
25.08.2026,65498.41,274577579273.14
